algorithm,trial,seed,evaluations,best_penalized_fitness
APO,1,2022,100,0.019735456089086285
APO,1,2022,200,0.019735456089086285
APO,1,2022,300,0.019735456089086285
APO,1,2022,400,0.019735456089086285
APO,1,2022,500,0.019735456089086285
APO,1,2022,600,0.019735454309217533
APO,1,2022,700,0.015380710325332616
APO,1,2022,800,0.015380710325332616
APO,1,2022,900,0.015380710325332616
APO,1,2022,1000,0.01321238182498525
APO,1,2022,1100,0.01321238182498525
APO,1,2022,1200,0.01321238182498525
APO,1,2022,1300,0.01321238182498525
APO,1,2022,1400,0.01321238182498525
APO,1,2022,1500,0.01321238182498525
APO,1,2022,1600,0.01321238182498525
APO,1,2022,1700,0.01302949995557062
APO,1,2022,1800,0.01302949995557062
APO,1,2022,1900,0.01302949995557062
APO,1,2022,2000,0.01302949995557062
APO,1,2022,2100,0.01302949995557062
APO,1,2022,2200,0.01302949995557062
APO,1,2022,2300,0.01302949995557062
APO,1,2022,2400,0.01302949995557062
APO,1,2022,2500,0.01302949995557062
APO,1,2022,2600,0.01302949995557062
APO,1,2022,2700,0.01302949995557062
APO,1,2022,2800,0.01302949995557062
APO,1,2022,2900,0.01302949995557062
APO,1,2022,3000,0.01302949995557062
APO,1,2022,3100,0.01302949995557062
APO,1,2022,3200,0.01302949995557062
APO,1,2022,3300,0.01302949995557062
APO,1,2022,3400,0.01302949995557062
APO,1,2022,3500,0.01302949995557062
APO,1,2022,3600,0.01302949995557062
APO,1,2022,3700,0.01302949995557062
APO,1,2022,3800,0.01302949995557062
APO,1,2022,3900,0.01302949995557062
APO,1,2022,4000,0.01302949995557062
APO,1,2022,4100,0.01302949995557062
APO,1,2022,4200,0.01302949995557062
APO,1,2022,4300,0.01302949995557062
APO,1,2022,4400,0.01302949995557062
APO,1,2022,4500,0.01302949995557062
APO,1,2022,4600,0.01302949995557062
APO,1,2022,4700,0.01302949995557062
APO,1,2022,4800,0.01302949995557062
APO,1,2022,4900,0.01302949995557062
APO,1,2022,5000,0.01302949995557062
APO,1,2022,5100,0.01302949995557062
APO,1,2022,5200,0.01302949995557062
APO,1,2022,5300,0.012704268920015293
APO,1,2022,5400,0.012704268920015293
APO,1,2022,5500,0.012704268920015293
APO,1,2022,5600,0.012704268920015293
APO,1,2022,5700,0.012704268920015293
APO,1,2022,5800,0.012704268920015293
APO,1,2022,5900,0.012704268920015293
APO,1,2022,6000,0.012704268920015293
APO,1,2022,6100,0.012704268920015293
APO,1,2022,6200,0.012704268920015293
APO,1,2022,6300,0.012704268920015293
APO,1,2022,6400,0.012704268920015293
APO,1,2022,6500,0.012704268920015293
APO,1,2022,6600,0.012704268920015293
APO,1,2022,6700,0.012704268920015293
APO,1,2022,6800,0.012704268920015293
APO,1,2022,6900,0.012704268920015293
APO,1,2022,7000,0.012704268920015293
APO,1,2022,7100,0.012704268920015293
APO,1,2022,7200,0.012704268920015293
APO,1,2022,7300,0.012704268920015293
APO,1,2022,7400,0.012704268920015293
APO,1,2022,7500,0.012704268920015293
APO,1,2022,7600,0.012704268920015293
APO,1,2022,7700,0.012704268920015293
APO,1,2022,7800,0.012704268920015293
APO,1,2022,7900,0.012704268920015293
APO,1,2022,8000,0.012704268920015293
APO,1,2022,8100,0.012704268920015293
APO,1,2022,8200,0.012704268920015293
APO,1,2022,8300,0.012704268920015293
APO,1,2022,8400,0.012704268920015293
APO,1,2022,8500,0.012704268920015293
APO,1,2022,8600,0.012700826229218469
APO,1,2022,8700,0.012700826229218469
APO,1,2022,8800,0.012699628294027461
APO,1,2022,8900,0.012699628294027461
APO,1,2022,9000,0.012699628294027461
APO,1,2022,9100,0.012699628294027461
APO,1,2022,9200,0.012699628294027461
APO,1,2022,9300,0.012696980757756044
APO,1,2022,9400,0.012696980757756044
APO,1,2022,9500,0.012696980757756044
APO,1,2022,9600,0.012695838052008449
APO,1,2022,9700,0.012695838052008449
APO,1,2022,9800,0.012695838052008449
APO,1,2022,9900,0.012695838052008449
APO,1,2022,10000,0.012695838052008449
APO-wr,1,2022,100,0.019735456089086285
APO-wr,1,2022,200,0.019735456089086285
APO-wr,1,2022,300,0.019735456089086285
APO-wr,1,2022,400,0.019735456089086285
APO-wr,1,2022,500,0.019735456089086285
APO-wr,1,2022,600,0.019735456089086285
APO-wr,1,2022,700,0.01654706992045777
APO-wr,1,2022,800,0.01654706992045777
APO-wr,1,2022,900,0.013725763841337718
APO-wr,1,2022,1000,0.013725763841337718
APO-wr,1,2022,1100,0.013725763841337718
APO-wr,1,2022,1200,0.013725763841337718
APO-wr,1,2022,1300,0.013725763841337718
APO-wr,1,2022,1400,0.013725763841337718
APO-wr,1,2022,1500,0.013725763841337718
APO-wr,1,2022,1600,0.013725763841337718
APO-wr,1,2022,1700,0.013491375464898966
APO-wr,1,2022,1800,0.013267767935225352
APO-wr,1,2022,1900,0.013267767935225352
APO-wr,1,2022,2000,0.013267767935225352
APO-wr,1,2022,2100,0.013267767935225352
APO-wr,1,2022,2200,0.013267767935225352
APO-wr,1,2022,2300,0.013267767935225352
APO-wr,1,2022,2400,0.013267767935225352
APO-wr,1,2022,2500,0.013267767935225352
APO-wr,1,2022,2600,0.013267767935225352
APO-wr,1,2022,2700,0.013267767935225352
APO-wr,1,2022,2800,0.013267767935225352
APO-wr,1,2022,2900,0.013267767935225352
APO-wr,1,2022,3000,0.013267767935225352
APO-wr,1,2022,3100,0.013267767935225352
APO-wr,1,2022,3200,0.013267767935225352
APO-wr,1,2022,3300,0.013267767935225352
APO-wr,1,2022,3400,0.013267767935225352
APO-wr,1,2022,3500,0.01326436913517572
APO-wr,1,2022,3600,0.01326436913517572
APO-wr,1,2022,3700,0.013148393447417852
APO-wr,1,2022,3800,0.013148393447417852
APO-wr,1,2022,3900,0.013148393447417852
APO-wr,1,2022,4000,0.013148393447417852
APO-wr,1,2022,4100,0.013148393447417852
APO-wr,1,2022,4200,0.013148393447417852
APO-wr,1,2022,4300,0.013148393447417852
APO-wr,1,2022,4400,0.012921549916391262
APO-wr,1,2022,4500,0.012921549916391262
APO-wr,1,2022,4600,0.012921549916391262
APO-wr,1,2022,4700,0.012921549916391262
APO-wr,1,2022,4800,0.012921549916391262
APO-wr,1,2022,4900,0.012921549916391262
APO-wr,1,2022,5000,0.012921549916391262
APO-wr,1,2022,5100,0.012921549916391262
APO-wr,1,2022,5200,0.012921549916391262
APO-wr,1,2022,5300,0.012921549916391262
APO-wr,1,2022,5400,0.01288900863967337
APO-wr,1,2022,5500,0.01288900863967337
APO-wr,1,2022,5600,0.01288900863967337
APO-wr,1,2022,5700,0.01288900863967337
APO-wr,1,2022,5800,0.01288900863967337
APO-wr,1,2022,5900,0.01288900863967337
APO-wr,1,2022,6000,0.01288900863967337
APO-wr,1,2022,6100,0.01288900863967337
APO-wr,1,2022,6200,0.01288900863967337
APO-wr,1,2022,6300,0.01288900863967337
APO-wr,1,2022,6400,0.01288900863967337
APO-wr,1,2022,6500,0.01288900863967337
APO-wr,1,2022,6600,0.01288900863967337
APO-wr,1,2022,6700,0.012872684667129299
APO-wr,1,2022,6800,0.012872684667129299
APO-wr,1,2022,6900,0.012872684667129299
APO-wr,1,2022,7000,0.012872684667129299
APO-wr,1,2022,7100,0.012872684667129299
APO-wr,1,2022,7200,0.012858904838691485
APO-wr,1,2022,7300,0.012858904838691485
APO-wr,1,2022,7400,0.012858904838691485
APO-wr,1,2022,7500,0.012858904838691485
APO-wr,1,2022,7600,0.012858904838691485
APO-wr,1,2022,7700,0.012858904838691485
APO-wr,1,2022,7800,0.012858904838691485
APO-wr,1,2022,7900,0.012858904838691485
APO-wr,1,2022,8000,0.012858904838691485
APO-wr,1,2022,8100,0.012792010447312537
APO-wr,1,2022,8200,0.012792010447312537
APO-wr,1,2022,8300,0.012792010447312537
APO-wr,1,2022,8400,0.012792010447312537
APO-wr,1,2022,8500,0.012792010447312537
APO-wr,1,2022,8600,0.012782374329423222
APO-wr,1,2022,8700,0.012782374329423222
APO-wr,1,2022,8800,0.012782374329423222
APO-wr,1,2022,8900,0.012782374329423222
APO-wr,1,2022,9000,0.012761950402205709
APO-wr,1,2022,9100,0.012761950402205709
APO-wr,1,2022,9200,0.012761950402205709
APO-wr,1,2022,9300,0.012752192780290621
APO-wr,1,2022,9400,0.012752192780290621
APO-wr,1,2022,9500,0.012752192780290621
APO-wr,1,2022,9600,0.012752192780290621
APO-wr,1,2022,9700,0.012752192780290621
APO-wr,1,2022,9800,0.012751844030949868
APO-wr,1,2022,9900,0.012751844030949868
APO-wr,1,2022,10000,0.012751726775618824
APO-DE,1,2022,100,0.019735456089086285
APO-DE,1,2022,200,0.019735456089086285
APO-DE,1,2022,300,0.019735456089086285
APO-DE,1,2022,400,0.013312071823567457
APO-DE,1,2022,500,0.013312071823567457
APO-DE,1,2022,600,0.013312071823567457
APO-DE,1,2022,700,0.013312071823567457
APO-DE,1,2022,800,0.013312071823567457
APO-DE,1,2022,900,0.013312071823567457
APO-DE,1,2022,1000,0.013312071823567457
APO-DE,1,2022,1100,0.013312071823567457
APO-DE,1,2022,1200,0.013312071823567457
APO-DE,1,2022,1300,0.013312071823567457
APO-DE,1,2022,1400,0.013312071823567457
APO-DE,1,2022,1500,0.013176833364161906
APO-DE,1,2022,1600,0.013176833364161906
APO-DE,1,2022,1700,0.013176833364161906
APO-DE,1,2022,1800,0.013176833364161906
APO-DE,1,2022,1900,0.013176833364161906
APO-DE,1,2022,2000,0.013176833364161906
APO-DE,1,2022,2100,0.013176833364161906
APO-DE,1,2022,2200,0.013176833364161906
APO-DE,1,2022,2300,0.013176833364161906
APO-DE,1,2022,2400,0.013176833364161906
APO-DE,1,2022,2500,0.013176833364161906
APO-DE,1,2022,2600,0.013176833364161906
APO-DE,1,2022,2700,0.013176833364161906
APO-DE,1,2022,2800,0.013176833364161906
APO-DE,1,2022,2900,0.013176833364161906
APO-DE,1,2022,3000,0.013176833364161906
APO-DE,1,2022,3100,0.013176833364161906
APO-DE,1,2022,3200,0.013176833364161906
APO-DE,1,2022,3300,0.013176833364161906
APO-DE,1,2022,3400,0.013176833364161906
APO-DE,1,2022,3500,0.013176833364161906
APO-DE,1,2022,3600,0.013176833364161906
APO-DE,1,2022,3700,0.013176833364161906
APO-DE,1,2022,3800,0.013176833364161906
APO-DE,1,2022,3900,0.013176833364161906
APO-DE,1,2022,4000,0.013176833364161906
APO-DE,1,2022,4100,0.013097664492921303
APO-DE,1,2022,4200,0.013097664492921303
APO-DE,1,2022,4300,0.013097664492921303
APO-DE,1,2022,4400,0.013097664492921303
APO-DE,1,2022,4500,0.013097664492921303
APO-DE,1,2022,4600,0.013097664492921303
APO-DE,1,2022,4700,0.013097664492921303
APO-DE,1,2022,4800,0.013097664492921303
APO-DE,1,2022,4900,0.013097664492921303
APO-DE,1,2022,5000,0.013097664492921303
APO-DE,1,2022,5100,0.013097664492921303
APO-DE,1,2022,5200,0.013097664492921303
APO-DE,1,2022,5300,0.013097664492921303
APO-DE,1,2022,5400,0.013097664492921303
APO-DE,1,2022,5500,0.013097664492921303
APO-DE,1,2022,5600,0.013097664492921303
APO-DE,1,2022,5700,0.013097664492921303
APO-DE,1,2022,5800,0.012896627699479133
APO-DE,1,2022,5900,0.012896627699479133
APO-DE,1,2022,6000,0.012896627699479133
APO-DE,1,2022,6100,0.012896627699479133
APO-DE,1,2022,6200,0.012896627699479133
APO-DE,1,2022,6300,0.012896627699479133
APO-DE,1,2022,6400,0.012896627699479133
APO-DE,1,2022,6500,0.012896627699479133
APO-DE,1,2022,6600,0.012896627699479133
APO-DE,1,2022,6700,0.012847507520615946
APO-DE,1,2022,6800,0.012750290555857493
APO-DE,1,2022,6900,0.012750290555857493
APO-DE,1,2022,7000,0.012750290555857493
APO-DE,1,2022,7100,0.01274879345464986
APO-DE,1,2022,7200,0.01274879345464986
APO-DE,1,2022,7300,0.01274879345464986
APO-DE,1,2022,7400,0.01274879345464986
APO-DE,1,2022,7500,0.01274879345464986
APO-DE,1,2022,7600,0.01274879345464986
APO-DE,1,2022,7700,0.01274879345464986
APO-DE,1,2022,7800,0.012732902086178935
APO-DE,1,2022,7900,0.01270019200990781
APO-DE,1,2022,8000,0.01270019200990781
APO-DE,1,2022,8100,0.01270019200990781
APO-DE,1,2022,8200,0.01270019200990781
APO-DE,1,2022,8300,0.01270019200990781
APO-DE,1,2022,8400,0.01270019200990781
APO-DE,1,2022,8500,0.01270019200990781
APO-DE,1,2022,8600,0.01270019200990781
APO-DE,1,2022,8700,0.01270019200990781
APO-DE,1,2022,8800,0.01270019200990781
APO-DE,1,2022,8900,0.01270019200990781
APO-DE,1,2022,9000,0.01270005109271909
APO-DE,1,2022,9100,0.01270005109271909
APO-DE,1,2022,9200,0.01270005109271909
APO-DE,1,2022,9300,0.01270005109271909
APO-DE,1,2022,9400,0.01269984226721928
APO-DE,1,2022,9500,0.01269984226721928
APO-DE,1,2022,9600,0.01269984226721928
APO-DE,1,2022,9700,0.01269969610072666
APO-DE,1,2022,9800,0.01269821095235708
APO-DE,1,2022,9900,0.01269821095235708
APO-DE,1,2022,10000,0.01269821095235708
APO-LS,1,2022,100,0.019735456089086285
APO-LS,1,2022,200,0.019735456089086285
APO-LS,1,2022,300,0.019735456089086285
APO-LS,1,2022,400,0.019735456089086285
APO-LS,1,2022,500,0.019735456089086285
APO-LS,1,2022,600,0.019735456089086285
APO-LS,1,2022,700,0.019735456089086285
APO-LS,1,2022,800,0.019735455907486706
APO-LS,1,2022,900,0.013323850201084954
APO-LS,1,2022,1000,0.013323850201084954
APO-LS,1,2022,1100,0.013323850201084954
APO-LS,1,2022,1200,0.013323850201084954
APO-LS,1,2022,1300,0.013323850201084954
APO-LS,1,2022,1400,0.013323850201084954
APO-LS,1,2022,1500,0.013323850201084954
APO-LS,1,2022,1600,0.013323850201084954
APO-LS,1,2022,1700,0.013166145059669117
APO-LS,1,2022,1800,0.013166145059669117
APO-LS,1,2022,1900,0.013166145059669117
APO-LS,1,2022,2000,0.013166145059669117
APO-LS,1,2022,2100,0.013166145059669117
APO-LS,1,2022,2200,0.013166145059669117
APO-LS,1,2022,2300,0.013166145059669117
APO-LS,1,2022,2400,0.013166145059669117
APO-LS,1,2022,2500,0.013166145059669117
APO-LS,1,2022,2600,0.013166145059669117
APO-LS,1,2022,2700,0.013166145059669117
APO-LS,1,2022,2800,0.013166145059669117
APO-LS,1,2022,2900,0.012947938968464445
APO-LS,1,2022,3000,0.012947938968464445
APO-LS,1,2022,3100,0.012947938968464445
APO-LS,1,2022,3200,0.012947938968464445
APO-LS,1,2022,3300,0.012947938968464445
APO-LS,1,2022,3400,0.012947938968464445
APO-LS,1,2022,3500,0.012947938968464445
APO-LS,1,2022,3600,0.012947938968464445
APO-LS,1,2022,3700,0.012947938968464445
APO-LS,1,2022,3800,0.012947938968464445
APO-LS,1,2022,3900,0.012912120641597498
APO-LS,1,2022,4000,0.012912120641597498
APO-LS,1,2022,4100,0.012912120641597498
APO-LS,1,2022,4200,0.012912120641597498
APO-LS,1,2022,4300,0.012912120641597498
APO-LS,1,2022,4400,0.012912120641597498
APO-LS,1,2022,4500,0.012912120641597498
APO-LS,1,2022,4600,0.012912120641597498
APO-LS,1,2022,4700,0.012912120641597498
APO-LS,1,2022,4800,0.012912120641597498
APO-LS,1,2022,4900,0.012912120641597498
APO-LS,1,2022,5000,0.012912120641597498
APO-LS,1,2022,5100,0.012912120641597498
APO-LS,1,2022,5200,0.012912120641597498
APO-LS,1,2022,5300,0.012912120641597498
APO-LS,1,2022,5400,0.012912120641597498
APO-LS,1,2022,5500,0.012912120641597498
APO-LS,1,2022,5600,0.012912120641597498
APO-LS,1,2022,5700,0.012912120641597498
APO-LS,1,2022,5800,0.012912120641597498
APO-LS,1,2022,5900,0.012912120641597498
APO-LS,1,2022,6000,0.012912120641597498
APO-LS,1,2022,6100,0.01287359626273948
APO-LS,1,2022,6200,0.01287359626273948
APO-LS,1,2022,6300,0.01287359626273948
APO-LS,1,2022,6400,0.01287359626273948
APO-LS,1,2022,6500,0.01287359626273948
APO-LS,1,2022,6600,0.01287359626273948
APO-LS,1,2022,6700,0.01287359626273948
APO-LS,1,2022,6800,0.01287359626273948
APO-LS,1,2022,6900,0.01287359626273948
APO-LS,1,2022,7000,0.01287359626273948
APO-LS,1,2022,7100,0.01287359626273948
APO-LS,1,2022,7200,0.01287359626273948
APO-LS,1,2022,7300,0.01287359626273948
APO-LS,1,2022,7400,0.01287359626273948
APO-LS,1,2022,7500,0.01287359626273948
APO-LS,1,2022,7600,0.012822112015159917
APO-LS,1,2022,7700,0.012822112015159917
APO-LS,1,2022,7800,0.012822112015159917
APO-LS,1,2022,7900,0.012822112015159917
APO-LS,1,2022,8000,0.012822112015159917
APO-LS,1,2022,8100,0.012815997120994427
APO-LS,1,2022,8200,0.012815997120994427
APO-LS,1,2022,8300,0.012815997120994427
APO-LS,1,2022,8400,0.012815997120994427
APO-LS,1,2022,8500,0.012815997120994427
APO-LS,1,2022,8600,0.012815997120994427
APO-LS,1,2022,8700,0.012814339147638083
APO-LS,1,2022,8800,0.012814339147638083
APO-LS,1,2022,8900,0.012814339147638083
APO-LS,1,2022,9000,0.012814339147638083
APO-LS,1,2022,9100,0.012813080431470362
APO-LS,1,2022,9200,0.012813080431470362
APO-LS,1,2022,9300,0.012813080431470362
APO-LS,1,2022,9400,0.01281044298026286
APO-LS,1,2022,9500,0.012795004415041372
APO-LS,1,2022,9600,0.012790881283301076
APO-LS,1,2022,9700,0.012790707759596127
APO-LS,1,2022,9800,0.012787345560432779
APO-LS,1,2022,9900,0.012787345560432779
APO-LS,1,2022,10000,0.012787243559833428
APO-PSO,1,2022,100,0.019735456089086285
APO-PSO,1,2022,200,0.019735456089086285
APO-PSO,1,2022,300,0.019735456089086285
APO-PSO,1,2022,400,0.019735456089086285
APO-PSO,1,2022,500,0.019735456089086285
APO-PSO,1,2022,600,0.019735456089086285
APO-PSO,1,2022,700,0.019735456089086285
APO-PSO,1,2022,800,0.018446541924519503
APO-PSO,1,2022,900,0.017652159543867174
APO-PSO,1,2022,1000,0.01491655453131422
APO-PSO,1,2022,1100,0.013478536541145829
APO-PSO,1,2022,1200,0.013478536541145829
APO-PSO,1,2022,1300,0.013478536541145829
APO-PSO,1,2022,1400,0.013478536541145829
APO-PSO,1,2022,1500,0.013478536541145829
APO-PSO,1,2022,1600,0.013478536541145829
APO-PSO,1,2022,1700,0.013478536541145829
APO-PSO,1,2022,1800,0.013478536541145829
APO-PSO,1,2022,1900,0.013478536541145829
APO-PSO,1,2022,2000,0.013478536541145829
APO-PSO,1,2022,2100,0.013478536541145829
APO-PSO,1,2022,2200,0.013478536541145829
APO-PSO,1,2022,2300,0.013478536541145829
APO-PSO,1,2022,2400,0.013258200915512695
APO-PSO,1,2022,2500,0.013258200915512695
APO-PSO,1,2022,2600,0.013258200915512695
APO-PSO,1,2022,2700,0.013258200915512695
APO-PSO,1,2022,2800,0.013258200915512695
APO-PSO,1,2022,2900,0.013258200915512695
APO-PSO,1,2022,3000,0.013258200915512695
APO-PSO,1,2022,3100,0.013258200915512695
APO-PSO,1,2022,3200,0.013258200915512695
APO-PSO,1,2022,3300,0.013258200915512695
APO-PSO,1,2022,3400,0.013258200915512695
APO-PSO,1,2022,3500,0.013258200915512695
APO-PSO,1,2022,3600,0.013258200915512695
APO-PSO,1,2022,3700,0.013258200915512695
APO-PSO,1,2022,3800,0.013258200915512695
APO-PSO,1,2022,3900,0.013258200915512695
APO-PSO,1,2022,4000,0.013258200915512695
APO-PSO,1,2022,4100,0.013258200915512695
APO-PSO,1,2022,4200,0.013258200915512695
APO-PSO,1,2022,4300,0.013258200915512695
APO-PSO,1,2022,4400,0.013258200915512695
APO-PSO,1,2022,4500,0.013258200915512695
APO-PSO,1,2022,4600,0.013254450633020174
APO-PSO,1,2022,4700,0.013254450633020174
APO-PSO,1,2022,4800,0.013254450633020174
APO-PSO,1,2022,4900,0.013254450633020174
APO-PSO,1,2022,5000,0.013254450633020174
APO-PSO,1,2022,5100,0.013254450633020174
APO-PSO,1,2022,5200,0.013254450633020174
APO-PSO,1,2022,5300,0.013254450633020174
APO-PSO,1,2022,5400,0.013254450633020174
APO-PSO,1,2022,5500,0.013254450633020174
APO-PSO,1,2022,5600,0.013254450633020174
APO-PSO,1,2022,5700,0.013254450633020174
APO-PSO,1,2022,5800,0.013254450633020174
APO-PSO,1,2022,5900,0.013181775145516855
APO-PSO,1,2022,6000,0.013181775145516855
APO-PSO,1,2022,6100,0.013181775145516855
APO-PSO,1,2022,6200,0.013181775145516855
APO-PSO,1,2022,6300,0.013181775145516855
APO-PSO,1,2022,6400,0.013163257069227208
APO-PSO,1,2022,6500,0.013163257069227208
APO-PSO,1,2022,6600,0.013117807649431145
APO-PSO,1,2022,6700,0.012972854277901309
APO-PSO,1,2022,6800,0.012972854277901309
APO-PSO,1,2022,6900,0.012972854277901309
APO-PSO,1,2022,7000,0.012972854277901309
APO-PSO,1,2022,7100,0.012972854277901309
APO-PSO,1,2022,7200,0.012972854277901309
APO-PSO,1,2022,7300,0.012972854277901309
APO-PSO,1,2022,7400,0.012972854277901309
APO-PSO,1,2022,7500,0.012972464867369485
APO-PSO,1,2022,7600,0.01272252480889652
APO-PSO,1,2022,7700,0.01272252480889652
APO-PSO,1,2022,7800,0.01272252480889652
APO-PSO,1,2022,7900,0.01272252480889652
APO-PSO,1,2022,8000,0.01272252480889652
APO-PSO,1,2022,8100,0.01272252480889652
APO-PSO,1,2022,8200,0.01272252480889652
APO-PSO,1,2022,8300,0.01272252480889652
APO-PSO,1,2022,8400,0.01272252480889652
APO-PSO,1,2022,8500,0.01272252480889652
APO-PSO,1,2022,8600,0.01272252480889652
APO-PSO,1,2022,8700,0.01272252480889652
APO-PSO,1,2022,8800,0.01272252480889652
APO-PSO,1,2022,8900,0.01272252480889652
APO-PSO,1,2022,9000,0.01272252480889652
APO-PSO,1,2022,9100,0.01272252480889652
APO-PSO,1,2022,9200,0.01272252480889652
APO-PSO,1,2022,9300,0.01272252480889652
APO-PSO,1,2022,9400,0.012712758079361966
APO-PSO,1,2022,9500,0.012710679393233667
APO-PSO,1,2022,9600,0.012710679393233667
APO-PSO,1,2022,9700,0.012710679393233667
APO-PSO,1,2022,9800,0.01271002500266526
APO-PSO,1,2022,9900,0.012709229829411795
APO-PSO,1,2022,10000,0.012708903590157788
APO-wr-DE,1,2022,100,0.019735456089086285
APO-wr-DE,1,2022,200,0.019735456089086285
APO-wr-DE,1,2022,300,0.019735456089086285
APO-wr-DE,1,2022,400,0.019718483961421583
APO-wr-DE,1,2022,500,0.019718483961421583
APO-wr-DE,1,2022,600,0.019718483961421583
APO-wr-DE,1,2022,700,0.019718483961421583
APO-wr-DE,1,2022,800,0.019718483961421583
APO-wr-DE,1,2022,900,0.017033606827652446
APO-wr-DE,1,2022,1000,0.015151514770693595
APO-wr-DE,1,2022,1100,0.015151514770693595
APO-wr-DE,1,2022,1200,0.014616239551591479
APO-wr-DE,1,2022,1300,0.01389240337951499
APO-wr-DE,1,2022,1400,0.01389240337951499
APO-wr-DE,1,2022,1500,0.01389240337951499
APO-wr-DE,1,2022,1600,0.01389240337951499
APO-wr-DE,1,2022,1700,0.01389240337951499
APO-wr-DE,1,2022,1800,0.01389240337951499
APO-wr-DE,1,2022,1900,0.01389240337951499
APO-wr-DE,1,2022,2000,0.01389240337951499
APO-wr-DE,1,2022,2100,0.01389240337951499
APO-wr-DE,1,2022,2200,0.01389240337951499
APO-wr-DE,1,2022,2300,0.01389240337951499
APO-wr-DE,1,2022,2400,0.01389240337951499
APO-wr-DE,1,2022,2500,0.013491300559514391
APO-wr-DE,1,2022,2600,0.013491300559514391
APO-wr-DE,1,2022,2700,0.01328753116323433
APO-wr-DE,1,2022,2800,0.01328753116323433
APO-wr-DE,1,2022,2900,0.01328753116323433
APO-wr-DE,1,2022,3000,0.013186209560224042
APO-wr-DE,1,2022,3100,0.013186209560224042
APO-wr-DE,1,2022,3200,0.013186209560224042
APO-wr-DE,1,2022,3300,0.013186209560224042
APO-wr-DE,1,2022,3400,0.013186209560224042
APO-wr-DE,1,2022,3500,0.013186209560224042
APO-wr-DE,1,2022,3600,0.013186209560224042
APO-wr-DE,1,2022,3700,0.013186209560224042
APO-wr-DE,1,2022,3800,0.013186209560224042
APO-wr-DE,1,2022,3900,0.013186209560224042
APO-wr-DE,1,2022,4000,0.013129243561037058
APO-wr-DE,1,2022,4100,0.013129243561037058
APO-wr-DE,1,2022,4200,0.013129243561037058
APO-wr-DE,1,2022,4300,0.013129243561037058
APO-wr-DE,1,2022,4400,0.012955315729972258
APO-wr-DE,1,2022,4500,0.012955315729972258
APO-wr-DE,1,2022,4600,0.012955315729972258
APO-wr-DE,1,2022,4700,0.01287331761499487
APO-wr-DE,1,2022,4800,0.01287331761499487
APO-wr-DE,1,2022,4900,0.01287331761499487
APO-wr-DE,1,2022,5000,0.01287331761499487
APO-wr-DE,1,2022,5100,0.01287331761499487
APO-wr-DE,1,2022,5200,0.01287331761499487
APO-wr-DE,1,2022,5300,0.01287331761499487
APO-wr-DE,1,2022,5400,0.012825175369008223
APO-wr-DE,1,2022,5500,0.012825175369008223
APO-wr-DE,1,2022,5600,0.012825175369008223
APO-wr-DE,1,2022,5700,0.012825175369008223
APO-wr-DE,1,2022,5800,0.012825175369008223
APO-wr-DE,1,2022,5900,0.012825175369008223
APO-wr-DE,1,2022,6000,0.012825175369008223
APO-wr-DE,1,2022,6100,0.012825175369008223
APO-wr-DE,1,2022,6200,0.012825175369008223
APO-wr-DE,1,2022,6300,0.012825175369008223
APO-wr-DE,1,2022,6400,0.012825175369008223
APO-wr-DE,1,2022,6500,0.012825175369008223
APO-wr-DE,1,2022,6600,0.012825175369008223
APO-wr-DE,1,2022,6700,0.012732903268324408
APO-wr-DE,1,2022,6800,0.012732903268324408
APO-wr-DE,1,2022,6900,0.012732903268324408
APO-wr-DE,1,2022,7000,0.012732903268324408
APO-wr-DE,1,2022,7100,0.012732903268324408
APO-wr-DE,1,2022,7200,0.012724022399480363
APO-wr-DE,1,2022,7300,0.012724022399480363
APO-wr-DE,1,2022,7400,0.012724022399480363
APO-wr-DE,1,2022,7500,0.012724022399480363
APO-wr-DE,1,2022,7600,0.012724022399480363
APO-wr-DE,1,2022,7700,0.012724022399480363
APO-wr-DE,1,2022,7800,0.012724022399480363
APO-wr-DE,1,2022,7900,0.012678333666646146
APO-wr-DE,1,2022,8000,0.012678333666646146
APO-wr-DE,1,2022,8100,0.012678333666646146
APO-wr-DE,1,2022,8200,0.012678333666646146
APO-wr-DE,1,2022,8300,0.012678333666646146
APO-wr-DE,1,2022,8400,0.012678333666646146
APO-wr-DE,1,2022,8500,0.012678333666646146
APO-wr-DE,1,2022,8600,0.012678333666646146
APO-wr-DE,1,2022,8700,0.012678333666646146
APO-wr-DE,1,2022,8800,0.012678333666646146
APO-wr-DE,1,2022,8900,0.012678333666646146
APO-wr-DE,1,2022,9000,0.012678233843033166
APO-wr-DE,1,2022,9100,0.012678233843033166
APO-wr-DE,1,2022,9200,0.012678233843033166
APO-wr-DE,1,2022,9300,0.012678233843033166
APO-wr-DE,1,2022,9400,0.012678233843033166
APO-wr-DE,1,2022,9500,0.012678233843033166
APO-wr-DE,1,2022,9600,0.012678233843033166
APO-wr-DE,1,2022,9700,0.012678233843033166
APO-wr-DE,1,2022,9800,0.012675690524029752
APO-wr-DE,1,2022,9900,0.012675690524029752
APO-wr-DE,1,2022,10000,0.012675690524029752
APO-wr-LS,1,2022,100,0.019735456089086285
APO-wr-LS,1,2022,200,0.019735456089086285
APO-wr-LS,1,2022,300,0.019735456089086285
APO-wr-LS,1,2022,400,0.019735456089086285
APO-wr-LS,1,2022,500,0.019735456089086285
APO-wr-LS,1,2022,600,0.019735456089086285
APO-wr-LS,1,2022,700,0.019735456089086285
APO-wr-LS,1,2022,800,0.019735456089086285
APO-wr-LS,1,2022,900,0.019735456089086285
APO-wr-LS,1,2022,1000,0.01572875368289822
APO-wr-LS,1,2022,1100,0.01303405957540863
APO-wr-LS,1,2022,1200,0.01303405957540863
APO-wr-LS,1,2022,1300,0.01303405957540863
APO-wr-LS,1,2022,1400,0.01303405957540863
APO-wr-LS,1,2022,1500,0.01303405957540863
APO-wr-LS,1,2022,1600,0.01303405957540863
APO-wr-LS,1,2022,1700,0.01303405957540863
APO-wr-LS,1,2022,1800,0.01303405957540863
APO-wr-LS,1,2022,1900,0.01303405957540863
APO-wr-LS,1,2022,2000,0.01303405957540863
APO-wr-LS,1,2022,2100,0.01303405957540863
APO-wr-LS,1,2022,2200,0.01303405957540863
APO-wr-LS,1,2022,2300,0.01303405957540863
APO-wr-LS,1,2022,2400,0.01303405957540863
APO-wr-LS,1,2022,2500,0.012919807806074863
APO-wr-LS,1,2022,2600,0.012919807806074863
APO-wr-LS,1,2022,2700,0.012919807806074863
APO-wr-LS,1,2022,2800,0.012919807806074863
APO-wr-LS,1,2022,2900,0.012919807806074863
APO-wr-LS,1,2022,3000,0.012919807806074863
APO-wr-LS,1,2022,3100,0.012919807806074863
APO-wr-LS,1,2022,3200,0.012919807806074863
APO-wr-LS,1,2022,3300,0.012919807806074863
APO-wr-LS,1,2022,3400,0.012919807806074863
APO-wr-LS,1,2022,3500,0.012919807806074863
APO-wr-LS,1,2022,3600,0.012919807806074863
APO-wr-LS,1,2022,3700,0.012919807806074863
APO-wr-LS,1,2022,3800,0.012919807806074863
APO-wr-LS,1,2022,3900,0.012919807806074863
APO-wr-LS,1,2022,4000,0.012919807806074863
APO-wr-LS,1,2022,4100,0.012919807806074863
APO-wr-LS,1,2022,4200,0.012919807806074863
APO-wr-LS,1,2022,4300,0.012919807806074863
APO-wr-LS,1,2022,4400,0.012919807806074863
APO-wr-LS,1,2022,4500,0.012919807806074863
APO-wr-LS,1,2022,4600,0.012919807806074863
APO-wr-LS,1,2022,4700,0.012919807806074863
APO-wr-LS,1,2022,4800,0.012919807806074863
APO-wr-LS,1,2022,4900,0.012919807806074863
APO-wr-LS,1,2022,5000,0.012919807806074863
APO-wr-LS,1,2022,5100,0.012919807806074863
APO-wr-LS,1,2022,5200,0.012919807806074863
APO-wr-LS,1,2022,5300,0.012919807806074863
APO-wr-LS,1,2022,5400,0.012919807806074863
APO-wr-LS,1,2022,5500,0.012919807806074863
APO-wr-LS,1,2022,5600,0.012919807806074863
APO-wr-LS,1,2022,5700,0.012919807806074863
APO-wr-LS,1,2022,5800,0.012919807806074863
APO-wr-LS,1,2022,5900,0.012919807806074863
APO-wr-LS,1,2022,6000,0.012919807806074863
APO-wr-LS,1,2022,6100,0.012919807806074863
APO-wr-LS,1,2022,6200,0.012919807806074863
APO-wr-LS,1,2022,6300,0.012875886427670584
APO-wr-LS,1,2022,6400,0.012875886427670584
APO-wr-LS,1,2022,6500,0.012875886427670584
APO-wr-LS,1,2022,6600,0.012875886427670584
APO-wr-LS,1,2022,6700,0.012866257594106123
APO-wr-LS,1,2022,6800,0.012866257594106123
APO-wr-LS,1,2022,6900,0.012866257594106123
APO-wr-LS,1,2022,7000,0.012866257594106123
APO-wr-LS,1,2022,7100,0.0128579293728752
APO-wr-LS,1,2022,7200,0.0128579293728752
APO-wr-LS,1,2022,7300,0.012815848133689543
APO-wr-LS,1,2022,7400,0.012815848133689543
APO-wr-LS,1,2022,7500,0.012815848133689543
APO-wr-LS,1,2022,7600,0.012815848133689543
APO-wr-LS,1,2022,7700,0.012791002736858681
APO-wr-LS,1,2022,7800,0.012791002736858681
APO-wr-LS,1,2022,7900,0.012791002736858681
APO-wr-LS,1,2022,8000,0.012791002736858681
APO-wr-LS,1,2022,8100,0.012791002736858681
APO-wr-LS,1,2022,8200,0.012791002736858681
APO-wr-LS,1,2022,8300,0.012791002736858681
APO-wr-LS,1,2022,8400,0.012791002736858681
APO-wr-LS,1,2022,8500,0.012791002736858681
APO-wr-LS,1,2022,8600,0.012791002736858681
APO-wr-LS,1,2022,8700,0.012791002736858681
APO-wr-LS,1,2022,8800,0.012791002736858681
APO-wr-LS,1,2022,8900,0.012777367764480088
APO-wr-LS,1,2022,9000,0.01271543967122276
APO-wr-LS,1,2022,9100,0.01271543967122276
APO-wr-LS,1,2022,9200,0.01271543967122276
APO-wr-LS,1,2022,9300,0.01271543967122276
APO-wr-LS,1,2022,9400,0.01271543967122276
APO-wr-LS,1,2022,9500,0.01271543967122276
APO-wr-LS,1,2022,9600,0.01271543967122276
APO-wr-LS,1,2022,9700,0.01271543967122276
APO-wr-LS,1,2022,9800,0.01271543967122276
APO-wr-LS,1,2022,9900,0.012710874248105283
APO-wr-LS,1,2022,10000,0.012710874248105283
APO-wr-PSO,1,2022,100,0.019735456089086285
APO-wr-PSO,1,2022,200,0.019735456089086285
APO-wr-PSO,1,2022,300,0.019735456089086285
APO-wr-PSO,1,2022,400,0.019735456089086285
APO-wr-PSO,1,2022,500,0.019735456089086285
APO-wr-PSO,1,2022,600,0.019537318323152877
APO-wr-PSO,1,2022,700,0.014209428077332114
APO-wr-PSO,1,2022,800,0.014209428077332114
APO-wr-PSO,1,2022,900,0.014209428077332114
APO-wr-PSO,1,2022,1000,0.013415289558405825
APO-wr-PSO,1,2022,1100,0.013415289558405825
APO-wr-PSO,1,2022,1200,0.013415289558405825
APO-wr-PSO,1,2022,1300,0.013415289558405825
APO-wr-PSO,1,2022,1400,0.013415289558405825
APO-wr-PSO,1,2022,1500,0.013415289558405825
APO-wr-PSO,1,2022,1600,0.013415289558405825
APO-wr-PSO,1,2022,1700,0.013415289558405825
APO-wr-PSO,1,2022,1800,0.013415289558405825
APO-wr-PSO,1,2022,1900,0.013415289558405825
APO-wr-PSO,1,2022,2000,0.013415289558405825
APO-wr-PSO,1,2022,2100,0.013415289558405825
APO-wr-PSO,1,2022,2200,0.013415289558405825
APO-wr-PSO,1,2022,2300,0.013415289558405825
APO-wr-PSO,1,2022,2400,0.013415289558405825
APO-wr-PSO,1,2022,2500,0.013415289558405825
APO-wr-PSO,1,2022,2600,0.013415289558405825
APO-wr-PSO,1,2022,2700,0.013200553472228347
APO-wr-PSO,1,2022,2800,0.013200553472228347
APO-wr-PSO,1,2022,2900,0.013200553472228347
APO-wr-PSO,1,2022,3000,0.013200553472228347
APO-wr-PSO,1,2022,3100,0.013200553472228347
APO-wr-PSO,1,2022,3200,0.013200553472228347
APO-wr-PSO,1,2022,3300,0.012863616581110333
APO-wr-PSO,1,2022,3400,0.012863616581110333
APO-wr-PSO,1,2022,3500,0.012863616581110333
APO-wr-PSO,1,2022,3600,0.012863616581110333
APO-wr-PSO,1,2022,3700,0.012863616581110333
APO-wr-PSO,1,2022,3800,0.012863616581110333
APO-wr-PSO,1,2022,3900,0.012863616581110333
APO-wr-PSO,1,2022,4000,0.012863616581110333
APO-wr-PSO,1,2022,4100,0.012863616581110333
APO-wr-PSO,1,2022,4200,0.012863616581110333
APO-wr-PSO,1,2022,4300,0.012863616581110333
APO-wr-PSO,1,2022,4400,0.012863616581110333
APO-wr-PSO,1,2022,4500,0.012863616581110333
APO-wr-PSO,1,2022,4600,0.012863616581110333
APO-wr-PSO,1,2022,4700,0.012780636418357597
APO-wr-PSO,1,2022,4800,0.012780636418357597
APO-wr-PSO,1,2022,4900,0.012780636418357597
APO-wr-PSO,1,2022,5000,0.012780636418357597
APO-wr-PSO,1,2022,5100,0.012780636418357597
APO-wr-PSO,1,2022,5200,0.012780636418357597
APO-wr-PSO,1,2022,5300,0.012780636418357597
APO-wr-PSO,1,2022,5400,0.012780636418357597
APO-wr-PSO,1,2022,5500,0.012780636418357597
APO-wr-PSO,1,2022,5600,0.012780636418357597
APO-wr-PSO,1,2022,5700,0.012780636418357597
APO-wr-PSO,1,2022,5800,0.012780636418357597
APO-wr-PSO,1,2022,5900,0.012780636418357597
APO-wr-PSO,1,2022,6000,0.012780636418357597
APO-wr-PSO,1,2022,6100,0.012780636418357597
APO-wr-PSO,1,2022,6200,0.012780636418357597
APO-wr-PSO,1,2022,6300,0.012780636418357597
APO-wr-PSO,1,2022,6400,0.012780636418357597
APO-wr-PSO,1,2022,6500,0.012780636418357597
APO-wr-PSO,1,2022,6600,0.012779217492491224
APO-wr-PSO,1,2022,6700,0.012779217492491224
APO-wr-PSO,1,2022,6800,0.012779217492491224
APO-wr-PSO,1,2022,6900,0.012779217492491224
APO-wr-PSO,1,2022,7000,0.01273992989066119
APO-wr-PSO,1,2022,7100,0.01273992989066119
APO-wr-PSO,1,2022,7200,0.01273992989066119
APO-wr-PSO,1,2022,7300,0.01273992989066119
APO-wr-PSO,1,2022,7400,0.01273992989066119
APO-wr-PSO,1,2022,7500,0.012738083438981498
APO-wr-PSO,1,2022,7600,0.012738083438981498
APO-wr-PSO,1,2022,7700,0.012738083438981498
APO-wr-PSO,1,2022,7800,0.012738083438981498
APO-wr-PSO,1,2022,7900,0.012738083438981498
APO-wr-PSO,1,2022,8000,0.012718358671022188
APO-wr-PSO,1,2022,8100,0.012718358671022188
APO-wr-PSO,1,2022,8200,0.012718358671022188
APO-wr-PSO,1,2022,8300,0.012718358671022188
APO-wr-PSO,1,2022,8400,0.012718358671022188
APO-wr-PSO,1,2022,8500,0.012718358671022188
APO-wr-PSO,1,2022,8600,0.012718358671022188
APO-wr-PSO,1,2022,8700,0.012718358671022188
APO-wr-PSO,1,2022,8800,0.012718358671022188
APO-wr-PSO,1,2022,8900,0.012718358671022188
APO-wr-PSO,1,2022,9000,0.012718358671022188
APO-wr-PSO,1,2022,9100,0.012718358671022188
APO-wr-PSO,1,2022,9200,0.012718358671022188
APO-wr-PSO,1,2022,9300,0.012718358671022188
APO-wr-PSO,1,2022,9400,0.012716369232424227
APO-wr-PSO,1,2022,9500,0.012716369232424227
APO-wr-PSO,1,2022,9600,0.012716369232424227
APO-wr-PSO,1,2022,9700,0.012716369232424227
APO-wr-PSO,1,2022,9800,0.012716369232424227
APO-wr-PSO,1,2022,9900,0.012716226643739613
APO-wr-PSO,1,2022,10000,0.012716226643739613
APO,2,2029,100,115742.94759239405
APO,2,2029,200,25782.96277542876
APO,2,2029,300,0.06755647956230909
APO,2,2029,400,0.06755647956230909
APO,2,2029,500,0.06755647956230909
APO,2,2029,600,0.013279320230036157
APO,2,2029,700,0.013279320230036157
APO,2,2029,800,0.013279320230036157
APO,2,2029,900,0.013256264043899752
APO,2,2029,1000,0.013256264043899752
APO,2,2029,1100,0.013256264043899752
APO,2,2029,1200,0.013256264043899752
APO,2,2029,1300,0.013256264043899752
APO,2,2029,1400,0.013256264043899752
APO,2,2029,1500,0.013256264043899752
APO,2,2029,1600,0.013232126046045272
APO,2,2029,1700,0.013232126046045272
APO,2,2029,1800,0.013232126046045272
APO,2,2029,1900,0.013232126046045272
APO,2,2029,2000,0.013232126046045272
APO,2,2029,2100,0.013232126046045272
APO,2,2029,2200,0.013100051972347817
APO,2,2029,2300,0.013100051972347817
APO,2,2029,2400,0.013100051972347817
APO,2,2029,2500,0.013100051972347817
APO,2,2029,2600,0.013100051972347817
APO,2,2029,2700,0.013100051972347817
APO,2,2029,2800,0.013012434556855672
APO,2,2029,2900,0.013012434556855672
APO,2,2029,3000,0.013012434556855672
APO,2,2029,3100,0.013012434556855672
APO,2,2029,3200,0.013012434556855672
APO,2,2029,3300,0.013012434556855672
APO,2,2029,3400,0.013012434556855672
APO,2,2029,3500,0.013012434556855672
APO,2,2029,3600,0.013001219027649818
APO,2,2029,3700,0.013001219027649818
APO,2,2029,3800,0.013001219027649818
APO,2,2029,3900,0.013001219027649818
APO,2,2029,4000,0.013001219027649818
APO,2,2029,4100,0.013001219027649818
APO,2,2029,4200,0.013001219027649818
APO,2,2029,4300,0.013001219027649818
APO,2,2029,4400,0.013001219027649818
APO,2,2029,4500,0.013001219027649818
APO,2,2029,4600,0.013001219027649818
APO,2,2029,4700,0.013001219027649818
APO,2,2029,4800,0.013001219027649818
APO,2,2029,4900,0.013001219027649818
APO,2,2029,5000,0.013001219027649818
APO,2,2029,5100,0.013001219027649818
APO,2,2029,5200,0.013001219027649818
APO,2,2029,5300,0.013001219027649818
APO,2,2029,5400,0.013001219027649818
APO,2,2029,5500,0.013001219027649818
APO,2,2029,5600,0.013001219027649818
APO,2,2029,5700,0.012960272890743946
APO,2,2029,5800,0.012906977651637709
APO,2,2029,5900,0.012906977651637709
APO,2,2029,6000,0.012906977651637709
APO,2,2029,6100,0.012889305051070282
APO,2,2029,6200,0.012889305051070282
APO,2,2029,6300,0.012889305051070282
APO,2,2029,6400,0.012889305051070282
APO,2,2029,6500,0.012889305051070282
APO,2,2029,6600,0.01287377080528103
APO,2,2029,6700,0.01287377080528103
APO,2,2029,6800,0.01287377080528103
APO,2,2029,6900,0.01287377080528103
APO,2,2029,7000,0.01287377080528103
APO,2,2029,7100,0.01287377080528103
APO,2,2029,7200,0.01287377080528103
APO,2,2029,7300,0.012813306835979373
APO,2,2029,7400,0.012813306835979373
APO,2,2029,7500,0.012813306835979373
APO,2,2029,7600,0.012813306835979373
APO,2,2029,7700,0.012813306835979373
APO,2,2029,7800,0.012768590535164477
APO,2,2029,7900,0.012768590535164477
APO,2,2029,8000,0.012768590535164477
APO,2,2029,8100,0.01276178594526209
APO,2,2029,8200,0.01276178594526209
APO,2,2029,8300,0.01276178594526209
APO,2,2029,8400,0.01276178594526209
APO,2,2029,8500,0.01276178594526209
APO,2,2029,8600,0.012758501196175236
APO,2,2029,8700,0.012728753176457025
APO,2,2029,8800,0.012708854709893122
APO,2,2029,8900,0.012708854709893122
APO,2,2029,9000,0.012708854709893122
APO,2,2029,9100,0.012708854709893122
APO,2,2029,9200,0.012708854709893122
APO,2,2029,9300,0.012701284241620666
APO,2,2029,9400,0.012701284241620666
APO,2,2029,9500,0.012698183046909506
APO,2,2029,9600,0.012698183046909506
APO,2,2029,9700,0.012698183046909506
APO,2,2029,9800,0.012698183046909506
APO,2,2029,9900,0.012697570412058164
APO,2,2029,10000,0.012697570412058164
APO-wr,2,2029,100,115742.94759239405
APO-wr,2,2029,200,115742.94759239405
APO-wr,2,2029,300,3.05288920183453
APO-wr,2,2029,400,0.05300526023713784
APO-wr,2,2029,500,0.013217535428627986
APO-wr,2,2029,600,0.013217535428627986
APO-wr,2,2029,700,0.013217535428627986
APO-wr,2,2029,800,0.013217535428627986
APO-wr,2,2029,900,0.013217535428627986
APO-wr,2,2029,1000,0.013217535428627986
APO-wr,2,2029,1100,0.013217535428627986
APO-wr,2,2029,1200,0.013217535428627986
APO-wr,2,2029,1300,0.013217535428627986
APO-wr,2,2029,1400,0.013217535428627986
APO-wr,2,2029,1500,0.013217535428627986
APO-wr,2,2029,1600,0.013217535428627986
APO-wr,2,2029,1700,0.013217535428627986
APO-wr,2,2029,1800,0.013217535428627986
APO-wr,2,2029,1900,0.013217535428627986
APO-wr,2,2029,2000,0.013217535428627986
APO-wr,2,2029,2100,0.013217535428627986
APO-wr,2,2029,2200,0.013217535428627986
APO-wr,2,2029,2300,0.013217535428627986
APO-wr,2,2029,2400,0.013217535428627986
APO-wr,2,2029,2500,0.013217535428627986
APO-wr,2,2029,2600,0.013217535428627986
APO-wr,2,2029,2700,0.013217535428627986
APO-wr,2,2029,2800,0.013217535428627986
APO-wr,2,2029,2900,0.013217535428627986
APO-wr,2,2029,3000,0.013217535428627986
APO-wr,2,2029,3100,0.013217535428627986
APO-wr,2,2029,3200,0.013069694856575434
APO-wr,2,2029,3300,0.013069694856575434
APO-wr,2,2029,3400,0.013069694856575434
APO-wr,2,2029,3500,0.013069694856575434
APO-wr,2,2029,3600,0.013069694856575434
APO-wr,2,2029,3700,0.013069694856575434
APO-wr,2,2029,3800,0.013069694856575434
APO-wr,2,2029,3900,0.013069694856575434
APO-wr,2,2029,4000,0.013069694856575434
APO-wr,2,2029,4100,0.013069694856575434
APO-wr,2,2029,4200,0.013069694856575434
APO-wr,2,2029,4300,0.013069694856575434
APO-wr,2,2029,4400,0.013069694856575434
APO-wr,2,2029,4500,0.013069694856575434
APO-wr,2,2029,4600,0.013069694856575434
APO-wr,2,2029,4700,0.013069694856575434
APO-wr,2,2029,4800,0.013069694856575434
APO-wr,2,2029,4900,0.013069694856575434
APO-wr,2,2029,5000,0.013069694856575434
APO-wr,2,2029,5100,0.013069694856575434
APO-wr,2,2029,5200,0.013069694856575434
APO-wr,2,2029,5300,0.013069694856575434
APO-wr,2,2029,5400,0.013060496313281498
APO-wr,2,2029,5500,0.012941899228225237
APO-wr,2,2029,5600,0.012941899228225237
APO-wr,2,2029,5700,0.012941899228225237
APO-wr,2,2029,5800,0.012941899228225237
APO-wr,2,2029,5900,0.012941899228225237
APO-wr,2,2029,6000,0.012941899228225237
APO-wr,2,2029,6100,0.012903390288046978
APO-wr,2,2029,6200,0.012903390288046978
APO-wr,2,2029,6300,0.012903390288046978
APO-wr,2,2029,6400,0.012903390288046978
APO-wr,2,2029,6500,0.012903390288046978
APO-wr,2,2029,6600,0.012903390288046978
APO-wr,2,2029,6700,0.012903390288046978
APO-wr,2,2029,6800,0.012838348232056408
APO-wr,2,2029,6900,0.012838348232056408
APO-wr,2,2029,7000,0.012838348232056408
APO-wr,2,2029,7100,0.012835525434691858
APO-wr,2,2029,7200,0.012835525434691858
APO-wr,2,2029,7300,0.012835525434691858
APO-wr,2,2029,7400,0.012835525434691858
APO-wr,2,2029,7500,0.012835525434691858
APO-wr,2,2029,7600,0.012835525434691858
APO-wr,2,2029,7700,0.0128265799016052
APO-wr,2,2029,7800,0.0128265799016052
APO-wr,2,2029,7900,0.012788055164763485
APO-wr,2,2029,8000,0.012788055164763485
APO-wr,2,2029,8100,0.012771236226799957
APO-wr,2,2029,8200,0.012771236226799957
APO-wr,2,2029,8300,0.012771236226799957
APO-wr,2,2029,8400,0.012771236226799957
APO-wr,2,2029,8500,0.012771236226799957
APO-wr,2,2029,8600,0.012771236226799957
APO-wr,2,2029,8700,0.012745459077767585
APO-wr,2,2029,8800,0.012745459077767585
APO-wr,2,2029,8900,0.012745459077767585
APO-wr,2,2029,9000,0.012745459077767585
APO-wr,2,2029,9100,0.012745459077767585
APO-wr,2,2029,9200,0.012745459077767585
APO-wr,2,2029,9300,0.012736463243024014
APO-wr,2,2029,9400,0.012736463243024014
APO-wr,2,2029,9500,0.012727750657603117
APO-wr,2,2029,9600,0.012727750657603117
APO-wr,2,2029,9700,0.012727750657603117
APO-wr,2,2029,9800,0.012727750657603117
APO-wr,2,2029,9900,0.012727456130949251
APO-wr,2,2029,10000,0.012727456130949251
APO-DE,2,2029,100,115742.94759239405
APO-DE,2,2029,200,25782.96277542876
APO-DE,2,2029,300,0.09937865849100284
APO-DE,2,2029,400,0.09937865715649526
APO-DE,2,2029,500,0.013286147338710511
APO-DE,2,2029,600,0.013286147338710511
APO-DE,2,2029,700,0.013286147338710511
APO-DE,2,2029,800,0.013212510811444598
APO-DE,2,2029,900,0.013212510811444598
APO-DE,2,2029,1000,0.013212510811444598
APO-DE,2,2029,1100,0.013212510811444598
APO-DE,2,2029,1200,0.013212510811444598
APO-DE,2,2029,1300,0.012801196262204818
APO-DE,2,2029,1400,0.012801196262204818
APO-DE,2,2029,1500,0.012801196262204818
APO-DE,2,2029,1600,0.012801196262204818
APO-DE,2,2029,1700,0.012801196262204818
APO-DE,2,2029,1800,0.012801196262204818
APO-DE,2,2029,1900,0.012801196262204818
APO-DE,2,2029,2000,0.012801196262204818
APO-DE,2,2029,2100,0.012801196262204818
APO-DE,2,2029,2200,0.012801196262204818
APO-DE,2,2029,2300,0.012801196262204818
APO-DE,2,2029,2400,0.012801196262204818
APO-DE,2,2029,2500,0.012801196262204818
APO-DE,2,2029,2600,0.012801196262204818
APO-DE,2,2029,2700,0.012801196262204818
APO-DE,2,2029,2800,0.012801196262204818
APO-DE,2,2029,2900,0.012801196262204818
APO-DE,2,2029,3000,0.012801196262204818
APO-DE,2,2029,3100,0.012801196262204818
APO-DE,2,2029,3200,0.012801196262204818
APO-DE,2,2029,3300,0.012801196262204818
APO-DE,2,2029,3400,0.012801196262204818
APO-DE,2,2029,3500,0.012801196262204818
APO-DE,2,2029,3600,0.012801196262204818
APO-DE,2,2029,3700,0.012801196262204818
APO-DE,2,2029,3800,0.012801196262204818
APO-DE,2,2029,3900,0.012801196262204818
APO-DE,2,2029,4000,0.012801196262204818
APO-DE,2,2029,4100,0.012801196262204818
APO-DE,2,2029,4200,0.012801196262204818
APO-DE,2,2029,4300,0.012801196262204818
APO-DE,2,2029,4400,0.012801196262204818
APO-DE,2,2029,4500,0.012801196262204818
APO-DE,2,2029,4600,0.012801196262204818
APO-DE,2,2029,4700,0.012801196262204818
APO-DE,2,2029,4800,0.012801196262204818
APO-DE,2,2029,4900,0.012801196262204818
APO-DE,2,2029,5000,0.012801196262204818
APO-DE,2,2029,5100,0.012801196262204818
APO-DE,2,2029,5200,0.012801196262204818
APO-DE,2,2029,5300,0.012801196262204818
APO-DE,2,2029,5400,0.012801196262204818
APO-DE,2,2029,5500,0.012801196262204818
APO-DE,2,2029,5600,0.012801196262204818
APO-DE,2,2029,5700,0.012801196262204818
APO-DE,2,2029,5800,0.012801196262204818
APO-DE,2,2029,5900,0.012801196262204818
APO-DE,2,2029,6000,0.012801196262204818
APO-DE,2,2029,6100,0.012801196262204818
APO-DE,2,2029,6200,0.012801196262204818
APO-DE,2,2029,6300,0.012801196262204818
APO-DE,2,2029,6400,0.012801196262204818
APO-DE,2,2029,6500,0.012801196262204818
APO-DE,2,2029,6600,0.012801196262204818
APO-DE,2,2029,6700,0.012801196262204818
APO-DE,2,2029,6800,0.012801196262204818
APO-DE,2,2029,6900,0.012712565921302281
APO-DE,2,2029,7000,0.012712565921302281
APO-DE,2,2029,7100,0.01271020147556076
APO-DE,2,2029,7200,0.01271020147556076
APO-DE,2,2029,7300,0.01271020147556076
APO-DE,2,2029,7400,0.01271020147556076
APO-DE,2,2029,7500,0.01271020147556076
APO-DE,2,2029,7600,0.01271020147556076
APO-DE,2,2029,7700,0.01271020147556076
APO-DE,2,2029,7800,0.01271020147556076
APO-DE,2,2029,7900,0.01271020147556076
APO-DE,2,2029,8000,0.01271020147556076
APO-DE,2,2029,8100,0.01271020147556076
APO-DE,2,2029,8200,0.01271020147556076
APO-DE,2,2029,8300,0.01271020147556076
APO-DE,2,2029,8400,0.01271020147556076
APO-DE,2,2029,8500,0.01271020147556076
APO-DE,2,2029,8600,0.01271020147556076
APO-DE,2,2029,8700,0.01271020147556076
APO-DE,2,2029,8800,0.01271020147556076
APO-DE,2,2029,8900,0.012698501189717422
APO-DE,2,2029,9000,0.012698501189717422
APO-DE,2,2029,9100,0.012698501189717422
APO-DE,2,2029,9200,0.012698501189717422
APO-DE,2,2029,9300,0.012698501189717422
APO-DE,2,2029,9400,0.012698501189717422
APO-DE,2,2029,9500,0.012693267221732805
APO-DE,2,2029,9600,0.012693267221732805
APO-DE,2,2029,9700,0.012693267221732805
APO-DE,2,2029,9800,0.0126931065306936
APO-DE,2,2029,9900,0.0126931065306936
APO-DE,2,2029,10000,0.0126931065306936
APO-LS,2,2029,100,115742.94759239405
APO-LS,2,2029,200,25782.96277542876
APO-LS,2,2029,300,0.03794853508130952
APO-LS,2,2029,400,0.03794853508130952
APO-LS,2,2029,500,0.03183631485459116
APO-LS,2,2029,600,0.03183631485459116
APO-LS,2,2029,700,0.014828957765883128
APO-LS,2,2029,800,0.014129805911716543
APO-LS,2,2029,900,0.014129805911716543
APO-LS,2,2029,1000,0.014129805911716543
APO-LS,2,2029,1100,0.014129805911716543
APO-LS,2,2029,1200,0.014129805911716543
APO-LS,2,2029,1300,0.014129805911716543
APO-LS,2,2029,1400,0.014129805911716543
APO-LS,2,2029,1500,0.014129805911716543
APO-LS,2,2029,1600,0.014129805911716543
APO-LS,2,2029,1700,0.014129805911716543
APO-LS,2,2029,1800,0.014129805911716543
APO-LS,2,2029,1900,0.014129805911716543
APO-LS,2,2029,2000,0.014129805911716543
APO-LS,2,2029,2100,0.014129805911716543
APO-LS,2,2029,2200,0.013285606363850906
APO-LS,2,2029,2300,0.013196053106634529
APO-LS,2,2029,2400,0.013196053106634529
APO-LS,2,2029,2500,0.013196053106634529
APO-LS,2,2029,2600,0.013196053106634529
APO-LS,2,2029,2700,0.013196053106634529
APO-LS,2,2029,2800,0.012865367692318816
APO-LS,2,2029,2900,0.012865367692318816
APO-LS,2,2029,3000,0.012865367692318816
APO-LS,2,2029,3100,0.012865367692318816
APO-LS,2,2029,3200,0.012865367692318816
APO-LS,2,2029,3300,0.012865367692318816
APO-LS,2,2029,3400,0.012865367692318816
APO-LS,2,2029,3500,0.012865367692318816
APO-LS,2,2029,3600,0.012865367692318816
APO-LS,2,2029,3700,0.012865367692318816
APO-LS,2,2029,3800,0.012865367692318816
APO-LS,2,2029,3900,0.012865367692318816
APO-LS,2,2029,4000,0.012865367692318816
APO-LS,2,2029,4100,0.012865367692318816
APO-LS,2,2029,4200,0.012865367692318816
APO-LS,2,2029,4300,0.012865367692318816
APO-LS,2,2029,4400,0.012865367692318816
APO-LS,2,2029,4500,0.012865367692318816
APO-LS,2,2029,4600,0.012865367692318816
APO-LS,2,2029,4700,0.012865367692318816
APO-LS,2,2029,4800,0.012865367692318816
APO-LS,2,2029,4900,0.012865367692318816
APO-LS,2,2029,5000,0.012865367692318816
APO-LS,2,2029,5100,0.012865367692318816
APO-LS,2,2029,5200,0.012865367692318816
APO-LS,2,2029,5300,0.012865367692318816
APO-LS,2,2029,5400,0.012865367692318816
APO-LS,2,2029,5500,0.012865367692318816
APO-LS,2,2029,5600,0.012865367692318816
APO-LS,2,2029,5700,0.012865367692318816
APO-LS,2,2029,5800,0.012865367692318816
APO-LS,2,2029,5900,0.012865367692318816
APO-LS,2,2029,6000,0.012865367692318816
APO-LS,2,2029,6100,0.012865367692318816
APO-LS,2,2029,6200,0.012865367692318816
APO-LS,2,2029,6300,0.012865367692318816
APO-LS,2,2029,6400,0.012865367692318816
APO-LS,2,2029,6500,0.012865367692318816
APO-LS,2,2029,6600,0.012865367692318816
APO-LS,2,2029,6700,0.012865367692318816
APO-LS,2,2029,6800,0.012865367692318816
APO-LS,2,2029,6900,0.012865367692318816
APO-LS,2,2029,7000,0.012865367692318816
APO-LS,2,2029,7100,0.012865367692318816
APO-LS,2,2029,7200,0.012865367692318816
APO-LS,2,2029,7300,0.012865367692318816
APO-LS,2,2029,7400,0.012865367692318816
APO-LS,2,2029,7500,0.012865367692318816
APO-LS,2,2029,7600,0.012865367692318816
APO-LS,2,2029,7700,0.012865367692318816
APO-LS,2,2029,7800,0.012865367692318816
APO-LS,2,2029,7900,0.012865367692318816
APO-LS,2,2029,8000,0.012865367692318816
APO-LS,2,2029,8100,0.012865367692318816
APO-LS,2,2029,8200,0.012865367692318816
APO-LS,2,2029,8300,0.012865367692318816
APO-LS,2,2029,8400,0.012865367692318816
APO-LS,2,2029,8500,0.012865367692318816
APO-LS,2,2029,8600,0.012865367692318816
APO-LS,2,2029,8700,0.012809661427790569
APO-LS,2,2029,8800,0.012809661427790569
APO-LS,2,2029,8900,0.012809661427790569
APO-LS,2,2029,9000,0.012809661427790569
APO-LS,2,2029,9100,0.012794623553690225
APO-LS,2,2029,9200,0.012794623553690225
APO-LS,2,2029,9300,0.012794623553690225
APO-LS,2,2029,9400,0.012794623553690225
APO-LS,2,2029,9500,0.012781260954564002
APO-LS,2,2029,9600,0.012781260954564002
APO-LS,2,2029,9700,0.012768101579743334
APO-LS,2,2029,9800,0.012768101579743334
APO-LS,2,2029,9900,0.012768101579743334
APO-LS,2,2029,10000,0.012768101579743334
APO-PSO,2,2029,100,115742.94759239405
APO-PSO,2,2029,200,0.017849235777229425
APO-PSO,2,2029,300,0.017849235777229425
APO-PSO,2,2029,400,0.017849235777229425
APO-PSO,2,2029,500,0.01715326538929787
APO-PSO,2,2029,600,0.01715326538929787
APO-PSO,2,2029,700,0.01715326538929787
APO-PSO,2,2029,800,0.013358093900336415
APO-PSO,2,2029,900,0.013358093900336415
APO-PSO,2,2029,1000,0.013358093900336415
APO-PSO,2,2029,1100,0.013358093900336415
APO-PSO,2,2029,1200,0.013358093900336415
APO-PSO,2,2029,1300,0.013358093900336415
APO-PSO,2,2029,1400,0.013358093900336415
APO-PSO,2,2029,1500,0.013358093900336415
APO-PSO,2,2029,1600,0.013358093900336415
APO-PSO,2,2029,1700,0.013358093900336415
APO-PSO,2,2029,1800,0.013358093900336415
APO-PSO,2,2029,1900,0.013358093900336415
APO-PSO,2,2029,2000,0.013358093900336415
APO-PSO,2,2029,2100,0.013358093900336415
APO-PSO,2,2029,2200,0.013358093900336415
APO-PSO,2,2029,2300,0.013358093900336415
APO-PSO,2,2029,2400,0.013269632204807622
APO-PSO,2,2029,2500,0.013269632204807622
APO-PSO,2,2029,2600,0.013269632204807622
APO-PSO,2,2029,2700,0.013269632204807622
APO-PSO,2,2029,2800,0.013269632204807622
APO-PSO,2,2029,2900,0.013269632204807622
APO-PSO,2,2029,3000,0.013269632204807622
APO-PSO,2,2029,3100,0.013269632204807622
APO-PSO,2,2029,3200,0.013269632204807622
APO-PSO,2,2029,3300,0.013269632204807622
APO-PSO,2,2029,3400,0.013269632204807622
APO-PSO,2,2029,3500,0.013269632204807622
APO-PSO,2,2029,3600,0.013269632204807622
APO-PSO,2,2029,3700,0.013264991513826584
APO-PSO,2,2029,3800,0.013264991513826584
APO-PSO,2,2029,3900,0.013264991513826584
APO-PSO,2,2029,4000,0.013261362132090391
APO-PSO,2,2029,4100,0.013261362132090391
APO-PSO,2,2029,4200,0.01294565850996039
APO-PSO,2,2029,4300,0.01294565850996039
APO-PSO,2,2029,4400,0.01294565850996039
APO-PSO,2,2029,4500,0.01294565850996039
APO-PSO,2,2029,4600,0.01294565850996039
APO-PSO,2,2029,4700,0.01294565850996039
APO-PSO,2,2029,4800,0.01294565850996039
APO-PSO,2,2029,4900,0.01294565850996039
APO-PSO,2,2029,5000,0.01294565850996039
APO-PSO,2,2029,5100,0.01294565850996039
APO-PSO,2,2029,5200,0.012917016461910593
APO-PSO,2,2029,5300,0.012917016461910593
APO-PSO,2,2029,5400,0.012917016461910593
APO-PSO,2,2029,5500,0.012917016461910593
APO-PSO,2,2029,5600,0.012917016461910593
APO-PSO,2,2029,5700,0.012917016461910593
APO-PSO,2,2029,5800,0.012917016461910593
APO-PSO,2,2029,5900,0.012917016461910593
APO-PSO,2,2029,6000,0.012917016461910593
APO-PSO,2,2029,6100,0.012917016461910593
APO-PSO,2,2029,6200,0.012917016461910593
APO-PSO,2,2029,6300,0.012917016461910593
APO-PSO,2,2029,6400,0.012917016461910593
APO-PSO,2,2029,6500,0.012917016461910593
APO-PSO,2,2029,6600,0.012917016461910593
APO-PSO,2,2029,6700,0.012917016461910593
APO-PSO,2,2029,6800,0.012917016461910593
APO-PSO,2,2029,6900,0.012917016461910593
APO-PSO,2,2029,7000,0.012917016461910593
APO-PSO,2,2029,7100,0.012917016461910593
APO-PSO,2,2029,7200,0.012917016461910593
APO-PSO,2,2029,7300,0.01285417065646498
APO-PSO,2,2029,7400,0.01285417065646498
APO-PSO,2,2029,7500,0.01285417065646498
APO-PSO,2,2029,7600,0.01285417065646498
APO-PSO,2,2029,7700,0.01285417065646498
APO-PSO,2,2029,7800,0.01285417065646498
APO-PSO,2,2029,7900,0.01285417065646498
APO-PSO,2,2029,8000,0.01285417065646498
APO-PSO,2,2029,8100,0.01285417065646498
APO-PSO,2,2029,8200,0.01285417065646498
APO-PSO,2,2029,8300,0.01285417065646498
APO-PSO,2,2029,8400,0.012805603933105262
APO-PSO,2,2029,8500,0.012766214210483153
APO-PSO,2,2029,8600,0.012766214210483153
APO-PSO,2,2029,8700,0.012766214210483153
APO-PSO,2,2029,8800,0.012766214210483153
APO-PSO,2,2029,8900,0.012766214210483153
APO-PSO,2,2029,9000,0.012766214210483153
APO-PSO,2,2029,9100,0.012766214210483153
APO-PSO,2,2029,9200,0.012766214210483153
APO-PSO,2,2029,9300,0.012766214210483153
APO-PSO,2,2029,9400,0.012763338803187474
APO-PSO,2,2029,9500,0.012763338803187474
APO-PSO,2,2029,9600,0.012763338803187474
APO-PSO,2,2029,9700,0.012763056556591205
APO-PSO,2,2029,9800,0.012763056556591205
APO-PSO,2,2029,9900,0.012763056556591205
APO-PSO,2,2029,10000,0.012763056556591205
APO-wr-DE,2,2029,100,115742.94759239405
APO-wr-DE,2,2029,200,115742.94759239405
APO-wr-DE,2,2029,300,19104.162782439962
APO-wr-DE,2,2029,400,0.2157856132839486
APO-wr-DE,2,2029,500,0.0383140302828814
APO-wr-DE,2,2029,600,0.02238948053691067
APO-wr-DE,2,2029,700,0.013246317642626584
APO-wr-DE,2,2029,800,0.013246317642626584
APO-wr-DE,2,2029,900,0.013246317642626584
APO-wr-DE,2,2029,1000,0.013246317642626584
APO-wr-DE,2,2029,1100,0.013246317642626584
APO-wr-DE,2,2029,1200,0.013246317642626584
APO-wr-DE,2,2029,1300,0.013246317642626584
APO-wr-DE,2,2029,1400,0.013246317642626584
APO-wr-DE,2,2029,1500,0.013246317642626584
APO-wr-DE,2,2029,1600,0.013246317642626584
APO-wr-DE,2,2029,1700,0.013246317642626584
APO-wr-DE,2,2029,1800,0.013246317642626584
APO-wr-DE,2,2029,1900,0.013246317642626584
APO-wr-DE,2,2029,2000,0.013246317642626584
APO-wr-DE,2,2029,2100,0.013246317642626584
APO-wr-DE,2,2029,2200,0.013246317642626584
APO-wr-DE,2,2029,2300,0.013246317642626584
APO-wr-DE,2,2029,2400,0.013246317642626584
APO-wr-DE,2,2029,2500,0.013246317642626584
APO-wr-DE,2,2029,2600,0.013246317642626584
APO-wr-DE,2,2029,2700,0.013246317642626584
APO-wr-DE,2,2029,2800,0.013246317642626584
APO-wr-DE,2,2029,2900,0.013246317642626584
APO-wr-DE,2,2029,3000,0.013246317642626584
APO-wr-DE,2,2029,3100,0.013246317642626584
APO-wr-DE,2,2029,3200,0.013246317642626584
APO-wr-DE,2,2029,3300,0.013246317642626584
APO-wr-DE,2,2029,3400,0.012972374695572088
APO-wr-DE,2,2029,3500,0.012972374695572088
APO-wr-DE,2,2029,3600,0.012972374695572088
APO-wr-DE,2,2029,3700,0.012972374695572088
APO-wr-DE,2,2029,3800,0.012972374695572088
APO-wr-DE,2,2029,3900,0.01285151292906873
APO-wr-DE,2,2029,4000,0.01285151292906873
APO-wr-DE,2,2029,4100,0.01285151292906873
APO-wr-DE,2,2029,4200,0.01285151292906873
APO-wr-DE,2,2029,4300,0.01285151292906873
APO-wr-DE,2,2029,4400,0.01285151292906873
APO-wr-DE,2,2029,4500,0.01285151292906873
APO-wr-DE,2,2029,4600,0.01285151292906873
APO-wr-DE,2,2029,4700,0.01285151292906873
APO-wr-DE,2,2029,4800,0.01285151292906873
APO-wr-DE,2,2029,4900,0.01285151292906873
APO-wr-DE,2,2029,5000,0.01285151292906873
APO-wr-DE,2,2029,5100,0.01285151292906873
APO-wr-DE,2,2029,5200,0.01285151292906873
APO-wr-DE,2,2029,5300,0.01285151292906873
APO-wr-DE,2,2029,5400,0.01285151292906873
APO-wr-DE,2,2029,5500,0.01285151292906873
APO-wr-DE,2,2029,5600,0.01285151292906873
APO-wr-DE,2,2029,5700,0.01285151292906873
APO-wr-DE,2,2029,5800,0.01285151292906873
APO-wr-DE,2,2029,5900,0.01285151292906873
APO-wr-DE,2,2029,6000,0.01285151292906873
APO-wr-DE,2,2029,6100,0.01285151292906873
APO-wr-DE,2,2029,6200,0.012702563433869399
APO-wr-DE,2,2029,6300,0.012702563433869399
APO-wr-DE,2,2029,6400,0.012702563433869399
APO-wr-DE,2,2029,6500,0.012702563433869399
APO-wr-DE,2,2029,6600,0.012702563433869399
APO-wr-DE,2,2029,6700,0.012702563433869399
APO-wr-DE,2,2029,6800,0.012702563433869399
APO-wr-DE,2,2029,6900,0.012702563433869399
APO-wr-DE,2,2029,7000,0.012702563433869399
APO-wr-DE,2,2029,7100,0.012702563433869399
APO-wr-DE,2,2029,7200,0.012702563433869399
APO-wr-DE,2,2029,7300,0.012702563433869399
APO-wr-DE,2,2029,7400,0.012702563433869399
APO-wr-DE,2,2029,7500,0.012702563433869399
APO-wr-DE,2,2029,7600,0.012702563433869399
APO-wr-DE,2,2029,7700,0.012702563433869399
APO-wr-DE,2,2029,7800,0.012702563433869399
APO-wr-DE,2,2029,7900,0.012702563433869399
APO-wr-DE,2,2029,8000,0.012702563433869399
APO-wr-DE,2,2029,8100,0.012702563433869399
APO-wr-DE,2,2029,8200,0.012702563433869399
APO-wr-DE,2,2029,8300,0.012702563433869399
APO-wr-DE,2,2029,8400,0.012702563433869399
APO-wr-DE,2,2029,8500,0.012702563433869399
APO-wr-DE,2,2029,8600,0.012702563433869399
APO-wr-DE,2,2029,8700,0.012702563433869399
APO-wr-DE,2,2029,8800,0.012702563433869399
APO-wr-DE,2,2029,8900,0.012702563433869399
APO-wr-DE,2,2029,9000,0.012702563433869399
APO-wr-DE,2,2029,9100,0.012702563433869399
APO-wr-DE,2,2029,9200,0.012702563433869399
APO-wr-DE,2,2029,9300,0.012698022600414378
APO-wr-DE,2,2029,9400,0.012698022600414378
APO-wr-DE,2,2029,9500,0.012692353268443035
APO-wr-DE,2,2029,9600,0.012692353268443035
APO-wr-DE,2,2029,9700,0.012692353268443035
APO-wr-DE,2,2029,9800,0.012691847511281723
APO-wr-DE,2,2029,9900,0.012691847511281723
APO-wr-DE,2,2029,10000,0.012691847511281723
APO-wr-LS,2,2029,100,115742.94759239405
APO-wr-LS,2,2029,200,43231.07953124041
APO-wr-LS,2,2029,300,0.05916612964173882
APO-wr-LS,2,2029,400,0.05507151781251809
APO-wr-LS,2,2029,500,0.03964765092428319
APO-wr-LS,2,2029,600,0.02888364852832044
APO-wr-LS,2,2029,700,0.023173500841047683
APO-wr-LS,2,2029,800,0.013312978203034143
APO-wr-LS,2,2029,900,0.013312978203034143
APO-wr-LS,2,2029,1000,0.013312978203034143
APO-wr-LS,2,2029,1100,0.013046401707306936
APO-wr-LS,2,2029,1200,0.013046401707306936
APO-wr-LS,2,2029,1300,0.013046401707306936
APO-wr-LS,2,2029,1400,0.013046401707306936
APO-wr-LS,2,2029,1500,0.013046401707306936
APO-wr-LS,2,2029,1600,0.013046401707306936
APO-wr-LS,2,2029,1700,0.013046401707306936
APO-wr-LS,2,2029,1800,0.013046401707306936
APO-wr-LS,2,2029,1900,0.013046401707306936
APO-wr-LS,2,2029,2000,0.013046401707306936
APO-wr-LS,2,2029,2100,0.013046401707306936
APO-wr-LS,2,2029,2200,0.01302964114151696
APO-wr-LS,2,2029,2300,0.01302964114151696
APO-wr-LS,2,2029,2400,0.01302964114151696
APO-wr-LS,2,2029,2500,0.01302964114151696
APO-wr-LS,2,2029,2600,0.01302964114151696
APO-wr-LS,2,2029,2700,0.01302964114151696
APO-wr-LS,2,2029,2800,0.01302964114151696
APO-wr-LS,2,2029,2900,0.01302964114151696
APO-wr-LS,2,2029,3000,0.0128809711602008
APO-wr-LS,2,2029,3100,0.0128809711602008
APO-wr-LS,2,2029,3200,0.0128809711602008
APO-wr-LS,2,2029,3300,0.0128809711602008
APO-wr-LS,2,2029,3400,0.0128809711602008
APO-wr-LS,2,2029,3500,0.0128809711602008
APO-wr-LS,2,2029,3600,0.0128809711602008
APO-wr-LS,2,2029,3700,0.0128809711602008
APO-wr-LS,2,2029,3800,0.0128809711602008
APO-wr-LS,2,2029,3900,0.0128809711602008
APO-wr-LS,2,2029,4000,0.0128809711602008
APO-wr-LS,2,2029,4100,0.012677481891331705
APO-wr-LS,2,2029,4200,0.012677481891331705
APO-wr-LS,2,2029,4300,0.012677481891331705
APO-wr-LS,2,2029,4400,0.012677481891331705
APO-wr-LS,2,2029,4500,0.012677481891331705
APO-wr-LS,2,2029,4600,0.012677481891331705
APO-wr-LS,2,2029,4700,0.012677481891331705
APO-wr-LS,2,2029,4800,0.012677481891331705
APO-wr-LS,2,2029,4900,0.012677481891331705
APO-wr-LS,2,2029,5000,0.012677481891331705
APO-wr-LS,2,2029,5100,0.012677481891331705
APO-wr-LS,2,2029,5200,0.012677481891331705
APO-wr-LS,2,2029,5300,0.012677481891331705
APO-wr-LS,2,2029,5400,0.012677481891331705
APO-wr-LS,2,2029,5500,0.012677481891331705
APO-wr-LS,2,2029,5600,0.012677481891331705
APO-wr-LS,2,2029,5700,0.012677481891331705
APO-wr-LS,2,2029,5800,0.012677481891331705
APO-wr-LS,2,2029,5900,0.012677481891331705
APO-wr-LS,2,2029,6000,0.012677481891331705
APO-wr-LS,2,2029,6100,0.012677481891331705
APO-wr-LS,2,2029,6200,0.012677481891331705
APO-wr-LS,2,2029,6300,0.012677481891331705
APO-wr-LS,2,2029,6400,0.012677481891331705
APO-wr-LS,2,2029,6500,0.012677481891331705
APO-wr-LS,2,2029,6600,0.012677481891331705
APO-wr-LS,2,2029,6700,0.012677481891331705
APO-wr-LS,2,2029,6800,0.012677481891331705
APO-wr-LS,2,2029,6900,0.012677481891331705
APO-wr-LS,2,2029,7000,0.012677481891331705
APO-wr-LS,2,2029,7100,0.012677481891331705
APO-wr-LS,2,2029,7200,0.012677481891331705
APO-wr-LS,2,2029,7300,0.012677481891331705
APO-wr-LS,2,2029,7400,0.012677481891331705
APO-wr-LS,2,2029,7500,0.012677481891331705
APO-wr-LS,2,2029,7600,0.012677481891331705
APO-wr-LS,2,2029,7700,0.012677481891331705
APO-wr-LS,2,2029,7800,0.012677481891331705
APO-wr-LS,2,2029,7900,0.012677481891331705
APO-wr-LS,2,2029,8000,0.012677481891331705
APO-wr-LS,2,2029,8100,0.012677481891331705
APO-wr-LS,2,2029,8200,0.012677481891331705
APO-wr-LS,2,2029,8300,0.012677481891331705
APO-wr-LS,2,2029,8400,0.012677481891331705
APO-wr-LS,2,2029,8500,0.012677481891331705
APO-wr-LS,2,2029,8600,0.012677481891331705
APO-wr-LS,2,2029,8700,0.012677481891331705
APO-wr-LS,2,2029,8800,0.012677481891331705
APO-wr-LS,2,2029,8900,0.012677481891331705
APO-wr-LS,2,2029,9000,0.012677318379081554
APO-wr-LS,2,2029,9100,0.012677318379081554
APO-wr-LS,2,2029,9200,0.012677318379081554
APO-wr-LS,2,2029,9300,0.012677318379081554
APO-wr-LS,2,2029,9400,0.012677318379081554
APO-wr-LS,2,2029,9500,0.012677318379081554
APO-wr-LS,2,2029,9600,0.012677318379081554
APO-wr-LS,2,2029,9700,0.012677318379081554
APO-wr-LS,2,2029,9800,0.012677318379081554
APO-wr-LS,2,2029,9900,0.01267717098471367
APO-wr-LS,2,2029,10000,0.012677151880491138
APO-wr-PSO,2,2029,100,115742.94759239405
APO-wr-PSO,2,2029,200,0.017849235777229425
APO-wr-PSO,2,2029,300,0.017849235777229425
APO-wr-PSO,2,2029,400,0.017849235777229425
APO-wr-PSO,2,2029,500,0.017174191076798108
APO-wr-PSO,2,2029,600,0.017174191076798108
APO-wr-PSO,2,2029,700,0.015491131410947727
APO-wr-PSO,2,2029,800,0.015016900846763338
APO-wr-PSO,2,2029,900,0.015016900846763338
APO-wr-PSO,2,2029,1000,0.014571334853979597
APO-wr-PSO,2,2029,1100,0.014113558659622816
APO-wr-PSO,2,2029,1200,0.013138560982932083
APO-wr-PSO,2,2029,1300,0.013138560982932083
APO-wr-PSO,2,2029,1400,0.013138560982932083
APO-wr-PSO,2,2029,1500,0.013014276239437426
APO-wr-PSO,2,2029,1600,0.013014276239437426
APO-wr-PSO,2,2029,1700,0.013014276239437426
APO-wr-PSO,2,2029,1800,0.013014276239437426
APO-wr-PSO,2,2029,1900,0.012762745009322
APO-wr-PSO,2,2029,2000,0.012762745009322
APO-wr-PSO,2,2029,2100,0.012762745009322
APO-wr-PSO,2,2029,2200,0.012762745009322
APO-wr-PSO,2,2029,2300,0.012762745009322
APO-wr-PSO,2,2029,2400,0.012762745009322
APO-wr-PSO,2,2029,2500,0.012762745009322
APO-wr-PSO,2,2029,2600,0.012762745009322
APO-wr-PSO,2,2029,2700,0.012762745009322
APO-wr-PSO,2,2029,2800,0.012762745009322
APO-wr-PSO,2,2029,2900,0.012762745009322
APO-wr-PSO,2,2029,3000,0.012762745009322
APO-wr-PSO,2,2029,3100,0.012762745009322
APO-wr-PSO,2,2029,3200,0.012762745009322
APO-wr-PSO,2,2029,3300,0.012762745009322
APO-wr-PSO,2,2029,3400,0.012762745009322
APO-wr-PSO,2,2029,3500,0.012762745009322
APO-wr-PSO,2,2029,3600,0.012762745009322
APO-wr-PSO,2,2029,3700,0.012762745009322
APO-wr-PSO,2,2029,3800,0.012762745009322
APO-wr-PSO,2,2029,3900,0.012762745009322
APO-wr-PSO,2,2029,4000,0.012762745009322
APO-wr-PSO,2,2029,4100,0.012762745009322
APO-wr-PSO,2,2029,4200,0.012762745009322
APO-wr-PSO,2,2029,4300,0.012762745009322
APO-wr-PSO,2,2029,4400,0.012762745009322
APO-wr-PSO,2,2029,4500,0.012762745009322
APO-wr-PSO,2,2029,4600,0.012762745009322
APO-wr-PSO,2,2029,4700,0.012762745009322
APO-wr-PSO,2,2029,4800,0.012762745009322
APO-wr-PSO,2,2029,4900,0.012762745009322
APO-wr-PSO,2,2029,5000,0.012759799637132842
APO-wr-PSO,2,2029,5100,0.012759799637132842
APO-wr-PSO,2,2029,5200,0.012759799637132842
APO-wr-PSO,2,2029,5300,0.012759799637132842
APO-wr-PSO,2,2029,5400,0.012759799637132842
APO-wr-PSO,2,2029,5500,0.012759799637132842
APO-wr-PSO,2,2029,5600,0.012759799637132842
APO-wr-PSO,2,2029,5700,0.012759799637132842
APO-wr-PSO,2,2029,5800,0.012759799637132842
APO-wr-PSO,2,2029,5900,0.012759799637132842
APO-wr-PSO,2,2029,6000,0.012759799637132842
APO-wr-PSO,2,2029,6100,0.012721202418623675
APO-wr-PSO,2,2029,6200,0.012721202418623675
APO-wr-PSO,2,2029,6300,0.012721202418623675
APO-wr-PSO,2,2029,6400,0.012721202418623675
APO-wr-PSO,2,2029,6500,0.012721202418623675
APO-wr-PSO,2,2029,6600,0.012721202418623675
APO-wr-PSO,2,2029,6700,0.012721202418623675
APO-wr-PSO,2,2029,6800,0.012721202418623675
APO-wr-PSO,2,2029,6900,0.012721202418623675
APO-wr-PSO,2,2029,7000,0.012721202418623675
APO-wr-PSO,2,2029,7100,0.012721202418623675
APO-wr-PSO,2,2029,7200,0.012721202418623675
APO-wr-PSO,2,2029,7300,0.012721202418623675
APO-wr-PSO,2,2029,7400,0.012721202418623675
APO-wr-PSO,2,2029,7500,0.012721202418623675
APO-wr-PSO,2,2029,7600,0.012721202418623675
APO-wr-PSO,2,2029,7700,0.012721202418623675
APO-wr-PSO,2,2029,7800,0.012721202418623675
APO-wr-PSO,2,2029,7900,0.012721202418623675
APO-wr-PSO,2,2029,8000,0.012721202418623675
APO-wr-PSO,2,2029,8100,0.012721202418623675
APO-wr-PSO,2,2029,8200,0.012721202418623675
APO-wr-PSO,2,2029,8300,0.012721202418623675
APO-wr-PSO,2,2029,8400,0.012714386254953513
APO-wr-PSO,2,2029,8500,0.012700422434331993
APO-wr-PSO,2,2029,8600,0.012700422434331993
APO-wr-PSO,2,2029,8700,0.012700422434331993
APO-wr-PSO,2,2029,8800,0.012700422434331993
APO-wr-PSO,2,2029,8900,0.012700422434331993
APO-wr-PSO,2,2029,9000,0.012700422434331993
APO-wr-PSO,2,2029,9100,0.012700422434331993
APO-wr-PSO,2,2029,9200,0.012700422434331993
APO-wr-PSO,2,2029,9300,0.012700422434331993
APO-wr-PSO,2,2029,9400,0.012700422434331993
APO-wr-PSO,2,2029,9500,0.012694975069544853
APO-wr-PSO,2,2029,9600,0.012694975069544853
APO-wr-PSO,2,2029,9700,0.012692124637205754
APO-wr-PSO,2,2029,9800,0.012690560500324174
APO-wr-PSO,2,2029,9900,0.012690560500324174
APO-wr-PSO,2,2029,10000,0.012690560500324174
APO,3,2036,100,0.03979111189467679
APO,3,2036,200,0.03979111189467679
APO,3,2036,300,0.03979111189467679
APO,3,2036,400,0.03979111189467679
APO,3,2036,500,0.03979111141822736
APO,3,2036,600,0.014974424960365433
APO,3,2036,700,0.014974424930488943
APO,3,2036,800,0.014974424930488943
APO,3,2036,900,0.014974424930488943
APO,3,2036,1000,0.014974422993269731
APO,3,2036,1100,0.014974422993269731
APO,3,2036,1200,0.014913463058887568
APO,3,2036,1300,0.014913463058887568
APO,3,2036,1400,0.013183029239142255
APO,3,2036,1500,0.013183029239142255
APO,3,2036,1600,0.013183029239142255
APO,3,2036,1700,0.013183029239142255
APO,3,2036,1800,0.013183029239142255
APO,3,2036,1900,0.013183029239142255
APO,3,2036,2000,0.013183029239142255
APO,3,2036,2100,0.013183029239142255
APO,3,2036,2200,0.013183029239142255
APO,3,2036,2300,0.013183029239142255
APO,3,2036,2400,0.013183029239142255
APO,3,2036,2500,0.013183029239142255
APO,3,2036,2600,0.013183029239142255
APO,3,2036,2700,0.013183029239142255
APO,3,2036,2800,0.013183029239142255
APO,3,2036,2900,0.013183029239142255
APO,3,2036,3000,0.013183029239142255
APO,3,2036,3100,0.013183029239142255
APO,3,2036,3200,0.013183029239142255
APO,3,2036,3300,0.013183029239142255
APO,3,2036,3400,0.013183029239142255
APO,3,2036,3500,0.013183029239142255
APO,3,2036,3600,0.013183029239142255
APO,3,2036,3700,0.013183029239142255
APO,3,2036,3800,0.013183029239142255
APO,3,2036,3900,0.013183029239142255
APO,3,2036,4000,0.013183029239142255
APO,3,2036,4100,0.013183029239142255
APO,3,2036,4200,0.013183029239142255
APO,3,2036,4300,0.013183029239142255
APO,3,2036,4400,0.013183029239142255
APO,3,2036,4500,0.013183029239142255
APO,3,2036,4600,0.013183029239142255
APO,3,2036,4700,0.013183029239142255
APO,3,2036,4800,0.013183029239142255
APO,3,2036,4900,0.013183029239142255
APO,3,2036,5000,0.013183029239142255
APO,3,2036,5100,0.013183029239142255
APO,3,2036,5200,0.013183029239142255
APO,3,2036,5300,0.013183029239142255
APO,3,2036,5400,0.013183029239142255
APO,3,2036,5500,0.013183029239142255
APO,3,2036,5600,0.013183029239142255
APO,3,2036,5700,0.013183029239142255
APO,3,2036,5800,0.013183029239142255
APO,3,2036,5900,0.013183029239142255
APO,3,2036,6000,0.012968071089518455
APO,3,2036,6100,0.012968071089518455
APO,3,2036,6200,0.012968071089518455
APO,3,2036,6300,0.012968071089518455
APO,3,2036,6400,0.012968071089518455
APO,3,2036,6500,0.012968071089518455
APO,3,2036,6600,0.012968071089518455
APO,3,2036,6700,0.012945201046673791
APO,3,2036,6800,0.012945201046673791
APO,3,2036,6900,0.012930629178452406
APO,3,2036,7000,0.012930629178452406
APO,3,2036,7100,0.012913340001499612
APO,3,2036,7200,0.012875369473824802
APO,3,2036,7300,0.012875369473824802
APO,3,2036,7400,0.012875369473824802
APO,3,2036,7500,0.012875369473824802
APO,3,2036,7600,0.012844750241399798
APO,3,2036,7700,0.012842201137825785
APO,3,2036,7800,0.012842201137825785
APO,3,2036,7900,0.012842201137825785
APO,3,2036,8000,0.012842201137825785
APO,3,2036,8100,0.012842201137825785
APO,3,2036,8200,0.012842201137825785
APO,3,2036,8300,0.012842201137825785
APO,3,2036,8400,0.012842201137825785
APO,3,2036,8500,0.012842201137825785
APO,3,2036,8600,0.012834975251381353
APO,3,2036,8700,0.012834975251381353
APO,3,2036,8800,0.012834975251381353
APO,3,2036,8900,0.012834975251381353
APO,3,2036,9000,0.012834975251381353
APO,3,2036,9100,0.012834975251381353
APO,3,2036,9200,0.012832610537123233
APO,3,2036,9300,0.012832610537123233
APO,3,2036,9400,0.012832610537123233
APO,3,2036,9500,0.012832610537123233
APO,3,2036,9600,0.012832610537123233
APO,3,2036,9700,0.012832010453979272
APO,3,2036,9800,0.012831820798677111
APO,3,2036,9900,0.012831418504455152
APO,3,2036,10000,0.012831275268232205
APO-wr,3,2036,100,0.03979111189467679
APO-wr,3,2036,200,0.03979111189467679
APO-wr,3,2036,300,0.03979111189467679
APO-wr,3,2036,400,0.03450787178112158
APO-wr,3,2036,500,0.03450787178112158
APO-wr,3,2036,600,0.02103036791550834
APO-wr,3,2036,700,0.02103036791550834
APO-wr,3,2036,800,0.02103036791550834
APO-wr,3,2036,900,0.013218078183942009
APO-wr,3,2036,1000,0.013218078183942009
APO-wr,3,2036,1100,0.013218078183942009
APO-wr,3,2036,1200,0.01284094199857804
APO-wr,3,2036,1300,0.01284094199857804
APO-wr,3,2036,1400,0.01284094199857804
APO-wr,3,2036,1500,0.01284094199857804
APO-wr,3,2036,1600,0.01284094199857804
APO-wr,3,2036,1700,0.01284094199857804
APO-wr,3,2036,1800,0.01284094199857804
APO-wr,3,2036,1900,0.01284094199857804
APO-wr,3,2036,2000,0.01284094199857804
APO-wr,3,2036,2100,0.01284094199857804
APO-wr,3,2036,2200,0.01284094199857804
APO-wr,3,2036,2300,0.01284094199857804
APO-wr,3,2036,2400,0.01284094199857804
APO-wr,3,2036,2500,0.01284094199857804
APO-wr,3,2036,2600,0.01284094199857804
APO-wr,3,2036,2700,0.01284094199857804
APO-wr,3,2036,2800,0.01284094199857804
APO-wr,3,2036,2900,0.01284094199857804
APO-wr,3,2036,3000,0.012799186710853859
APO-wr,3,2036,3100,0.012799186710853859
APO-wr,3,2036,3200,0.012799186710853859
APO-wr,3,2036,3300,0.012799186710853859
APO-wr,3,2036,3400,0.012799186710853859
APO-wr,3,2036,3500,0.012799186710853859
APO-wr,3,2036,3600,0.012799186710853859
APO-wr,3,2036,3700,0.012799186710853859
APO-wr,3,2036,3800,0.012799186710853859
APO-wr,3,2036,3900,0.012799186710853859
APO-wr,3,2036,4000,0.012799186710853859
APO-wr,3,2036,4100,0.012799186710853859
APO-wr,3,2036,4200,0.012799186710853859
APO-wr,3,2036,4300,0.012799186710853859
APO-wr,3,2036,4400,0.012799186710853859
APO-wr,3,2036,4500,0.012799186710853859
APO-wr,3,2036,4600,0.012799186710853859
APO-wr,3,2036,4700,0.012799186710853859
APO-wr,3,2036,4800,0.012799186710853859
APO-wr,3,2036,4900,0.012799186710853859
APO-wr,3,2036,5000,0.0127534863232561
APO-wr,3,2036,5100,0.0127534863232561
APO-wr,3,2036,5200,0.0127534863232561
APO-wr,3,2036,5300,0.0127534863232561
APO-wr,3,2036,5400,0.0127534863232561
APO-wr,3,2036,5500,0.0127534863232561
APO-wr,3,2036,5600,0.0127534863232561
APO-wr,3,2036,5700,0.0127534863232561
APO-wr,3,2036,5800,0.0127534863232561
APO-wr,3,2036,5900,0.0127534863232561
APO-wr,3,2036,6000,0.012710944949714576
APO-wr,3,2036,6100,0.012710944949714576
APO-wr,3,2036,6200,0.012710944949714576
APO-wr,3,2036,6300,0.012710944949714576
APO-wr,3,2036,6400,0.012710944949714576
APO-wr,3,2036,6500,0.012710944949714576
APO-wr,3,2036,6600,0.012710944949714576
APO-wr,3,2036,6700,0.012710944949714576
APO-wr,3,2036,6800,0.012710944949714576
APO-wr,3,2036,6900,0.012710944949714576
APO-wr,3,2036,7000,0.012710944949714576
APO-wr,3,2036,7100,0.012710944949714576
APO-wr,3,2036,7200,0.012710944949714576
APO-wr,3,2036,7300,0.012710944949714576
APO-wr,3,2036,7400,0.012693888914015619
APO-wr,3,2036,7500,0.012693888914015619
APO-wr,3,2036,7600,0.012693888914015619
APO-wr,3,2036,7700,0.01268951291904778
APO-wr,3,2036,7800,0.01268951291904778
APO-wr,3,2036,7900,0.01268951291904778
APO-wr,3,2036,8000,0.01268951291904778
APO-wr,3,2036,8100,0.01268951291904778
APO-wr,3,2036,8200,0.01268951291904778
APO-wr,3,2036,8300,0.01268951291904778
APO-wr,3,2036,8400,0.01268951291904778
APO-wr,3,2036,8500,0.01268951291904778
APO-wr,3,2036,8600,0.012686133520469437
APO-wr,3,2036,8700,0.012686133520469437
APO-wr,3,2036,8800,0.012686133520469437
APO-wr,3,2036,8900,0.012686133520469437
APO-wr,3,2036,9000,0.012686133520469437
APO-wr,3,2036,9100,0.012686133520469437
APO-wr,3,2036,9200,0.012686133520469437
APO-wr,3,2036,9300,0.012686133520469437
APO-wr,3,2036,9400,0.012676461258285076
APO-wr,3,2036,9500,0.012676461258285076
APO-wr,3,2036,9600,0.012669439717781983
APO-wr,3,2036,9700,0.012669439717781983
APO-wr,3,2036,9800,0.012669225695816038
APO-wr,3,2036,9900,0.012669225695816038
APO-wr,3,2036,10000,0.012669225695816038
APO-DE,3,2036,100,0.03979111189467679
APO-DE,3,2036,200,0.03979111189467679
APO-DE,3,2036,300,0.03979111189467679
APO-DE,3,2036,400,0.03826205625845797
APO-DE,3,2036,500,0.03218897859749641
APO-DE,3,2036,600,0.03218897859749641
APO-DE,3,2036,700,0.027753635733631158
APO-DE,3,2036,800,0.013312995458496398
APO-DE,3,2036,900,0.013312995458496398
APO-DE,3,2036,1000,0.013312995458496398
APO-DE,3,2036,1100,0.013312995458496398
APO-DE,3,2036,1200,0.013312995458496398
APO-DE,3,2036,1300,0.013312995458496398
APO-DE,3,2036,1400,0.013312995458496398
APO-DE,3,2036,1500,0.013312995458496398
APO-DE,3,2036,1600,0.013312995458496398
APO-DE,3,2036,1700,0.013312995458496398
APO-DE,3,2036,1800,0.013312995458496398
APO-DE,3,2036,1900,0.013312995458496398
APO-DE,3,2036,2000,0.013312995458496398
APO-DE,3,2036,2100,0.013312995458496398
APO-DE,3,2036,2200,0.013312995458496398
APO-DE,3,2036,2300,0.013312995458496398
APO-DE,3,2036,2400,0.013312995458496398
APO-DE,3,2036,2500,0.013312995458496398
APO-DE,3,2036,2600,0.013312995458496398
APO-DE,3,2036,2700,0.013267994316434627
APO-DE,3,2036,2800,0.013267994316434627
APO-DE,3,2036,2900,0.013267994316434627
APO-DE,3,2036,3000,0.013267994316434627
APO-DE,3,2036,3100,0.013267994316434627
APO-DE,3,2036,3200,0.013267994316434627
APO-DE,3,2036,3300,0.013267994316434627
APO-DE,3,2036,3400,0.013267994316434627
APO-DE,3,2036,3500,0.013267994316434627
APO-DE,3,2036,3600,0.013267994316434627
APO-DE,3,2036,3700,0.013267994316434627
APO-DE,3,2036,3800,0.013267994316434627
APO-DE,3,2036,3900,0.013184050682371606
APO-DE,3,2036,4000,0.013184050682371606
APO-DE,3,2036,4100,0.013184050682371606
APO-DE,3,2036,4200,0.013184050682371606
APO-DE,3,2036,4300,0.013184050682371606
APO-DE,3,2036,4400,0.013184050682371606
APO-DE,3,2036,4500,0.013037086726251448
APO-DE,3,2036,4600,0.013037086726251448
APO-DE,3,2036,4700,0.013037086726251448
APO-DE,3,2036,4800,0.013037086726251448
APO-DE,3,2036,4900,0.013037086726251448
APO-DE,3,2036,5000,0.013037086726251448
APO-DE,3,2036,5100,0.013037086726251448
APO-DE,3,2036,5200,0.013037086726251448
APO-DE,3,2036,5300,0.013037086726251448
APO-DE,3,2036,5400,0.013037086726251448
APO-DE,3,2036,5500,0.013037086726251448
APO-DE,3,2036,5600,0.013037086726251448
APO-DE,3,2036,5700,0.013037086726251448
APO-DE,3,2036,5800,0.013037086726251448
APO-DE,3,2036,5900,0.013037086726251448
APO-DE,3,2036,6000,0.013037086726251448
APO-DE,3,2036,6100,0.013037086726251448
APO-DE,3,2036,6200,0.013037086726251448
APO-DE,3,2036,6300,0.012908570516655895
APO-DE,3,2036,6400,0.012908570516655895
APO-DE,3,2036,6500,0.012908570516655895
APO-DE,3,2036,6600,0.012908570516655895
APO-DE,3,2036,6700,0.012908570516655895
APO-DE,3,2036,6800,0.012908570516655895
APO-DE,3,2036,6900,0.012908570516655895
APO-DE,3,2036,7000,0.012908570516655895
APO-DE,3,2036,7100,0.012908570516655895
APO-DE,3,2036,7200,0.012908570516655895
APO-DE,3,2036,7300,0.012908570516655895
APO-DE,3,2036,7400,0.012908570516655895
APO-DE,3,2036,7500,0.012908570516655895
APO-DE,3,2036,7600,0.012865155978337602
APO-DE,3,2036,7700,0.012865155978337602
APO-DE,3,2036,7800,0.012865155978337602
APO-DE,3,2036,7900,0.012838177299196282
APO-DE,3,2036,8000,0.012838177299196282
APO-DE,3,2036,8100,0.012838177299196282
APO-DE,3,2036,8200,0.012838177299196282
APO-DE,3,2036,8300,0.012838177299196282
APO-DE,3,2036,8400,0.01281170269728365
APO-DE,3,2036,8500,0.01281170269728365
APO-DE,3,2036,8600,0.01277291173064291
APO-DE,3,2036,8700,0.01277291173064291
APO-DE,3,2036,8800,0.01277291173064291
APO-DE,3,2036,8900,0.01277291173064291
APO-DE,3,2036,9000,0.012725711974541068
APO-DE,3,2036,9100,0.012715699667536854
APO-DE,3,2036,9200,0.012715699667536854
APO-DE,3,2036,9300,0.01271399652335557
APO-DE,3,2036,9400,0.01271396588949706
APO-DE,3,2036,9500,0.01271396588949706
APO-DE,3,2036,9600,0.012713697602885666
APO-DE,3,2036,9700,0.012704673930309439
APO-DE,3,2036,9800,0.012704673930309439
APO-DE,3,2036,9900,0.012703768041445525
APO-DE,3,2036,10000,0.012703685857552991
APO-LS,3,2036,100,0.03979111189467679
APO-LS,3,2036,200,0.03979111189467679
APO-LS,3,2036,300,0.03979111189467679
APO-LS,3,2036,400,0.03979111189467679
APO-LS,3,2036,500,0.03979111189467679
APO-LS,3,2036,600,0.03979111189467679
APO-LS,3,2036,700,0.019342581174783335
APO-LS,3,2036,800,0.019342580865227634
APO-LS,3,2036,900,0.01604659045758143
APO-LS,3,2036,1000,0.01604659045758143
APO-LS,3,2036,1100,0.015538210359915235
APO-LS,3,2036,1200,0.015538210359915235
APO-LS,3,2036,1300,0.015538210359915235
APO-LS,3,2036,1400,0.014587301143524689
APO-LS,3,2036,1500,0.014587301143524689
APO-LS,3,2036,1600,0.014587301143524689
APO-LS,3,2036,1700,0.014587301143524689
APO-LS,3,2036,1800,0.014587301143524689
APO-LS,3,2036,1900,0.014587301143524689
APO-LS,3,2036,2000,0.014365703701676715
APO-LS,3,2036,2100,0.014365703701676715
APO-LS,3,2036,2200,0.014365703701676715
APO-LS,3,2036,2300,0.014365703701676715
APO-LS,3,2036,2400,0.014365703701676715
APO-LS,3,2036,2500,0.013310315299123299
APO-LS,3,2036,2600,0.013310315299123299
APO-LS,3,2036,2700,0.013310315299123299
APO-LS,3,2036,2800,0.013310315299123299
APO-LS,3,2036,2900,0.013310315299123299
APO-LS,3,2036,3000,0.013301957069428669
APO-LS,3,2036,3100,0.013301957069428669
APO-LS,3,2036,3200,0.013301957069428669
APO-LS,3,2036,3300,0.013301957069428669
APO-LS,3,2036,3400,0.013301957069428669
APO-LS,3,2036,3500,0.013301957069428669
APO-LS,3,2036,3600,0.013222956460873092
APO-LS,3,2036,3700,0.013222956460873092
APO-LS,3,2036,3800,0.013222956460873092
APO-LS,3,2036,3900,0.013222956460873092
APO-LS,3,2036,4000,0.013222956460873092
APO-LS,3,2036,4100,0.013222956460873092
APO-LS,3,2036,4200,0.013222956460873092
APO-LS,3,2036,4300,0.013222956460873092
APO-LS,3,2036,4400,0.013222956460873092
APO-LS,3,2036,4500,0.013222956460873092
APO-LS,3,2036,4600,0.013222956460873092
APO-LS,3,2036,4700,0.013222956460873092
APO-LS,3,2036,4800,0.013222956460873092
APO-LS,3,2036,4900,0.013222956460873092
APO-LS,3,2036,5000,0.013222956460873092
APO-LS,3,2036,5100,0.013222956460873092
APO-LS,3,2036,5200,0.013222956460873092
APO-LS,3,2036,5300,0.013222956460873092
APO-LS,3,2036,5400,0.01310848539768506
APO-LS,3,2036,5500,0.01310848539768506
APO-LS,3,2036,5600,0.01310848539768506
APO-LS,3,2036,5700,0.01310848539768506
APO-LS,3,2036,5800,0.01310848539768506
APO-LS,3,2036,5900,0.01310848539768506
APO-LS,3,2036,6000,0.01310848539768506
APO-LS,3,2036,6100,0.013105380455544581
APO-LS,3,2036,6200,0.013105380455544581
APO-LS,3,2036,6300,0.013105380455544581
APO-LS,3,2036,6400,0.013105380455544581
APO-LS,3,2036,6500,0.013105380455544581
APO-LS,3,2036,6600,0.013095326377084972
APO-LS,3,2036,6700,0.013095326377084972
APO-LS,3,2036,6800,0.013095326377084972
APO-LS,3,2036,6900,0.013095326377084972
APO-LS,3,2036,7000,0.013020242990041148
APO-LS,3,2036,7100,0.013020242990041148
APO-LS,3,2036,7200,0.013020242990041148
APO-LS,3,2036,7300,0.012824030657845603
APO-LS,3,2036,7400,0.012824030657845603
APO-LS,3,2036,7500,0.012824030657845603
APO-LS,3,2036,7600,0.012824030657845603
APO-LS,3,2036,7700,0.012824030657845603
APO-LS,3,2036,7800,0.012824030657845603
APO-LS,3,2036,7900,0.012824030657845603
APO-LS,3,2036,8000,0.012824030657845603
APO-LS,3,2036,8100,0.012824030657845603
APO-LS,3,2036,8200,0.012824030657845603
APO-LS,3,2036,8300,0.012824030657845603
APO-LS,3,2036,8400,0.012824030657845603
APO-LS,3,2036,8500,0.012824030657845603
APO-LS,3,2036,8600,0.012824030657845603
APO-LS,3,2036,8700,0.012810463505712676
APO-LS,3,2036,8800,0.012810463505712676
APO-LS,3,2036,8900,0.012810463505712676
APO-LS,3,2036,9000,0.012810463505712676
APO-LS,3,2036,9100,0.012809127522984179
APO-LS,3,2036,9200,0.012809127522984179
APO-LS,3,2036,9300,0.012806208800051963
APO-LS,3,2036,9400,0.012806208800051963
APO-LS,3,2036,9500,0.01278818191177782
APO-LS,3,2036,9600,0.012786434305116933
APO-LS,3,2036,9700,0.012786434305116933
APO-LS,3,2036,9800,0.012783773689409108
APO-LS,3,2036,9900,0.012783477691122522
APO-LS,3,2036,10000,0.012783477691122522
APO-PSO,3,2036,100,0.03979111189467679
APO-PSO,3,2036,200,0.03979111189467679
APO-PSO,3,2036,300,0.03979111189467679
APO-PSO,3,2036,400,0.03979111189467679
APO-PSO,3,2036,500,0.03979111189467679
APO-PSO,3,2036,600,0.025800740770734486
APO-PSO,3,2036,700,0.015722106008813637
APO-PSO,3,2036,800,0.014982567212465176
APO-PSO,3,2036,900,0.014982567212465176
APO-PSO,3,2036,1000,0.013595607568219181
APO-PSO,3,2036,1100,0.013595607568219181
APO-PSO,3,2036,1200,0.013595607568219181
APO-PSO,3,2036,1300,0.013595607568219181
APO-PSO,3,2036,1400,0.013595607568219181
APO-PSO,3,2036,1500,0.013595607568219181
APO-PSO,3,2036,1600,0.013595607568219181
APO-PSO,3,2036,1700,0.013595607568219181
APO-PSO,3,2036,1800,0.013595607568219181
APO-PSO,3,2036,1900,0.013595607568219181
APO-PSO,3,2036,2000,0.013595607568219181
APO-PSO,3,2036,2100,0.013445444999307742
APO-PSO,3,2036,2200,0.013445444999307742
APO-PSO,3,2036,2300,0.013445444999307742
APO-PSO,3,2036,2400,0.013410325909268989
APO-PSO,3,2036,2500,0.013410325909268989
APO-PSO,3,2036,2600,0.013410325909268989
APO-PSO,3,2036,2700,0.013410325909268989
APO-PSO,3,2036,2800,0.013410325909268989
APO-PSO,3,2036,2900,0.013410325909268989
APO-PSO,3,2036,3000,0.012987347012039291
APO-PSO,3,2036,3100,0.012987347012039291
APO-PSO,3,2036,3200,0.01295368728993155
APO-PSO,3,2036,3300,0.01295368728993155
APO-PSO,3,2036,3400,0.01295368728993155
APO-PSO,3,2036,3500,0.01295368728993155
APO-PSO,3,2036,3600,0.01295368728993155
APO-PSO,3,2036,3700,0.01295368728993155
APO-PSO,3,2036,3800,0.01295368728993155
APO-PSO,3,2036,3900,0.01295368728993155
APO-PSO,3,2036,4000,0.012784791188011591
APO-PSO,3,2036,4100,0.012784791188011591
APO-PSO,3,2036,4200,0.012784791188011591
APO-PSO,3,2036,4300,0.012784791188011591
APO-PSO,3,2036,4400,0.012784791188011591
APO-PSO,3,2036,4500,0.012784791188011591
APO-PSO,3,2036,4600,0.012784791188011591
APO-PSO,3,2036,4700,0.012784791188011591
APO-PSO,3,2036,4800,0.012784791188011591
APO-PSO,3,2036,4900,0.012784791188011591
APO-PSO,3,2036,5000,0.012784791188011591
APO-PSO,3,2036,5100,0.012784791188011591
APO-PSO,3,2036,5200,0.012784791188011591
APO-PSO,3,2036,5300,0.012784791188011591
APO-PSO,3,2036,5400,0.012784791188011591
APO-PSO,3,2036,5500,0.012784791188011591
APO-PSO,3,2036,5600,0.012784791188011591
APO-PSO,3,2036,5700,0.012784791188011591
APO-PSO,3,2036,5800,0.012784791188011591
APO-PSO,3,2036,5900,0.012784791188011591
APO-PSO,3,2036,6000,0.012784791188011591
APO-PSO,3,2036,6100,0.012784791188011591
APO-PSO,3,2036,6200,0.012784791188011591
APO-PSO,3,2036,6300,0.012784791188011591
APO-PSO,3,2036,6400,0.012784791188011591
APO-PSO,3,2036,6500,0.012784791188011591
APO-PSO,3,2036,6600,0.012784791188011591
APO-PSO,3,2036,6700,0.012784791188011591
APO-PSO,3,2036,6800,0.012784791188011591
APO-PSO,3,2036,6900,0.012784791188011591
APO-PSO,3,2036,7000,0.012784791188011591
APO-PSO,3,2036,7100,0.012784791188011591
APO-PSO,3,2036,7200,0.012784791188011591
APO-PSO,3,2036,7300,0.012784791188011591
APO-PSO,3,2036,7400,0.012784791188011591
APO-PSO,3,2036,7500,0.012784791188011591
APO-PSO,3,2036,7600,0.012784791188011591
APO-PSO,3,2036,7700,0.012784791188011591
APO-PSO,3,2036,7800,0.012784791188011591
APO-PSO,3,2036,7900,0.012784791188011591
APO-PSO,3,2036,8000,0.012784791188011591
APO-PSO,3,2036,8100,0.012784791188011591
APO-PSO,3,2036,8200,0.012768346569417275
APO-PSO,3,2036,8300,0.012768346569417275
APO-PSO,3,2036,8400,0.012768346569417275
APO-PSO,3,2036,8500,0.012735566025858663
APO-PSO,3,2036,8600,0.012735566025858663
APO-PSO,3,2036,8700,0.012735566025858663
APO-PSO,3,2036,8800,0.012735566025858663
APO-PSO,3,2036,8900,0.012731555180501036
APO-PSO,3,2036,9000,0.012731555180501036
APO-PSO,3,2036,9100,0.012731555180501036
APO-PSO,3,2036,9200,0.012729306172702038
APO-PSO,3,2036,9300,0.012729306172702038
APO-PSO,3,2036,9400,0.012718531546123037
APO-PSO,3,2036,9500,0.01271160340089015
APO-PSO,3,2036,9600,0.01271160340089015
APO-PSO,3,2036,9700,0.01271160340089015
APO-PSO,3,2036,9800,0.01271160340089015
APO-PSO,3,2036,9900,0.012711244362316989
APO-PSO,3,2036,10000,0.012711244362316989
APO-wr-DE,3,2036,100,0.03979111189467679
APO-wr-DE,3,2036,200,0.03979111189467679
APO-wr-DE,3,2036,300,0.03979111189467679
APO-wr-DE,3,2036,400,0.032764731959529725
APO-wr-DE,3,2036,500,0.026152370086498518
APO-wr-DE,3,2036,600,0.013400825311417773
APO-wr-DE,3,2036,700,0.013400825311417773
APO-wr-DE,3,2036,800,0.013400825311417773
APO-wr-DE,3,2036,900,0.013400825311417773
APO-wr-DE,3,2036,1000,0.013400825311417773
APO-wr-DE,3,2036,1100,0.013400825311417773
APO-wr-DE,3,2036,1200,0.013400825311417773
APO-wr-DE,3,2036,1300,0.013400825311417773
APO-wr-DE,3,2036,1400,0.013400825311417773
APO-wr-DE,3,2036,1500,0.013400825311417773
APO-wr-DE,3,2036,1600,0.013400825311417773
APO-wr-DE,3,2036,1700,0.013400825311417773
APO-wr-DE,3,2036,1800,0.013400825311417773
APO-wr-DE,3,2036,1900,0.013400825311417773
APO-wr-DE,3,2036,2000,0.013400825311417773
APO-wr-DE,3,2036,2100,0.013400825311417773
APO-wr-DE,3,2036,2200,0.013400825311417773
APO-wr-DE,3,2036,2300,0.013400825311417773
APO-wr-DE,3,2036,2400,0.013400825311417773
APO-wr-DE,3,2036,2500,0.013400825311417773
APO-wr-DE,3,2036,2600,0.013400825311417773
APO-wr-DE,3,2036,2700,0.013370106948419938
APO-wr-DE,3,2036,2800,0.013370106948419938
APO-wr-DE,3,2036,2900,0.013370106948419938
APO-wr-DE,3,2036,3000,0.013370106948419938
APO-wr-DE,3,2036,3100,0.013370106948419938
APO-wr-DE,3,2036,3200,0.013370106948419938
APO-wr-DE,3,2036,3300,0.013370106948419938
APO-wr-DE,3,2036,3400,0.013370106948419938
APO-wr-DE,3,2036,3500,0.013370106948419938
APO-wr-DE,3,2036,3600,0.013370106948419938
APO-wr-DE,3,2036,3700,0.013370106948419938
APO-wr-DE,3,2036,3800,0.013370106948419938
APO-wr-DE,3,2036,3900,0.013370106948419938
APO-wr-DE,3,2036,4000,0.013370106948419938
APO-wr-DE,3,2036,4100,0.013370106948419938
APO-wr-DE,3,2036,4200,0.013271462707266677
APO-wr-DE,3,2036,4300,0.012996957730981973
APO-wr-DE,3,2036,4400,0.012996957730981973
APO-wr-DE,3,2036,4500,0.012996957730981973
APO-wr-DE,3,2036,4600,0.012996957730981973
APO-wr-DE,3,2036,4700,0.012996957730981973
APO-wr-DE,3,2036,4800,0.012996957730981973
APO-wr-DE,3,2036,4900,0.012996957730981973
APO-wr-DE,3,2036,5000,0.012996957730981973
APO-wr-DE,3,2036,5100,0.012996957730981973
APO-wr-DE,3,2036,5200,0.012996957730981973
APO-wr-DE,3,2036,5300,0.012814230684523595
APO-wr-DE,3,2036,5400,0.012814230684523595
APO-wr-DE,3,2036,5500,0.012814230684523595
APO-wr-DE,3,2036,5600,0.012814230684523595
APO-wr-DE,3,2036,5700,0.012814230684523595
APO-wr-DE,3,2036,5800,0.012814230684523595
APO-wr-DE,3,2036,5900,0.012814230684523595
APO-wr-DE,3,2036,6000,0.012814230684523595
APO-wr-DE,3,2036,6100,0.012814230684523595
APO-wr-DE,3,2036,6200,0.012814230684523595
APO-wr-DE,3,2036,6300,0.01279957776750058
APO-wr-DE,3,2036,6400,0.01279957776750058
APO-wr-DE,3,2036,6500,0.01279957776750058
APO-wr-DE,3,2036,6600,0.01279957776750058
APO-wr-DE,3,2036,6700,0.012797915117759458
APO-wr-DE,3,2036,6800,0.012797915117759458
APO-wr-DE,3,2036,6900,0.012787411148139536
APO-wr-DE,3,2036,7000,0.012787411148139536
APO-wr-DE,3,2036,7100,0.012787411148139536
APO-wr-DE,3,2036,7200,0.012787411148139536
APO-wr-DE,3,2036,7300,0.012787411148139536
APO-wr-DE,3,2036,7400,0.012787411148139536
APO-wr-DE,3,2036,7500,0.012787411148139536
APO-wr-DE,3,2036,7600,0.012787411148139536
APO-wr-DE,3,2036,7700,0.012745307471365099
APO-wr-DE,3,2036,7800,0.012745307471365099
APO-wr-DE,3,2036,7900,0.012745307471365099
APO-wr-DE,3,2036,8000,0.012745307471365099
APO-wr-DE,3,2036,8100,0.012745307471365099
APO-wr-DE,3,2036,8200,0.012745307471365099
APO-wr-DE,3,2036,8300,0.012745307471365099
APO-wr-DE,3,2036,8400,0.012745307471365099
APO-wr-DE,3,2036,8500,0.012745307471365099
APO-wr-DE,3,2036,8600,0.012745307471365099
APO-wr-DE,3,2036,8700,0.012745307471365099
APO-wr-DE,3,2036,8800,0.012745307471365099
APO-wr-DE,3,2036,8900,0.012699592570844485
APO-wr-DE,3,2036,9000,0.012699592570844485
APO-wr-DE,3,2036,9100,0.012699592570844485
APO-wr-DE,3,2036,9200,0.012699592570844485
APO-wr-DE,3,2036,9300,0.012699592570844485
APO-wr-DE,3,2036,9400,0.012699592570844485
APO-wr-DE,3,2036,9500,0.012699592570844485
APO-wr-DE,3,2036,9600,0.012699592570844485
APO-wr-DE,3,2036,9700,0.012699592570844485
APO-wr-DE,3,2036,9800,0.012699592570844485
APO-wr-DE,3,2036,9900,0.012698798238474366
APO-wr-DE,3,2036,10000,0.012698748043260434
APO-wr-LS,3,2036,100,0.03979111189467679
APO-wr-LS,3,2036,200,0.03979111189467679
APO-wr-LS,3,2036,300,0.03979111189467679
APO-wr-LS,3,2036,400,0.025928112923044328
APO-wr-LS,3,2036,500,0.025928112923044328
APO-wr-LS,3,2036,600,0.025928112923044328
APO-wr-LS,3,2036,700,0.025928112923044328
APO-wr-LS,3,2036,800,0.013350511317170938
APO-wr-LS,3,2036,900,0.013350511317170938
APO-wr-LS,3,2036,1000,0.013350511317170938
APO-wr-LS,3,2036,1100,0.013350511317170938
APO-wr-LS,3,2036,1200,0.013350511317170938
APO-wr-LS,3,2036,1300,0.013350511317170938
APO-wr-LS,3,2036,1400,0.013350511317170938
APO-wr-LS,3,2036,1500,0.013350511317170938
APO-wr-LS,3,2036,1600,0.013291225643659439
APO-wr-LS,3,2036,1700,0.013291225643659439
APO-wr-LS,3,2036,1800,0.013291225643659439
APO-wr-LS,3,2036,1900,0.013291225643659439
APO-wr-LS,3,2036,2000,0.013291225643659439
APO-wr-LS,3,2036,2100,0.013291225643659439
APO-wr-LS,3,2036,2200,0.013291225643659439
APO-wr-LS,3,2036,2300,0.013291225643659439
APO-wr-LS,3,2036,2400,0.013286931774788156
APO-wr-LS,3,2036,2500,0.01309181467004719
APO-wr-LS,3,2036,2600,0.01309181467004719
APO-wr-LS,3,2036,2700,0.01309181467004719
APO-wr-LS,3,2036,2800,0.01309181467004719
APO-wr-LS,3,2036,2900,0.01309181467004719
APO-wr-LS,3,2036,3000,0.013085778272821874
APO-wr-LS,3,2036,3100,0.013085778272821874
APO-wr-LS,3,2036,3200,0.013085778272821874
APO-wr-LS,3,2036,3300,0.013085778272821874
APO-wr-LS,3,2036,3400,0.013085778272821874
APO-wr-LS,3,2036,3500,0.013085778272821874
APO-wr-LS,3,2036,3600,0.013085778272821874
APO-wr-LS,3,2036,3700,0.013085778272821874
APO-wr-LS,3,2036,3800,0.013085778272821874
APO-wr-LS,3,2036,3900,0.013085778272821874
APO-wr-LS,3,2036,4000,0.013085778272821874
APO-wr-LS,3,2036,4100,0.013085778272821874
APO-wr-LS,3,2036,4200,0.013085778272821874
APO-wr-LS,3,2036,4300,0.013085778272821874
APO-wr-LS,3,2036,4400,0.013085778272821874
APO-wr-LS,3,2036,4500,0.012760504223103118
APO-wr-LS,3,2036,4600,0.012760504223103118
APO-wr-LS,3,2036,4700,0.012760504223103118
APO-wr-LS,3,2036,4800,0.012760504223103118
APO-wr-LS,3,2036,4900,0.012760504223103118
APO-wr-LS,3,2036,5000,0.012760504223103118
APO-wr-LS,3,2036,5100,0.012760504223103118
APO-wr-LS,3,2036,5200,0.012760504223103118
APO-wr-LS,3,2036,5300,0.012760504223103118
APO-wr-LS,3,2036,5400,0.012760504223103118
APO-wr-LS,3,2036,5500,0.012760504223103118
APO-wr-LS,3,2036,5600,0.012760504223103118
APO-wr-LS,3,2036,5700,0.012760504223103118
APO-wr-LS,3,2036,5800,0.012760504223103118
APO-wr-LS,3,2036,5900,0.012760504223103118
APO-wr-LS,3,2036,6000,0.012760504223103118
APO-wr-LS,3,2036,6100,0.012760504223103118
APO-wr-LS,3,2036,6200,0.012760504223103118
APO-wr-LS,3,2036,6300,0.012760504223103118
APO-wr-LS,3,2036,6400,0.012760504223103118
APO-wr-LS,3,2036,6500,0.012758809117213544
APO-wr-LS,3,2036,6600,0.012758809117213544
APO-wr-LS,3,2036,6700,0.012758809117213544
APO-wr-LS,3,2036,6800,0.012758809117213544
APO-wr-LS,3,2036,6900,0.012758809117213544
APO-wr-LS,3,2036,7000,0.012758809117213544
APO-wr-LS,3,2036,7100,0.012758809117213544
APO-wr-LS,3,2036,7200,0.012758809117213544
APO-wr-LS,3,2036,7300,0.012747433110165388
APO-wr-LS,3,2036,7400,0.012737912280294023
APO-wr-LS,3,2036,7500,0.012737912280294023
APO-wr-LS,3,2036,7600,0.012737912280294023
APO-wr-LS,3,2036,7700,0.012737912280294023
APO-wr-LS,3,2036,7800,0.012737912280294023
APO-wr-LS,3,2036,7900,0.012737912280294023
APO-wr-LS,3,2036,8000,0.012737912280294023
APO-wr-LS,3,2036,8100,0.012737912280294023
APO-wr-LS,3,2036,8200,0.012737912280294023
APO-wr-LS,3,2036,8300,0.012709633510621482
APO-wr-LS,3,2036,8400,0.012709633510621482
APO-wr-LS,3,2036,8500,0.012709633510621482
APO-wr-LS,3,2036,8600,0.012709633510621482
APO-wr-LS,3,2036,8700,0.012709633510621482
APO-wr-LS,3,2036,8800,0.012709633510621482
APO-wr-LS,3,2036,8900,0.012709633510621482
APO-wr-LS,3,2036,9000,0.012709633510621482
APO-wr-LS,3,2036,9100,0.012709633510621482
APO-wr-LS,3,2036,9200,0.012709633510621482
APO-wr-LS,3,2036,9300,0.012709633510621482
APO-wr-LS,3,2036,9400,0.012709633510621482
APO-wr-LS,3,2036,9500,0.012709633510621482
APO-wr-LS,3,2036,9600,0.012709633510621482
APO-wr-LS,3,2036,9700,0.012709633510621482
APO-wr-LS,3,2036,9800,0.012709633510621482
APO-wr-LS,3,2036,9900,0.012709633510621482
APO-wr-LS,3,2036,10000,0.012708873809139458
APO-wr-PSO,3,2036,100,0.03979111189467679
APO-wr-PSO,3,2036,200,0.03979111189467679
APO-wr-PSO,3,2036,300,0.03979111189467679
APO-wr-PSO,3,2036,400,0.03979111189467679
APO-wr-PSO,3,2036,500,0.03216867190001344
APO-wr-PSO,3,2036,600,0.028860361651266417
APO-wr-PSO,3,2036,700,0.0285834398403419
APO-wr-PSO,3,2036,800,0.024850908820141113
APO-wr-PSO,3,2036,900,0.024850908820141113
APO-wr-PSO,3,2036,1000,0.019208747743103455
APO-wr-PSO,3,2036,1100,0.013489870989650207
APO-wr-PSO,3,2036,1200,0.01348579818543037
APO-wr-PSO,3,2036,1300,0.01348579818543037
APO-wr-PSO,3,2036,1400,0.01348579818543037
APO-wr-PSO,3,2036,1500,0.01348579818543037
APO-wr-PSO,3,2036,1600,0.01348579818543037
APO-wr-PSO,3,2036,1700,0.013310526784488503
APO-wr-PSO,3,2036,1800,0.013310526784488503
APO-wr-PSO,3,2036,1900,0.013310526784488503
APO-wr-PSO,3,2036,2000,0.013310526784488503
APO-wr-PSO,3,2036,2100,0.013310526784488503
APO-wr-PSO,3,2036,2200,0.01310579327415152
APO-wr-PSO,3,2036,2300,0.01310579327415152
APO-wr-PSO,3,2036,2400,0.01310579327415152
APO-wr-PSO,3,2036,2500,0.01310579327415152
APO-wr-PSO,3,2036,2600,0.01310579327415152
APO-wr-PSO,3,2036,2700,0.01310579327415152
APO-wr-PSO,3,2036,2800,0.01310579327415152
APO-wr-PSO,3,2036,2900,0.01310579327415152
APO-wr-PSO,3,2036,3000,0.01310579327415152
APO-wr-PSO,3,2036,3100,0.01310579327415152
APO-wr-PSO,3,2036,3200,0.01310579327415152
APO-wr-PSO,3,2036,3300,0.01310579327415152
APO-wr-PSO,3,2036,3400,0.01310579327415152
APO-wr-PSO,3,2036,3500,0.01310579327415152
APO-wr-PSO,3,2036,3600,0.01310579327415152
APO-wr-PSO,3,2036,3700,0.01310579327415152
APO-wr-PSO,3,2036,3800,0.01310579327415152
APO-wr-PSO,3,2036,3900,0.01310579327415152
APO-wr-PSO,3,2036,4000,0.01310579327415152
APO-wr-PSO,3,2036,4100,0.01310579327415152
APO-wr-PSO,3,2036,4200,0.013097835297844147
APO-wr-PSO,3,2036,4300,0.012687663343934074
APO-wr-PSO,3,2036,4400,0.012687663343934074
APO-wr-PSO,3,2036,4500,0.012687663343934074
APO-wr-PSO,3,2036,4600,0.012687663343934074
APO-wr-PSO,3,2036,4700,0.012687663343934074
APO-wr-PSO,3,2036,4800,0.012687663343934074
APO-wr-PSO,3,2036,4900,0.012687663343934074
APO-wr-PSO,3,2036,5000,0.012687663343934074
APO-wr-PSO,3,2036,5100,0.012687663343934074
APO-wr-PSO,3,2036,5200,0.012687663343934074
APO-wr-PSO,3,2036,5300,0.012687663343934074
APO-wr-PSO,3,2036,5400,0.012687663343934074
APO-wr-PSO,3,2036,5500,0.012687663343934074
APO-wr-PSO,3,2036,5600,0.012687663343934074
APO-wr-PSO,3,2036,5700,0.012687663343934074
APO-wr-PSO,3,2036,5800,0.012687663343934074
APO-wr-PSO,3,2036,5900,0.012687663343934074
APO-wr-PSO,3,2036,6000,0.012687663343934074
APO-wr-PSO,3,2036,6100,0.012687663343934074
APO-wr-PSO,3,2036,6200,0.012687663343934074
APO-wr-PSO,3,2036,6300,0.012687663343934074
APO-wr-PSO,3,2036,6400,0.012687663343934074
APO-wr-PSO,3,2036,6500,0.012687663343934074
APO-wr-PSO,3,2036,6600,0.012687663343934074
APO-wr-PSO,3,2036,6700,0.012687663343934074
APO-wr-PSO,3,2036,6800,0.012687663343934074
APO-wr-PSO,3,2036,6900,0.012687663343934074
APO-wr-PSO,3,2036,7000,0.012687663343934074
APO-wr-PSO,3,2036,7100,0.012687663343934074
APO-wr-PSO,3,2036,7200,0.012687663343934074
APO-wr-PSO,3,2036,7300,0.012687663343934074
APO-wr-PSO,3,2036,7400,0.012687663343934074
APO-wr-PSO,3,2036,7500,0.012687663343934074
APO-wr-PSO,3,2036,7600,0.012687663343934074
APO-wr-PSO,3,2036,7700,0.012687663343934074
APO-wr-PSO,3,2036,7800,0.012687663343934074
APO-wr-PSO,3,2036,7900,0.012687663343934074
APO-wr-PSO,3,2036,8000,0.012687663343934074
APO-wr-PSO,3,2036,8100,0.012687663343934074
APO-wr-PSO,3,2036,8200,0.012687663343934074
APO-wr-PSO,3,2036,8300,0.012687663343934074
APO-wr-PSO,3,2036,8400,0.012687663343934074
APO-wr-PSO,3,2036,8500,0.012687663343934074
APO-wr-PSO,3,2036,8600,0.012687663343934074
APO-wr-PSO,3,2036,8700,0.012687663343934074
APO-wr-PSO,3,2036,8800,0.012687663343934074
APO-wr-PSO,3,2036,8900,0.012687663343934074
APO-wr-PSO,3,2036,9000,0.012687663343934074
APO-wr-PSO,3,2036,9100,0.012687663343934074
APO-wr-PSO,3,2036,9200,0.012687663343934074
APO-wr-PSO,3,2036,9300,0.012687663343934074
APO-wr-PSO,3,2036,9400,0.012687663343934074
APO-wr-PSO,3,2036,9500,0.012687663343934074
APO-wr-PSO,3,2036,9600,0.012687325718588017
APO-wr-PSO,3,2036,9700,0.012687325718588017
APO-wr-PSO,3,2036,9800,0.012687184537924973
APO-wr-PSO,3,2036,9900,0.012687170275427796
APO-wr-PSO,3,2036,10000,0.012687063401428354
APO,4,2043,100,144733.8054243557
APO,4,2043,200,0.056584192331203945
APO,4,2043,300,0.022120867779524666
APO,4,2043,400,0.022120867779524666
APO,4,2043,500,0.022120867779524666
APO,4,2043,600,0.022120867779524666
APO,4,2043,700,0.013389253933656222
APO,4,2043,800,0.013192591989539162
APO,4,2043,900,0.013192591989539162
APO,4,2043,1000,0.013192591989539162
APO,4,2043,1100,0.013192591989539162
APO,4,2043,1200,0.013192591989539162
APO,4,2043,1300,0.013192591989539162
APO,4,2043,1400,0.013192591989539162
APO,4,2043,1500,0.013192591989539162
APO,4,2043,1600,0.013192591989539162
APO,4,2043,1700,0.013192591989539162
APO,4,2043,1800,0.013192591989539162
APO,4,2043,1900,0.013192591989539162
APO,4,2043,2000,0.013192591989539162
APO,4,2043,2100,0.013192591989539162
APO,4,2043,2200,0.013192591989539162
APO,4,2043,2300,0.013192591989539162
APO,4,2043,2400,0.013192591989539162
APO,4,2043,2500,0.013192591989539162
APO,4,2043,2600,0.013192591989539162
APO,4,2043,2700,0.013192591989539162
APO,4,2043,2800,0.013192591989539162
APO,4,2043,2900,0.013192591989539162
APO,4,2043,3000,0.013192591989539162
APO,4,2043,3100,0.013192591989539162
APO,4,2043,3200,0.013192591989539162
APO,4,2043,3300,0.0131914195106651
APO,4,2043,3400,0.0131914195106651
APO,4,2043,3500,0.013064741603728973
APO,4,2043,3600,0.013064741603728973
APO,4,2043,3700,0.013064741603728973
APO,4,2043,3800,0.012984210156440702
APO,4,2043,3900,0.012984210156440702
APO,4,2043,4000,0.012984210156440702
APO,4,2043,4100,0.012984210156440702
APO,4,2043,4200,0.012984210156440702
APO,4,2043,4300,0.012984210156440702
APO,4,2043,4400,0.012984210156440702
APO,4,2043,4500,0.012984210156440702
APO,4,2043,4600,0.012984210156440702
APO,4,2043,4700,0.012948700468448357
APO,4,2043,4800,0.012948700468448357
APO,4,2043,4900,0.012948700468448357
APO,4,2043,5000,0.012948700468448357
APO,4,2043,5100,0.012948700468448357
APO,4,2043,5200,0.012948700468448357
APO,4,2043,5300,0.012948700468448357
APO,4,2043,5400,0.012948700468448357
APO,4,2043,5500,0.012745826478674718
APO,4,2043,5600,0.012745826478674718
APO,4,2043,5700,0.012745826478674718
APO,4,2043,5800,0.012745826478674718
APO,4,2043,5900,0.012745826478674718
APO,4,2043,6000,0.012745826478674718
APO,4,2043,6100,0.012745826478674718
APO,4,2043,6200,0.012745826478674718
APO,4,2043,6300,0.012745826478674718
APO,4,2043,6400,0.012745826478674718
APO,4,2043,6500,0.012745826478674718
APO,4,2043,6600,0.012745826478674718
APO,4,2043,6700,0.012745826478674718
APO,4,2043,6800,0.012745826478674718
APO,4,2043,6900,0.012745826478674718
APO,4,2043,7000,0.012745826478674718
APO,4,2043,7100,0.012745826478674718
APO,4,2043,7200,0.012745826478674718
APO,4,2043,7300,0.012745826478674718
APO,4,2043,7400,0.012745826478674718
APO,4,2043,7500,0.012745826478674718
APO,4,2043,7600,0.012745826478674718
APO,4,2043,7700,0.012745826478674718
APO,4,2043,7800,0.012745826478674718
APO,4,2043,7900,0.012745826478674718
APO,4,2043,8000,0.012745826478674718
APO,4,2043,8100,0.012745826478674718
APO,4,2043,8200,0.012732781889204497
APO,4,2043,8300,0.012732781889204497
APO,4,2043,8400,0.012701549071855892
APO,4,2043,8500,0.012701549071855892
APO,4,2043,8600,0.012701549071855892
APO,4,2043,8700,0.012701549071855892
APO,4,2043,8800,0.012701549071855892
APO,4,2043,8900,0.012699556716598247
APO,4,2043,9000,0.012698127148370925
APO,4,2043,9100,0.012698127148370925
APO,4,2043,9200,0.012698127148370925
APO,4,2043,9300,0.012698127148370925
APO,4,2043,9400,0.012692975183431113
APO,4,2043,9500,0.012692975183431113
APO,4,2043,9600,0.012692975183431113
APO,4,2043,9700,0.012692975183431113
APO,4,2043,9800,0.012692975183431113
APO,4,2043,9900,0.012692975183431113
APO,4,2043,10000,0.012692900772636975
APO-wr,4,2043,100,144733.8054243557
APO-wr,4,2043,200,20308.511855143708
APO-wr,4,2043,300,9544.646487197933
APO-wr,4,2043,400,0.06750874728923854
APO-wr,4,2043,500,0.020239877137398755
APO-wr,4,2043,600,0.020239877137398755
APO-wr,4,2043,700,0.0194055225506284
APO-wr,4,2043,800,0.0194055225506284
APO-wr,4,2043,900,0.018652691007316338
APO-wr,4,2043,1000,0.013910165733191229
APO-wr,4,2043,1100,0.013910165733191229
APO-wr,4,2043,1200,0.01358430108871589
APO-wr,4,2043,1300,0.01358430108871589
APO-wr,4,2043,1400,0.013403468012358994
APO-wr,4,2043,1500,0.013403468012358994
APO-wr,4,2043,1600,0.013403468012358994
APO-wr,4,2043,1700,0.013403468012358994
APO-wr,4,2043,1800,0.013403468012358994
APO-wr,4,2043,1900,0.013403468012358994
APO-wr,4,2043,2000,0.013403468012358994
APO-wr,4,2043,2100,0.013403468012358994
APO-wr,4,2043,2200,0.013403468012358994
APO-wr,4,2043,2300,0.013403468012358994
APO-wr,4,2043,2400,0.013403468012358994
APO-wr,4,2043,2500,0.013403468012358994
APO-wr,4,2043,2600,0.013403468012358994
APO-wr,4,2043,2700,0.012991194758361111
APO-wr,4,2043,2800,0.012991194758361111
APO-wr,4,2043,2900,0.012991194758361111
APO-wr,4,2043,3000,0.012991194758361111
APO-wr,4,2043,3100,0.012991194758361111
APO-wr,4,2043,3200,0.012991194758361111
APO-wr,4,2043,3300,0.012991194758361111
APO-wr,4,2043,3400,0.012991194758361111
APO-wr,4,2043,3500,0.012991194758361111
APO-wr,4,2043,3600,0.012991194758361111
APO-wr,4,2043,3700,0.012991194758361111
APO-wr,4,2043,3800,0.012991194758361111
APO-wr,4,2043,3900,0.01290220273092345
APO-wr,4,2043,4000,0.01290220273092345
APO-wr,4,2043,4100,0.01290220273092345
APO-wr,4,2043,4200,0.01290220273092345
APO-wr,4,2043,4300,0.01290220273092345
APO-wr,4,2043,4400,0.01290220273092345
APO-wr,4,2043,4500,0.01290220273092345
APO-wr,4,2043,4600,0.01290220273092345
APO-wr,4,2043,4700,0.01282856757430473
APO-wr,4,2043,4800,0.01282856757430473
APO-wr,4,2043,4900,0.01282856757430473
APO-wr,4,2043,5000,0.01282856757430473
APO-wr,4,2043,5100,0.01282856757430473
APO-wr,4,2043,5200,0.01282856757430473
APO-wr,4,2043,5300,0.01282856757430473
APO-wr,4,2043,5400,0.01282856757430473
APO-wr,4,2043,5500,0.01282856757430473
APO-wr,4,2043,5600,0.01282856757430473
APO-wr,4,2043,5700,0.01282856757430473
APO-wr,4,2043,5800,0.01282856757430473
APO-wr,4,2043,5900,0.01282856757430473
APO-wr,4,2043,6000,0.01282856757430473
APO-wr,4,2043,6100,0.01282856757430473
APO-wr,4,2043,6200,0.01282856757430473
APO-wr,4,2043,6300,0.01282856757430473
APO-wr,4,2043,6400,0.01282856757430473
APO-wr,4,2043,6500,0.01282856757430473
APO-wr,4,2043,6600,0.012719484015012309
APO-wr,4,2043,6700,0.012719484015012309
APO-wr,4,2043,6800,0.012719484015012309
APO-wr,4,2043,6900,0.012719484015012309
APO-wr,4,2043,7000,0.012719484015012309
APO-wr,4,2043,7100,0.012719484015012309
APO-wr,4,2043,7200,0.012719484015012309
APO-wr,4,2043,7300,0.012719484015012309
APO-wr,4,2043,7400,0.012719484015012309
APO-wr,4,2043,7500,0.012719484015012309
APO-wr,4,2043,7600,0.012719484015012309
APO-wr,4,2043,7700,0.012719484015012309
APO-wr,4,2043,7800,0.012719484015012309
APO-wr,4,2043,7900,0.012719484015012309
APO-wr,4,2043,8000,0.012719484015012309
APO-wr,4,2043,8100,0.012719484015012309
APO-wr,4,2043,8200,0.012719484015012309
APO-wr,4,2043,8300,0.012719484015012309
APO-wr,4,2043,8400,0.012719484015012309
APO-wr,4,2043,8500,0.012719484015012309
APO-wr,4,2043,8600,0.012719484015012309
APO-wr,4,2043,8700,0.012719484015012309
APO-wr,4,2043,8800,0.012719484015012309
APO-wr,4,2043,8900,0.012719484015012309
APO-wr,4,2043,9000,0.012719484015012309
APO-wr,4,2043,9100,0.012719484015012309
APO-wr,4,2043,9200,0.012719484015012309
APO-wr,4,2043,9300,0.012714950020445452
APO-wr,4,2043,9400,0.012714950020445452
APO-wr,4,2043,9500,0.012702092924038937
APO-wr,4,2043,9600,0.012702092924038937
APO-wr,4,2043,9700,0.012702092924038937
APO-wr,4,2043,9800,0.012700284655395331
APO-wr,4,2043,9900,0.012700284655395331
APO-wr,4,2043,10000,0.012699970373707313
APO-DE,4,2043,100,144733.8054243557
APO-DE,4,2043,200,0.056584192331203945
APO-DE,4,2043,300,0.056584192331203945
APO-DE,4,2043,400,0.02444987393623097
APO-DE,4,2043,500,0.02444987393623097
APO-DE,4,2043,600,0.02444987393623097
APO-DE,4,2043,700,0.02444987393623097
APO-DE,4,2043,800,0.022951162776406662
APO-DE,4,2043,900,0.016497503664873236
APO-DE,4,2043,1000,0.016497503664873236
APO-DE,4,2043,1100,0.014909393148766551
APO-DE,4,2043,1200,0.013226620007207002
APO-DE,4,2043,1300,0.013226620007207002
APO-DE,4,2043,1400,0.013226620007207002
APO-DE,4,2043,1500,0.013226620007207002
APO-DE,4,2043,1600,0.013226620007207002
APO-DE,4,2043,1700,0.013226620007207002
APO-DE,4,2043,1800,0.013226620007207002
APO-DE,4,2043,1900,0.013226620007207002
APO-DE,4,2043,2000,0.013226620007207002
APO-DE,4,2043,2100,0.013226620007207002
APO-DE,4,2043,2200,0.013226620007207002
APO-DE,4,2043,2300,0.013226620007207002
APO-DE,4,2043,2400,0.013226620007207002
APO-DE,4,2043,2500,0.013226620007207002
APO-DE,4,2043,2600,0.013226620007207002
APO-DE,4,2043,2700,0.013226620007207002
APO-DE,4,2043,2800,0.013200880854221827
APO-DE,4,2043,2900,0.013200880854221827
APO-DE,4,2043,3000,0.013200880854221827
APO-DE,4,2043,3100,0.013200880854221827
APO-DE,4,2043,3200,0.013200880854221827
APO-DE,4,2043,3300,0.013200880854221827
APO-DE,4,2043,3400,0.013200880854221827
APO-DE,4,2043,3500,0.013200880854221827
APO-DE,4,2043,3600,0.013200880854221827
APO-DE,4,2043,3700,0.013200880854221827
APO-DE,4,2043,3800,0.013200880854221827
APO-DE,4,2043,3900,0.013200880854221827
APO-DE,4,2043,4000,0.013200880854221827
APO-DE,4,2043,4100,0.013200880854221827
APO-DE,4,2043,4200,0.013200880854221827
APO-DE,4,2043,4300,0.013200880854221827
APO-DE,4,2043,4400,0.013200880854221827
APO-DE,4,2043,4500,0.013020410973590902
APO-DE,4,2043,4600,0.013020410973590902
APO-DE,4,2043,4700,0.01299278381200346
APO-DE,4,2043,4800,0.01299278381200346
APO-DE,4,2043,4900,0.01299278381200346
APO-DE,4,2043,5000,0.01299278381200346
APO-DE,4,2043,5100,0.01299278381200346
APO-DE,4,2043,5200,0.01299278381200346
APO-DE,4,2043,5300,0.01299278381200346
APO-DE,4,2043,5400,0.01299278381200346
APO-DE,4,2043,5500,0.012891042233158397
APO-DE,4,2043,5600,0.012891042233158397
APO-DE,4,2043,5700,0.012891042233158397
APO-DE,4,2043,5800,0.012891042233158397
APO-DE,4,2043,5900,0.012891042233158397
APO-DE,4,2043,6000,0.012891042233158397
APO-DE,4,2043,6100,0.012891042233158397
APO-DE,4,2043,6200,0.012891042233158397
APO-DE,4,2043,6300,0.012891042233158397
APO-DE,4,2043,6400,0.012891042233158397
APO-DE,4,2043,6500,0.012891042233158397
APO-DE,4,2043,6600,0.012891042233158397
APO-DE,4,2043,6700,0.01279986687291239
APO-DE,4,2043,6800,0.01279986687291239
APO-DE,4,2043,6900,0.01279986687291239
APO-DE,4,2043,7000,0.01279986687291239
APO-DE,4,2043,7100,0.01279986687291239
APO-DE,4,2043,7200,0.01279986687291239
APO-DE,4,2043,7300,0.01279986687291239
APO-DE,4,2043,7400,0.01279986687291239
APO-DE,4,2043,7500,0.01279986687291239
APO-DE,4,2043,7600,0.01279986687291239
APO-DE,4,2043,7700,0.01279986687291239
APO-DE,4,2043,7800,0.012689197185853483
APO-DE,4,2043,7900,0.012689197185853483
APO-DE,4,2043,8000,0.012689197185853483
APO-DE,4,2043,8100,0.012689197185853483
APO-DE,4,2043,8200,0.012689197185853483
APO-DE,4,2043,8300,0.012689197185853483
APO-DE,4,2043,8400,0.012689197185853483
APO-DE,4,2043,8500,0.012689197185853483
APO-DE,4,2043,8600,0.012689197185853483
APO-DE,4,2043,8700,0.012689197185853483
APO-DE,4,2043,8800,0.012689197185853483
APO-DE,4,2043,8900,0.012689197185853483
APO-DE,4,2043,9000,0.012689197185853483
APO-DE,4,2043,9100,0.012689197185853483
APO-DE,4,2043,9200,0.012689197185853483
APO-DE,4,2043,9300,0.01268835467021451
APO-DE,4,2043,9400,0.01268835467021451
APO-DE,4,2043,9500,0.01268835467021451
APO-DE,4,2043,9600,0.01268835467021451
APO-DE,4,2043,9700,0.01268792477019391
APO-DE,4,2043,9800,0.012686871916522168
APO-DE,4,2043,9900,0.012686705432532102
APO-DE,4,2043,10000,0.012686705432532102
APO-LS,4,2043,100,144733.8054243557
APO-LS,4,2043,200,0.056584192331203945
APO-LS,4,2043,300,0.056584192331203945
APO-LS,4,2043,400,0.056584192331203945
APO-LS,4,2043,500,0.02884159565782756
APO-LS,4,2043,600,0.02884159565782756
APO-LS,4,2043,700,0.01340239284558542
APO-LS,4,2043,800,0.01340239284558542
APO-LS,4,2043,900,0.01340239284558542
APO-LS,4,2043,1000,0.01340239284558542
APO-LS,4,2043,1100,0.01340239284558542
APO-LS,4,2043,1200,0.013249812936995236
APO-LS,4,2043,1300,0.013249812936995236
APO-LS,4,2043,1400,0.013046110910288837
APO-LS,4,2043,1500,0.013046110910288837
APO-LS,4,2043,1600,0.013046110910288837
APO-LS,4,2043,1700,0.013046110910288837
APO-LS,4,2043,1800,0.013046110910288837
APO-LS,4,2043,1900,0.013046110910288837
APO-LS,4,2043,2000,0.013046110910288837
APO-LS,4,2043,2100,0.013046110910288837
APO-LS,4,2043,2200,0.013046110910288837
APO-LS,4,2043,2300,0.013046110910288837
APO-LS,4,2043,2400,0.013046110910288837
APO-LS,4,2043,2500,0.013046110910288837
APO-LS,4,2043,2600,0.013046110910288837
APO-LS,4,2043,2700,0.013046110910288837
APO-LS,4,2043,2800,0.013046110910288837
APO-LS,4,2043,2900,0.013046110910288837
APO-LS,4,2043,3000,0.013046110910288837
APO-LS,4,2043,3100,0.013046110910288837
APO-LS,4,2043,3200,0.013046110910288837
APO-LS,4,2043,3300,0.013046110910288837
APO-LS,4,2043,3400,0.013046110910288837
APO-LS,4,2043,3500,0.013046110910288837
APO-LS,4,2043,3600,0.013046110910288837
APO-LS,4,2043,3700,0.013046110910288837
APO-LS,4,2043,3800,0.013046110910288837
APO-LS,4,2043,3900,0.013046110910288837
APO-LS,4,2043,4000,0.013046110910288837
APO-LS,4,2043,4100,0.013046110910288837
APO-LS,4,2043,4200,0.013046110910288837
APO-LS,4,2043,4300,0.013046110910288837
APO-LS,4,2043,4400,0.013046110910288837
APO-LS,4,2043,4500,0.013046110910288837
APO-LS,4,2043,4600,0.013046110910288837
APO-LS,4,2043,4700,0.013046110910288837
APO-LS,4,2043,4800,0.013046110910288837
APO-LS,4,2043,4900,0.013046110910288837
APO-LS,4,2043,5000,0.013046110910288837
APO-LS,4,2043,5100,0.013046110910288837
APO-LS,4,2043,5200,0.013046110910288837
APO-LS,4,2043,5300,0.013046110910288837
APO-LS,4,2043,5400,0.013046110910288837
APO-LS,4,2043,5500,0.013046110910288837
APO-LS,4,2043,5600,0.013046110910288837
APO-LS,4,2043,5700,0.013046110910288837
APO-LS,4,2043,5800,0.013046110910288837
APO-LS,4,2043,5900,0.01289918054024787
APO-LS,4,2043,6000,0.01289918054024787
APO-LS,4,2043,6100,0.01284412057400362
APO-LS,4,2043,6200,0.01284412057400362
APO-LS,4,2043,6300,0.012809364772663355
APO-LS,4,2043,6400,0.012809364772663355
APO-LS,4,2043,6500,0.012809364772663355
APO-LS,4,2043,6600,0.012809364772663355
APO-LS,4,2043,6700,0.012809364772663355
APO-LS,4,2043,6800,0.012809364772663355
APO-LS,4,2043,6900,0.012809364772663355
APO-LS,4,2043,7000,0.012809364772663355
APO-LS,4,2043,7100,0.012809364772663355
APO-LS,4,2043,7200,0.012809364772663355
APO-LS,4,2043,7300,0.012809364772663355
APO-LS,4,2043,7400,0.012809364772663355
APO-LS,4,2043,7500,0.012809364772663355
APO-LS,4,2043,7600,0.012809364772663355
APO-LS,4,2043,7700,0.012742471748080263
APO-LS,4,2043,7800,0.012742471748080263
APO-LS,4,2043,7900,0.012742471748080263
APO-LS,4,2043,8000,0.012742471748080263
APO-LS,4,2043,8100,0.012742471748080263
APO-LS,4,2043,8200,0.012742471748080263
APO-LS,4,2043,8300,0.012742471748080263
APO-LS,4,2043,8400,0.012742471748080263
APO-LS,4,2043,8500,0.012742471748080263
APO-LS,4,2043,8600,0.012742471748080263
APO-LS,4,2043,8700,0.012742471748080263
APO-LS,4,2043,8800,0.012742471748080263
APO-LS,4,2043,8900,0.012742471748080263
APO-LS,4,2043,9000,0.012742471748080263
APO-LS,4,2043,9100,0.012742471748080263
APO-LS,4,2043,9200,0.012742471748080263
APO-LS,4,2043,9300,0.012742471748080263
APO-LS,4,2043,9400,0.012742471748080263
APO-LS,4,2043,9500,0.012734948543581209
APO-LS,4,2043,9600,0.012734948543581209
APO-LS,4,2043,9700,0.012733856369895833
APO-LS,4,2043,9800,0.012733856369895833
APO-LS,4,2043,9900,0.012733856369895833
APO-LS,4,2043,10000,0.012733856369895833
APO-PSO,4,2043,100,144733.8054243557
APO-PSO,4,2043,200,0.056584192331203945
APO-PSO,4,2043,300,0.022267189007449614
APO-PSO,4,2043,400,0.022267189007449614
APO-PSO,4,2043,500,0.01326511765947023
APO-PSO,4,2043,600,0.01326511765947023
APO-PSO,4,2043,700,0.01326511765947023
APO-PSO,4,2043,800,0.01326511765947023
APO-PSO,4,2043,900,0.01326511765947023
APO-PSO,4,2043,1000,0.01326511765947023
APO-PSO,4,2043,1100,0.01326511765947023
APO-PSO,4,2043,1200,0.01326511765947023
APO-PSO,4,2043,1300,0.01326511765947023
APO-PSO,4,2043,1400,0.012763996425526931
APO-PSO,4,2043,1500,0.012763996425526931
APO-PSO,4,2043,1600,0.012763996425526931
APO-PSO,4,2043,1700,0.012763996425526931
APO-PSO,4,2043,1800,0.012763996425526931
APO-PSO,4,2043,1900,0.012763996425526931
APO-PSO,4,2043,2000,0.012763996425526931
APO-PSO,4,2043,2100,0.012763996425526931
APO-PSO,4,2043,2200,0.012763996425526931
APO-PSO,4,2043,2300,0.012763996425526931
APO-PSO,4,2043,2400,0.012763996425526931
APO-PSO,4,2043,2500,0.012763996425526931
APO-PSO,4,2043,2600,0.012763996425526931
APO-PSO,4,2043,2700,0.012763996425526931
APO-PSO,4,2043,2800,0.012763996425526931
APO-PSO,4,2043,2900,0.012763996425526931
APO-PSO,4,2043,3000,0.012763996425526931
APO-PSO,4,2043,3100,0.012763996425526931
APO-PSO,4,2043,3200,0.012763996425526931
APO-PSO,4,2043,3300,0.012763996425526931
APO-PSO,4,2043,3400,0.012763996425526931
APO-PSO,4,2043,3500,0.012763996425526931
APO-PSO,4,2043,3600,0.012763996425526931
APO-PSO,4,2043,3700,0.012763996425526931
APO-PSO,4,2043,3800,0.012763996425526931
APO-PSO,4,2043,3900,0.012763996425526931
APO-PSO,4,2043,4000,0.012763996425526931
APO-PSO,4,2043,4100,0.012763996425526931
APO-PSO,4,2043,4200,0.012763996425526931
APO-PSO,4,2043,4300,0.012763996425526931
APO-PSO,4,2043,4400,0.012763996425526931
APO-PSO,4,2043,4500,0.012763996425526931
APO-PSO,4,2043,4600,0.012763996425526931
APO-PSO,4,2043,4700,0.012763996425526931
APO-PSO,4,2043,4800,0.012763996425526931
APO-PSO,4,2043,4900,0.012763996425526931
APO-PSO,4,2043,5000,0.012728552918298292
APO-PSO,4,2043,5100,0.012728552918298292
APO-PSO,4,2043,5200,0.012728552918298292
APO-PSO,4,2043,5300,0.012728552918298292
APO-PSO,4,2043,5400,0.012728552918298292
APO-PSO,4,2043,5500,0.012728552918298292
APO-PSO,4,2043,5600,0.012728552918298292
APO-PSO,4,2043,5700,0.012728552918298292
APO-PSO,4,2043,5800,0.012728552918298292
APO-PSO,4,2043,5900,0.012728552918298292
APO-PSO,4,2043,6000,0.012728552918298292
APO-PSO,4,2043,6100,0.012728552918298292
APO-PSO,4,2043,6200,0.012728552918298292
APO-PSO,4,2043,6300,0.012728552918298292
APO-PSO,4,2043,6400,0.012728552918298292
APO-PSO,4,2043,6500,0.012728552918298292
APO-PSO,4,2043,6600,0.012728552918298292
APO-PSO,4,2043,6700,0.012728552918298292
APO-PSO,4,2043,6800,0.012728552918298292
APO-PSO,4,2043,6900,0.012728552918298292
APO-PSO,4,2043,7000,0.012728552918298292
APO-PSO,4,2043,7100,0.012728552918298292
APO-PSO,4,2043,7200,0.012728552918298292
APO-PSO,4,2043,7300,0.012728552918298292
APO-PSO,4,2043,7400,0.012728552918298292
APO-PSO,4,2043,7500,0.012728552918298292
APO-PSO,4,2043,7600,0.012728552918298292
APO-PSO,4,2043,7700,0.012728552918298292
APO-PSO,4,2043,7800,0.012728552918298292
APO-PSO,4,2043,7900,0.012728552918298292
APO-PSO,4,2043,8000,0.012728552918298292
APO-PSO,4,2043,8100,0.012728552918298292
APO-PSO,4,2043,8200,0.012728552918298292
APO-PSO,4,2043,8300,0.012728552918298292
APO-PSO,4,2043,8400,0.012728552918298292
APO-PSO,4,2043,8500,0.012728552918298292
APO-PSO,4,2043,8600,0.012728552918298292
APO-PSO,4,2043,8700,0.012728552918298292
APO-PSO,4,2043,8800,0.012728552918298292
APO-PSO,4,2043,8900,0.012728552918298292
APO-PSO,4,2043,9000,0.012728552918298292
APO-PSO,4,2043,9100,0.012728552918298292
APO-PSO,4,2043,9200,0.012728552918298292
APO-PSO,4,2043,9300,0.012728552918298292
APO-PSO,4,2043,9400,0.012728552918298292
APO-PSO,4,2043,9500,0.012728552918298292
APO-PSO,4,2043,9600,0.012728552918298292
APO-PSO,4,2043,9700,0.012728552918298292
APO-PSO,4,2043,9800,0.012728552918298292
APO-PSO,4,2043,9900,0.012728518507264329
APO-PSO,4,2043,10000,0.0127282634822731
APO-wr-DE,4,2043,100,144733.8054243557
APO-wr-DE,4,2043,200,20308.511855143708
APO-wr-DE,4,2043,300,0.029935505775966393
APO-wr-DE,4,2043,400,0.029935505775966393
APO-wr-DE,4,2043,500,0.029935505775966393
APO-wr-DE,4,2043,600,0.029935505775966393
APO-wr-DE,4,2043,700,0.029860905061015287
APO-wr-DE,4,2043,800,0.018331209748256198
APO-wr-DE,4,2043,900,0.015086207380584063
APO-wr-DE,4,2043,1000,0.015086207380584063
APO-wr-DE,4,2043,1100,0.015086207380584063
APO-wr-DE,4,2043,1200,0.015086207380584063
APO-wr-DE,4,2043,1300,0.013943958739835925
APO-wr-DE,4,2043,1400,0.013943958739835925
APO-wr-DE,4,2043,1500,0.013943958739835925
APO-wr-DE,4,2043,1600,0.013943958739835925
APO-wr-DE,4,2043,1700,0.013811673519809173
APO-wr-DE,4,2043,1800,0.013811673519809173
APO-wr-DE,4,2043,1900,0.013811673519809173
APO-wr-DE,4,2043,2000,0.013811673519809173
APO-wr-DE,4,2043,2100,0.013811673519809173
APO-wr-DE,4,2043,2200,0.013811673519809173
APO-wr-DE,4,2043,2300,0.013811673519809173
APO-wr-DE,4,2043,2400,0.013811673519809173
APO-wr-DE,4,2043,2500,0.013811673519809173
APO-wr-DE,4,2043,2600,0.013811673519809173
APO-wr-DE,4,2043,2700,0.013811673519809173
APO-wr-DE,4,2043,2800,0.013802319848247391
APO-wr-DE,4,2043,2900,0.013802319848247391
APO-wr-DE,4,2043,3000,0.013802319848247391
APO-wr-DE,4,2043,3100,0.013802319848247391
APO-wr-DE,4,2043,3200,0.012821078959091495
APO-wr-DE,4,2043,3300,0.012821078959091495
APO-wr-DE,4,2043,3400,0.012821078959091495
APO-wr-DE,4,2043,3500,0.012821078959091495
APO-wr-DE,4,2043,3600,0.012821078959091495
APO-wr-DE,4,2043,3700,0.012821078959091495
APO-wr-DE,4,2043,3800,0.012821078959091495
APO-wr-DE,4,2043,3900,0.012821078959091495
APO-wr-DE,4,2043,4000,0.012821078959091495
APO-wr-DE,4,2043,4100,0.012821078959091495
APO-wr-DE,4,2043,4200,0.012821078959091495
APO-wr-DE,4,2043,4300,0.012821078959091495
APO-wr-DE,4,2043,4400,0.012821078959091495
APO-wr-DE,4,2043,4500,0.012821078959091495
APO-wr-DE,4,2043,4600,0.012821078959091495
APO-wr-DE,4,2043,4700,0.012821078959091495
APO-wr-DE,4,2043,4800,0.012821078959091495
APO-wr-DE,4,2043,4900,0.012821078959091495
APO-wr-DE,4,2043,5000,0.012821078959091495
APO-wr-DE,4,2043,5100,0.012821078959091495
APO-wr-DE,4,2043,5200,0.012821078959091495
APO-wr-DE,4,2043,5300,0.012821078959091495
APO-wr-DE,4,2043,5400,0.012821078959091495
APO-wr-DE,4,2043,5500,0.012821078959091495
APO-wr-DE,4,2043,5600,0.012821078959091495
APO-wr-DE,4,2043,5700,0.012821078959091495
APO-wr-DE,4,2043,5800,0.012821078959091495
APO-wr-DE,4,2043,5900,0.012821078959091495
APO-wr-DE,4,2043,6000,0.012821078959091495
APO-wr-DE,4,2043,6100,0.012821078959091495
APO-wr-DE,4,2043,6200,0.012681202162509422
APO-wr-DE,4,2043,6300,0.012681202162509422
APO-wr-DE,4,2043,6400,0.012681202162509422
APO-wr-DE,4,2043,6500,0.012681202162509422
APO-wr-DE,4,2043,6600,0.012681202162509422
APO-wr-DE,4,2043,6700,0.012681202162509422
APO-wr-DE,4,2043,6800,0.012681202162509422
APO-wr-DE,4,2043,6900,0.012681202162509422
APO-wr-DE,4,2043,7000,0.012681202162509422
APO-wr-DE,4,2043,7100,0.012681202162509422
APO-wr-DE,4,2043,7200,0.012681202162509422
APO-wr-DE,4,2043,7300,0.012681202162509422
APO-wr-DE,4,2043,7400,0.012681202162509422
APO-wr-DE,4,2043,7500,0.012681202162509422
APO-wr-DE,4,2043,7600,0.012681202162509422
APO-wr-DE,4,2043,7700,0.012681202162509422
APO-wr-DE,4,2043,7800,0.012681202162509422
APO-wr-DE,4,2043,7900,0.012681202162509422
APO-wr-DE,4,2043,8000,0.012681202162509422
APO-wr-DE,4,2043,8100,0.012681202162509422
APO-wr-DE,4,2043,8200,0.012681202162509422
APO-wr-DE,4,2043,8300,0.012681202162509422
APO-wr-DE,4,2043,8400,0.012681202162509422
APO-wr-DE,4,2043,8500,0.012681202162509422
APO-wr-DE,4,2043,8600,0.012681202162509422
APO-wr-DE,4,2043,8700,0.012681202162509422
APO-wr-DE,4,2043,8800,0.012681202162509422
APO-wr-DE,4,2043,8900,0.012681202162509422
APO-wr-DE,4,2043,9000,0.012681202162509422
APO-wr-DE,4,2043,9100,0.012681202162509422
APO-wr-DE,4,2043,9200,0.012681202162509422
APO-wr-DE,4,2043,9300,0.012680997447053725
APO-wr-DE,4,2043,9400,0.01267993214456958
APO-wr-DE,4,2043,9500,0.01267993214456958
APO-wr-DE,4,2043,9600,0.01267993214456958
APO-wr-DE,4,2043,9700,0.012678877942271578
APO-wr-DE,4,2043,9800,0.012678877942271578
APO-wr-DE,4,2043,9900,0.012678422813383052
APO-wr-DE,4,2043,10000,0.012678422813383052
APO-wr-LS,4,2043,100,144733.8054243557
APO-wr-LS,4,2043,200,20308.511855143708
APO-wr-LS,4,2043,300,0.04428094488908417
APO-wr-LS,4,2043,400,0.019663270016432453
APO-wr-LS,4,2043,500,0.01823909449526161
APO-wr-LS,4,2043,600,0.015726576345357516
APO-wr-LS,4,2043,700,0.015726576345357516
APO-wr-LS,4,2043,800,0.015726576345357516
APO-wr-LS,4,2043,900,0.015493481084639202
APO-wr-LS,4,2043,1000,0.015493481084639202
APO-wr-LS,4,2043,1100,0.015493481084639202
APO-wr-LS,4,2043,1200,0.015461316122271888
APO-wr-LS,4,2043,1300,0.015461316122271888
APO-wr-LS,4,2043,1400,0.015334869908075725
APO-wr-LS,4,2043,1500,0.015334869908075725
APO-wr-LS,4,2043,1600,0.015334869908075725
APO-wr-LS,4,2043,1700,0.014577665987186942
APO-wr-LS,4,2043,1800,0.014577665987186942
APO-wr-LS,4,2043,1900,0.014577665987186942
APO-wr-LS,4,2043,2000,0.014577665987186942
APO-wr-LS,4,2043,2100,0.014083695388213503
APO-wr-LS,4,2043,2200,0.014083695388213503
APO-wr-LS,4,2043,2300,0.014083695388213503
APO-wr-LS,4,2043,2400,0.01405044431101781
APO-wr-LS,4,2043,2500,0.013627582194504077
APO-wr-LS,4,2043,2600,0.013627582194504077
APO-wr-LS,4,2043,2700,0.013391681571226709
APO-wr-LS,4,2043,2800,0.013391681571226709
APO-wr-LS,4,2043,2900,0.013391681571226709
APO-wr-LS,4,2043,3000,0.013391681571226709
APO-wr-LS,4,2043,3100,0.013391681571226709
APO-wr-LS,4,2043,3200,0.013391681571226709
APO-wr-LS,4,2043,3300,0.013013980626444826
APO-wr-LS,4,2043,3400,0.013013980626444826
APO-wr-LS,4,2043,3500,0.012961812759207453
APO-wr-LS,4,2043,3600,0.012961812759207453
APO-wr-LS,4,2043,3700,0.012961812759207453
APO-wr-LS,4,2043,3800,0.012961812759207453
APO-wr-LS,4,2043,3900,0.012961812759207453
APO-wr-LS,4,2043,4000,0.012961812759207453
APO-wr-LS,4,2043,4100,0.012961812759207453
APO-wr-LS,4,2043,4200,0.012961812759207453
APO-wr-LS,4,2043,4300,0.012961812759207453
APO-wr-LS,4,2043,4400,0.012961812759207453
APO-wr-LS,4,2043,4500,0.012961812759207453
APO-wr-LS,4,2043,4600,0.012925154296646757
APO-wr-LS,4,2043,4700,0.012925154296646757
APO-wr-LS,4,2043,4800,0.012925154296646757
APO-wr-LS,4,2043,4900,0.012925154296646757
APO-wr-LS,4,2043,5000,0.012925154296646757
APO-wr-LS,4,2043,5100,0.012925154296646757
APO-wr-LS,4,2043,5200,0.012925154296646757
APO-wr-LS,4,2043,5300,0.012925154296646757
APO-wr-LS,4,2043,5400,0.012925154296646757
APO-wr-LS,4,2043,5500,0.012925154296646757
APO-wr-LS,4,2043,5600,0.012925154296646757
APO-wr-LS,4,2043,5700,0.012925154296646757
APO-wr-LS,4,2043,5800,0.012925154296646757
APO-wr-LS,4,2043,5900,0.012925154296646757
APO-wr-LS,4,2043,6000,0.012925154296646757
APO-wr-LS,4,2043,6100,0.012925154296646757
APO-wr-LS,4,2043,6200,0.012925154296646757
APO-wr-LS,4,2043,6300,0.012925154296646757
APO-wr-LS,4,2043,6400,0.012925154296646757
APO-wr-LS,4,2043,6500,0.012925154296646757
APO-wr-LS,4,2043,6600,0.012848977528679995
APO-wr-LS,4,2043,6700,0.0128312676790911
APO-wr-LS,4,2043,6800,0.0128312676790911
APO-wr-LS,4,2043,6900,0.0128312676790911
APO-wr-LS,4,2043,7000,0.0128312676790911
APO-wr-LS,4,2043,7100,0.0128312676790911
APO-wr-LS,4,2043,7200,0.0128312676790911
APO-wr-LS,4,2043,7300,0.0128312676790911
APO-wr-LS,4,2043,7400,0.012819610081141235
APO-wr-LS,4,2043,7500,0.012819610081141235
APO-wr-LS,4,2043,7600,0.012819610081141235
APO-wr-LS,4,2043,7700,0.012819610081141235
APO-wr-LS,4,2043,7800,0.012819610081141235
APO-wr-LS,4,2043,7900,0.012819610081141235
APO-wr-LS,4,2043,8000,0.012813416509888147
APO-wr-LS,4,2043,8100,0.012813416509888147
APO-wr-LS,4,2043,8200,0.012813416509888147
APO-wr-LS,4,2043,8300,0.012813416509888147
APO-wr-LS,4,2043,8400,0.012813416509888147
APO-wr-LS,4,2043,8500,0.012813416509888147
APO-wr-LS,4,2043,8600,0.012813416509888147
APO-wr-LS,4,2043,8700,0.012813416509888147
APO-wr-LS,4,2043,8800,0.012813416509888147
APO-wr-LS,4,2043,8900,0.012813416509888147
APO-wr-LS,4,2043,9000,0.012783342988504903
APO-wr-LS,4,2043,9100,0.012783342988504903
APO-wr-LS,4,2043,9200,0.012783342988504903
APO-wr-LS,4,2043,9300,0.012783342988504903
APO-wr-LS,4,2043,9400,0.012783342988504903
APO-wr-LS,4,2043,9500,0.012778208784379198
APO-wr-LS,4,2043,9600,0.012777518776249972
APO-wr-LS,4,2043,9700,0.012776926976089599
APO-wr-LS,4,2043,9800,0.012776926976089599
APO-wr-LS,4,2043,9900,0.012776409374523429
APO-wr-LS,4,2043,10000,0.012776409374523429
APO-wr-PSO,4,2043,100,144733.8054243557
APO-wr-PSO,4,2043,200,20308.511855143708
APO-wr-PSO,4,2043,300,20308.511855143708
APO-wr-PSO,4,2043,400,0.056555824206405994
APO-wr-PSO,4,2043,500,0.03286007513744799
APO-wr-PSO,4,2043,600,0.026511567251032098
APO-wr-PSO,4,2043,700,0.018262503309232635
APO-wr-PSO,4,2043,800,0.018262503309232635
APO-wr-PSO,4,2043,900,0.018262503309232635
APO-wr-PSO,4,2043,1000,0.013239878951360005
APO-wr-PSO,4,2043,1100,0.013239878951360005
APO-wr-PSO,4,2043,1200,0.013239878951360005
APO-wr-PSO,4,2043,1300,0.013212046850171496
APO-wr-PSO,4,2043,1400,0.013212046850171496
APO-wr-PSO,4,2043,1500,0.013212046850171496
APO-wr-PSO,4,2043,1600,0.013212046850171496
APO-wr-PSO,4,2043,1700,0.013199822517936704
APO-wr-PSO,4,2043,1800,0.013199822517936704
APO-wr-PSO,4,2043,1900,0.013199822517936704
APO-wr-PSO,4,2043,2000,0.013199822517936704
APO-wr-PSO,4,2043,2100,0.013199822517936704
APO-wr-PSO,4,2043,2200,0.013199822517936704
APO-wr-PSO,4,2043,2300,0.013199822517936704
APO-wr-PSO,4,2043,2400,0.013199822517936704
APO-wr-PSO,4,2043,2500,0.013170551179647865
APO-wr-PSO,4,2043,2600,0.013170551179647865
APO-wr-PSO,4,2043,2700,0.013170551179647865
APO-wr-PSO,4,2043,2800,0.01306669270410412
APO-wr-PSO,4,2043,2900,0.01306669270410412
APO-wr-PSO,4,2043,3000,0.01306669270410412
APO-wr-PSO,4,2043,3100,0.01306669270410412
APO-wr-PSO,4,2043,3200,0.01306669270410412
APO-wr-PSO,4,2043,3300,0.01306669270410412
APO-wr-PSO,4,2043,3400,0.01306669270410412
APO-wr-PSO,4,2043,3500,0.01306669270410412
APO-wr-PSO,4,2043,3600,0.01306669270410412
APO-wr-PSO,4,2043,3700,0.01306669270410412
APO-wr-PSO,4,2043,3800,0.013028389209231803
APO-wr-PSO,4,2043,3900,0.013028389209231803
APO-wr-PSO,4,2043,4000,0.013028389209231803
APO-wr-PSO,4,2043,4100,0.013027911377641971
APO-wr-PSO,4,2043,4200,0.013027911377641971
APO-wr-PSO,4,2043,4300,0.013001366223253142
APO-wr-PSO,4,2043,4400,0.013001366223253142
APO-wr-PSO,4,2043,4500,0.013001366223253142
APO-wr-PSO,4,2043,4600,0.01296788357583555
APO-wr-PSO,4,2043,4700,0.01296788357583555
APO-wr-PSO,4,2043,4800,0.012727859449619388
APO-wr-PSO,4,2043,4900,0.012727859449619388
APO-wr-PSO,4,2043,5000,0.012727859449619388
APO-wr-PSO,4,2043,5100,0.012696306305561265
APO-wr-PSO,4,2043,5200,0.012696306305561265
APO-wr-PSO,4,2043,5300,0.012696306305561265
APO-wr-PSO,4,2043,5400,0.012696306305561265
APO-wr-PSO,4,2043,5500,0.012696306305561265
APO-wr-PSO,4,2043,5600,0.012696306305561265
APO-wr-PSO,4,2043,5700,0.012696306305561265
APO-wr-PSO,4,2043,5800,0.012696306305561265
APO-wr-PSO,4,2043,5900,0.012696306305561265
APO-wr-PSO,4,2043,6000,0.012696306305561265
APO-wr-PSO,4,2043,6100,0.012696306305561265
APO-wr-PSO,4,2043,6200,0.012696306305561265
APO-wr-PSO,4,2043,6300,0.012696306305561265
APO-wr-PSO,4,2043,6400,0.012696306305561265
APO-wr-PSO,4,2043,6500,0.012696306305561265
APO-wr-PSO,4,2043,6600,0.012696306305561265
APO-wr-PSO,4,2043,6700,0.012696306305561265
APO-wr-PSO,4,2043,6800,0.012696306305561265
APO-wr-PSO,4,2043,6900,0.012691766786829144
APO-wr-PSO,4,2043,7000,0.012691766786829144
APO-wr-PSO,4,2043,7100,0.012691766786829144
APO-wr-PSO,4,2043,7200,0.012691766786829144
APO-wr-PSO,4,2043,7300,0.012691766786829144
APO-wr-PSO,4,2043,7400,0.012691766786829144
APO-wr-PSO,4,2043,7500,0.012691766786829144
APO-wr-PSO,4,2043,7600,0.012691766786829144
APO-wr-PSO,4,2043,7700,0.012691766786829144
APO-wr-PSO,4,2043,7800,0.012691766786829144
APO-wr-PSO,4,2043,7900,0.012691766786829144
APO-wr-PSO,4,2043,8000,0.012691766786829144
APO-wr-PSO,4,2043,8100,0.012691766786829144
APO-wr-PSO,4,2043,8200,0.012691766786829144
APO-wr-PSO,4,2043,8300,0.012691766786829144
APO-wr-PSO,4,2043,8400,0.012691766786829144
APO-wr-PSO,4,2043,8500,0.012691766786829144
APO-wr-PSO,4,2043,8600,0.012691766786829144
APO-wr-PSO,4,2043,8700,0.012691766786829144
APO-wr-PSO,4,2043,8800,0.012691766786829144
APO-wr-PSO,4,2043,8900,0.012691766786829144
APO-wr-PSO,4,2043,9000,0.012691766786829144
APO-wr-PSO,4,2043,9100,0.012691766786829144
APO-wr-PSO,4,2043,9200,0.012691766786829144
APO-wr-PSO,4,2043,9300,0.012691766786829144
APO-wr-PSO,4,2043,9400,0.012688939807596524
APO-wr-PSO,4,2043,9500,0.01268503941417217
APO-wr-PSO,4,2043,9600,0.01268503941417217
APO-wr-PSO,4,2043,9700,0.01268503941417217
APO-wr-PSO,4,2043,9800,0.012684662074065088
APO-wr-PSO,4,2043,9900,0.012684655419696612
APO-wr-PSO,4,2043,10000,0.012684655419696612
APO,5,2050,100,0.0508533501255004
APO,5,2050,200,0.0508533501255004
APO,5,2050,300,0.04347099601605271
APO,5,2050,400,0.013430811355317849
APO,5,2050,500,0.013430811355317849
APO,5,2050,600,0.013430811355317849
APO,5,2050,700,0.013430811355317849
APO,5,2050,800,0.013430811355317849
APO,5,2050,900,0.013430811355317849
APO,5,2050,1000,0.013430811355317849
APO,5,2050,1100,0.013389987885682852
APO,5,2050,1200,0.013257221736029053
APO,5,2050,1300,0.013257221736029053
APO,5,2050,1400,0.013257221736029053
APO,5,2050,1500,0.013257221736029053
APO,5,2050,1600,0.013257221736029053
APO,5,2050,1700,0.013257221736029053
APO,5,2050,1800,0.013257221736029053
APO,5,2050,1900,0.013257221736029053
APO,5,2050,2000,0.013257221736029053
APO,5,2050,2100,0.013257221736029053
APO,5,2050,2200,0.013257221736029053
APO,5,2050,2300,0.013257221736029053
APO,5,2050,2400,0.013257221736029053
APO,5,2050,2500,0.013257221736029053
APO,5,2050,2600,0.013257221736029053
APO,5,2050,2700,0.013257221736029053
APO,5,2050,2800,0.013257221736029053
APO,5,2050,2900,0.013171504760770527
APO,5,2050,3000,0.013171504760770527
APO,5,2050,3100,0.013171504760770527
APO,5,2050,3200,0.013171504760770527
APO,5,2050,3300,0.013171504760770527
APO,5,2050,3400,0.013171504760770527
APO,5,2050,3500,0.013171504760770527
APO,5,2050,3600,0.013171504760770527
APO,5,2050,3700,0.013171504760770527
APO,5,2050,3800,0.013171504760770527
APO,5,2050,3900,0.012975870684455557
APO,5,2050,4000,0.012975870684455557
APO,5,2050,4100,0.012975870684455557
APO,5,2050,4200,0.012975870684455557
APO,5,2050,4300,0.012975870684455557
APO,5,2050,4400,0.012975870684455557
APO,5,2050,4500,0.012920110505439
APO,5,2050,4600,0.012920110505439
APO,5,2050,4700,0.012861076019373849
APO,5,2050,4800,0.012861076019373849
APO,5,2050,4900,0.012861076019373849
APO,5,2050,5000,0.012861076019373849
APO,5,2050,5100,0.012861076019373849
APO,5,2050,5200,0.012861076019373849
APO,5,2050,5300,0.012861076019373849
APO,5,2050,5400,0.012861076019373849
APO,5,2050,5500,0.012861076019373849
APO,5,2050,5600,0.012861076019373849
APO,5,2050,5700,0.012861076019373849
APO,5,2050,5800,0.012861076019373849
APO,5,2050,5900,0.012861076019373849
APO,5,2050,6000,0.012861076019373849
APO,5,2050,6100,0.012861076019373849
APO,5,2050,6200,0.012861076019373849
APO,5,2050,6300,0.012861076019373849
APO,5,2050,6400,0.012861076019373849
APO,5,2050,6500,0.012861076019373849
APO,5,2050,6600,0.012861076019373849
APO,5,2050,6700,0.012861076019373849
APO,5,2050,6800,0.012861076019373849
APO,5,2050,6900,0.012861076019373849
APO,5,2050,7000,0.012861076019373849
APO,5,2050,7100,0.012861076019373849
APO,5,2050,7200,0.012861076019373849
APO,5,2050,7300,0.012861076019373849
APO,5,2050,7400,0.012861076019373849
APO,5,2050,7500,0.012861076019373849
APO,5,2050,7600,0.012861076019373849
APO,5,2050,7700,0.012861076019373849
APO,5,2050,7800,0.012861076019373849
APO,5,2050,7900,0.012861076019373849
APO,5,2050,8000,0.012861076019373849
APO,5,2050,8100,0.012861076019373849
APO,5,2050,8200,0.012861076019373849
APO,5,2050,8300,0.012861076019373849
APO,5,2050,8400,0.012861076019373849
APO,5,2050,8500,0.012861076019373849
APO,5,2050,8600,0.012861076019373849
APO,5,2050,8700,0.01282709591338719
APO,5,2050,8800,0.01282709591338719
APO,5,2050,8900,0.012818188988129928
APO,5,2050,9000,0.012802155126347754
APO,5,2050,9100,0.012802155126347754
APO,5,2050,9200,0.012802155126347754
APO,5,2050,9300,0.012802155126347754
APO,5,2050,9400,0.012784250713426462
APO,5,2050,9500,0.012784250713426462
APO,5,2050,9600,0.012778996848880168
APO,5,2050,9700,0.01277701545501623
APO,5,2050,9800,0.012775106443702921
APO,5,2050,9900,0.012775106443702921
APO,5,2050,10000,0.012775106443702921
APO-wr,5,2050,100,0.0508533501255004
APO-wr,5,2050,200,0.0508533501255004
APO-wr,5,2050,300,0.04419747840539008
APO-wr,5,2050,400,0.04419747840539008
APO-wr,5,2050,500,0.04419747840539008
APO-wr,5,2050,600,0.04419747840539008
APO-wr,5,2050,700,0.019788621910041857
APO-wr,5,2050,800,0.019788621910041857
APO-wr,5,2050,900,0.019788621910041857
APO-wr,5,2050,1000,0.017826475187845983
APO-wr,5,2050,1100,0.017826475187845983
APO-wr,5,2050,1200,0.016762909638110952
APO-wr,5,2050,1300,0.016762909638110952
APO-wr,5,2050,1400,0.0156636925979786
APO-wr,5,2050,1500,0.0156636925979786
APO-wr,5,2050,1600,0.0156636925979786
APO-wr,5,2050,1700,0.01544004037074407
APO-wr,5,2050,1800,0.01544004037074407
APO-wr,5,2050,1900,0.014679547878950233
APO-wr,5,2050,2000,0.014679547878950233
APO-wr,5,2050,2100,0.014679547878950233
APO-wr,5,2050,2200,0.014679547878950233
APO-wr,5,2050,2300,0.014679547878950233
APO-wr,5,2050,2400,0.014679547878950233
APO-wr,5,2050,2500,0.014679547878950233
APO-wr,5,2050,2600,0.014442692356105534
APO-wr,5,2050,2700,0.014442692356105534
APO-wr,5,2050,2800,0.014442692356105534
APO-wr,5,2050,2900,0.013357436830255259
APO-wr,5,2050,3000,0.013357436830255259
APO-wr,5,2050,3100,0.013217553315379897
APO-wr,5,2050,3200,0.013217553315379897
APO-wr,5,2050,3300,0.013217553315379897
APO-wr,5,2050,3400,0.013217553315379897
APO-wr,5,2050,3500,0.013217553315379897
APO-wr,5,2050,3600,0.013217553315379897
APO-wr,5,2050,3700,0.013217553315379897
APO-wr,5,2050,3800,0.013092883932534565
APO-wr,5,2050,3900,0.013092883932534565
APO-wr,5,2050,4000,0.013019040501988917
APO-wr,5,2050,4100,0.013019040501988917
APO-wr,5,2050,4200,0.013019040501988917
APO-wr,5,2050,4300,0.013019040501988917
APO-wr,5,2050,4400,0.013019040501988917
APO-wr,5,2050,4500,0.013019040501988917
APO-wr,5,2050,4600,0.013019040501988917
APO-wr,5,2050,4700,0.013019040501988917
APO-wr,5,2050,4800,0.013016432215020185
APO-wr,5,2050,4900,0.013016432215020185
APO-wr,5,2050,5000,0.013016432215020185
APO-wr,5,2050,5100,0.013016432215020185
APO-wr,5,2050,5200,0.013016432215020185
APO-wr,5,2050,5300,0.013016432215020185
APO-wr,5,2050,5400,0.013016432215020185
APO-wr,5,2050,5500,0.013016432215020185
APO-wr,5,2050,5600,0.013016432215020185
APO-wr,5,2050,5700,0.013016432215020185
APO-wr,5,2050,5800,0.013016432215020185
APO-wr,5,2050,5900,0.013016432215020185
APO-wr,5,2050,6000,0.013016432215020185
APO-wr,5,2050,6100,0.013016432215020185
APO-wr,5,2050,6200,0.013016432215020185
APO-wr,5,2050,6300,0.013016432215020185
APO-wr,5,2050,6400,0.012990228900854599
APO-wr,5,2050,6500,0.012990228900854599
APO-wr,5,2050,6600,0.012990228900854599
APO-wr,5,2050,6700,0.012861191991134753
APO-wr,5,2050,6800,0.012861191991134753
APO-wr,5,2050,6900,0.012837577002130982
APO-wr,5,2050,7000,0.012837577002130982
APO-wr,5,2050,7100,0.012837577002130982
APO-wr,5,2050,7200,0.012837577002130982
APO-wr,5,2050,7300,0.012837577002130982
APO-wr,5,2050,7400,0.012837577002130982
APO-wr,5,2050,7500,0.012837577002130982
APO-wr,5,2050,7600,0.012837577002130982
APO-wr,5,2050,7700,0.012837577002130982
APO-wr,5,2050,7800,0.012837577002130982
APO-wr,5,2050,7900,0.012837577002130982
APO-wr,5,2050,8000,0.012837577002130982
APO-wr,5,2050,8100,0.01280508072059974
APO-wr,5,2050,8200,0.012753349149865608
APO-wr,5,2050,8300,0.012753349149865608
APO-wr,5,2050,8400,0.012753349149865608
APO-wr,5,2050,8500,0.012753349149865608
APO-wr,5,2050,8600,0.012753349149865608
APO-wr,5,2050,8700,0.012753349149865608
APO-wr,5,2050,8800,0.012753349149865608
APO-wr,5,2050,8900,0.012753349149865608
APO-wr,5,2050,9000,0.012752477203395247
APO-wr,5,2050,9100,0.012752477203395247
APO-wr,5,2050,9200,0.012752477203395247
APO-wr,5,2050,9300,0.012749316092780226
APO-wr,5,2050,9400,0.012749316092780226
APO-wr,5,2050,9500,0.01274830199404529
APO-wr,5,2050,9600,0.01274830199404529
APO-wr,5,2050,9700,0.01274830199404529
APO-wr,5,2050,9800,0.012748276551840644
APO-wr,5,2050,9900,0.012747404452340948
APO-wr,5,2050,10000,0.012747331381824371
APO-DE,5,2050,100,0.0508533501255004
APO-DE,5,2050,200,0.0508533501255004
APO-DE,5,2050,300,0.022733440111840145
APO-DE,5,2050,400,0.022733440111840145
APO-DE,5,2050,500,0.022733440111840145
APO-DE,5,2050,600,0.022733440111840145
APO-DE,5,2050,700,0.022733440111840145
APO-DE,5,2050,800,0.022733440111840145
APO-DE,5,2050,900,0.016584348710653857
APO-DE,5,2050,1000,0.0159018481181029
APO-DE,5,2050,1100,0.01347229115673383
APO-DE,5,2050,1200,0.01347229115673383
APO-DE,5,2050,1300,0.01347229115673383
APO-DE,5,2050,1400,0.01347229115673383
APO-DE,5,2050,1500,0.01347229115673383
APO-DE,5,2050,1600,0.01347229115673383
APO-DE,5,2050,1700,0.01347229115673383
APO-DE,5,2050,1800,0.01347229115673383
APO-DE,5,2050,1900,0.01347229115673383
APO-DE,5,2050,2000,0.01347229115673383
APO-DE,5,2050,2100,0.01347229115673383
APO-DE,5,2050,2200,0.01347229115673383
APO-DE,5,2050,2300,0.01347229115673383
APO-DE,5,2050,2400,0.01347229115673383
APO-DE,5,2050,2500,0.01347229115673383
APO-DE,5,2050,2600,0.01347229115673383
APO-DE,5,2050,2700,0.01347229115673383
APO-DE,5,2050,2800,0.01347229115673383
APO-DE,5,2050,2900,0.01347229115673383
APO-DE,5,2050,3000,0.01347229115673383
APO-DE,5,2050,3100,0.01347229115673383
APO-DE,5,2050,3200,0.01347229115673383
APO-DE,5,2050,3300,0.01347229115673383
APO-DE,5,2050,3400,0.01347229115673383
APO-DE,5,2050,3500,0.01347229115673383
APO-DE,5,2050,3600,0.01347229115673383
APO-DE,5,2050,3700,0.013462716758729315
APO-DE,5,2050,3800,0.013462716758729315
APO-DE,5,2050,3900,0.013462716758729315
APO-DE,5,2050,4000,0.013462716758729315
APO-DE,5,2050,4100,0.013426934661394664
APO-DE,5,2050,4200,0.013426934661394664
APO-DE,5,2050,4300,0.013426934661394664
APO-DE,5,2050,4400,0.013426934661394664
APO-DE,5,2050,4500,0.0133536177085509
APO-DE,5,2050,4600,0.0133536177085509
APO-DE,5,2050,4700,0.0133536177085509
APO-DE,5,2050,4800,0.0133536177085509
APO-DE,5,2050,4900,0.0133536177085509
APO-DE,5,2050,5000,0.0133536177085509
APO-DE,5,2050,5100,0.01332458711628955
APO-DE,5,2050,5200,0.013246089249105662
APO-DE,5,2050,5300,0.013130200370563621
APO-DE,5,2050,5400,0.013130200370563621
APO-DE,5,2050,5500,0.013130200370563621
APO-DE,5,2050,5600,0.013130200370563621
APO-DE,5,2050,5700,0.013130200370563621
APO-DE,5,2050,5800,0.013130200370563621
APO-DE,5,2050,5900,0.013125756410663773
APO-DE,5,2050,6000,0.013125756410663773
APO-DE,5,2050,6100,0.013099118141286671
APO-DE,5,2050,6200,0.013099118141286671
APO-DE,5,2050,6300,0.012881265125615196
APO-DE,5,2050,6400,0.012881265125615196
APO-DE,5,2050,6500,0.012881265125615196
APO-DE,5,2050,6600,0.012881265125615196
APO-DE,5,2050,6700,0.012881265125615196
APO-DE,5,2050,6800,0.012881265125615196
APO-DE,5,2050,6900,0.012881265125615196
APO-DE,5,2050,7000,0.012823426763089325
APO-DE,5,2050,7100,0.012823426763089325
APO-DE,5,2050,7200,0.012823426763089325
APO-DE,5,2050,7300,0.012823426763089325
APO-DE,5,2050,7400,0.012823426763089325
APO-DE,5,2050,7500,0.012823426763089325
APO-DE,5,2050,7600,0.012730853847077086
APO-DE,5,2050,7700,0.012730853847077086
APO-DE,5,2050,7800,0.012730853847077086
APO-DE,5,2050,7900,0.012730853847077086
APO-DE,5,2050,8000,0.012730853847077086
APO-DE,5,2050,8100,0.012730853847077086
APO-DE,5,2050,8200,0.012730853847077086
APO-DE,5,2050,8300,0.012730853847077086
APO-DE,5,2050,8400,0.012730853847077086
APO-DE,5,2050,8500,0.01271627222799434
APO-DE,5,2050,8600,0.01271627222799434
APO-DE,5,2050,8700,0.01271627222799434
APO-DE,5,2050,8800,0.01271627222799434
APO-DE,5,2050,8900,0.01271627222799434
APO-DE,5,2050,9000,0.01271627222799434
APO-DE,5,2050,9100,0.01271627222799434
APO-DE,5,2050,9200,0.01271627222799434
APO-DE,5,2050,9300,0.012713423797590724
APO-DE,5,2050,9400,0.012705054872790599
APO-DE,5,2050,9500,0.012705054872790599
APO-DE,5,2050,9600,0.012705054872790599
APO-DE,5,2050,9700,0.012702122545066117
APO-DE,5,2050,9800,0.012700761149500746
APO-DE,5,2050,9900,0.012700761149500746
APO-DE,5,2050,10000,0.012700761149500746
APO-LS,5,2050,100,0.0508533501255004
APO-LS,5,2050,200,0.03731869108618975
APO-LS,5,2050,300,0.03530600637618655
APO-LS,5,2050,400,0.03530600637618655
APO-LS,5,2050,500,0.026872307532770905
APO-LS,5,2050,600,0.01346150020388063
APO-LS,5,2050,700,0.01346150020388063
APO-LS,5,2050,800,0.013212206686613555
APO-LS,5,2050,900,0.013212206686613555
APO-LS,5,2050,1000,0.013212206686613555
APO-LS,5,2050,1100,0.013212206686613555
APO-LS,5,2050,1200,0.013211689875947591
APO-LS,5,2050,1300,0.013211689875947591
APO-LS,5,2050,1400,0.013211689875947591
APO-LS,5,2050,1500,0.013211689875947591
APO-LS,5,2050,1600,0.013211689875947591
APO-LS,5,2050,1700,0.013172237018846043
APO-LS,5,2050,1800,0.013172237018846043
APO-LS,5,2050,1900,0.013172237018846043
APO-LS,5,2050,2000,0.013172237018846043
APO-LS,5,2050,2100,0.013172237018846043
APO-LS,5,2050,2200,0.013172237018846043
APO-LS,5,2050,2300,0.013172237018846043
APO-LS,5,2050,2400,0.013172237018846043
APO-LS,5,2050,2500,0.013172237018846043
APO-LS,5,2050,2600,0.013172237018846043
APO-LS,5,2050,2700,0.013172237018846043
APO-LS,5,2050,2800,0.013172237018846043
APO-LS,5,2050,2900,0.012795810059400455
APO-LS,5,2050,3000,0.012795810059400455
APO-LS,5,2050,3100,0.012795810059400455
APO-LS,5,2050,3200,0.012795810059400455
APO-LS,5,2050,3300,0.012795810059400455
APO-LS,5,2050,3400,0.012795810059400455
APO-LS,5,2050,3500,0.012795810059400455
APO-LS,5,2050,3600,0.012795810059400455
APO-LS,5,2050,3700,0.012795810059400455
APO-LS,5,2050,3800,0.012795810059400455
APO-LS,5,2050,3900,0.012795810059400455
APO-LS,5,2050,4000,0.012795810059400455
APO-LS,5,2050,4100,0.012795810059400455
APO-LS,5,2050,4200,0.012795810059400455
APO-LS,5,2050,4300,0.012795810059400455
APO-LS,5,2050,4400,0.012795810059400455
APO-LS,5,2050,4500,0.012795810059400455
APO-LS,5,2050,4600,0.012795810059400455
APO-LS,5,2050,4700,0.012795810059400455
APO-LS,5,2050,4800,0.012795810059400455
APO-LS,5,2050,4900,0.012795810059400455
APO-LS,5,2050,5000,0.012795810059400455
APO-LS,5,2050,5100,0.012795810059400455
APO-LS,5,2050,5200,0.012795810059400455
APO-LS,5,2050,5300,0.012795810059400455
APO-LS,5,2050,5400,0.012795810059400455
APO-LS,5,2050,5500,0.012795810059400455
APO-LS,5,2050,5600,0.012795810059400455
APO-LS,5,2050,5700,0.012795810059400455
APO-LS,5,2050,5800,0.012795810059400455
APO-LS,5,2050,5900,0.012795810059400455
APO-LS,5,2050,6000,0.012795810059400455
APO-LS,5,2050,6100,0.012795810059400455
APO-LS,5,2050,6200,0.012795810059400455
APO-LS,5,2050,6300,0.012795810059400455
APO-LS,5,2050,6400,0.012795810059400455
APO-LS,5,2050,6500,0.012795810059400455
APO-LS,5,2050,6600,0.012795810059400455
APO-LS,5,2050,6700,0.012795810059400455
APO-LS,5,2050,6800,0.012795810059400455
APO-LS,5,2050,6900,0.012795810059400455
APO-LS,5,2050,7000,0.012795810059400455
APO-LS,5,2050,7100,0.012795810059400455
APO-LS,5,2050,7200,0.012795810059400455
APO-LS,5,2050,7300,0.012795810059400455
APO-LS,5,2050,7400,0.012795810059400455
APO-LS,5,2050,7500,0.012795810059400455
APO-LS,5,2050,7600,0.012795810059400455
APO-LS,5,2050,7700,0.012795810059400455
APO-LS,5,2050,7800,0.012795810059400455
APO-LS,5,2050,7900,0.012795810059400455
APO-LS,5,2050,8000,0.012795810059400455
APO-LS,5,2050,8100,0.012795810059400455
APO-LS,5,2050,8200,0.012795810059400455
APO-LS,5,2050,8300,0.012795810059400455
APO-LS,5,2050,8400,0.012795810059400455
APO-LS,5,2050,8500,0.012795810059400455
APO-LS,5,2050,8600,0.012795810059400455
APO-LS,5,2050,8700,0.012795810059400455
APO-LS,5,2050,8800,0.012795810059400455
APO-LS,5,2050,8900,0.012795810059400455
APO-LS,5,2050,9000,0.012795810059400455
APO-LS,5,2050,9100,0.012795810059400455
APO-LS,5,2050,9200,0.012795810059400455
APO-LS,5,2050,9300,0.012795810059400455
APO-LS,5,2050,9400,0.012795810059400455
APO-LS,5,2050,9500,0.012795810059400455
APO-LS,5,2050,9600,0.012795810059400455
APO-LS,5,2050,9700,0.012795810059400455
APO-LS,5,2050,9800,0.01279574486204479
APO-LS,5,2050,9900,0.01279574486204479
APO-LS,5,2050,10000,0.012794521354104867
APO-PSO,5,2050,100,0.0508533501255004
APO-PSO,5,2050,200,0.0508533501255004
APO-PSO,5,2050,300,0.027386728444428417
APO-PSO,5,2050,400,0.027386728444428417
APO-PSO,5,2050,500,0.027386728444428417
APO-PSO,5,2050,600,0.015964827543363605
APO-PSO,5,2050,700,0.015964827543363605
APO-PSO,5,2050,800,0.015964827543363605
APO-PSO,5,2050,900,0.015964827543363605
APO-PSO,5,2050,1000,0.015964827543363605
APO-PSO,5,2050,1100,0.015964827543363605
APO-PSO,5,2050,1200,0.015964827543363605
APO-PSO,5,2050,1300,0.015666704054450985
APO-PSO,5,2050,1400,0.015666704054450985
APO-PSO,5,2050,1500,0.015666704054450985
APO-PSO,5,2050,1600,0.015666704054450985
APO-PSO,5,2050,1700,0.013974713802636487
APO-PSO,5,2050,1800,0.013974713802636487
APO-PSO,5,2050,1900,0.013974713802636487
APO-PSO,5,2050,2000,0.013974713802636487
APO-PSO,5,2050,2100,0.013974713802636487
APO-PSO,5,2050,2200,0.013974713802636487
APO-PSO,5,2050,2300,0.013974713802636487
APO-PSO,5,2050,2400,0.013974713802636487
APO-PSO,5,2050,2500,0.013974713802636487
APO-PSO,5,2050,2600,0.013974713802636487
APO-PSO,5,2050,2700,0.013974713802636487
APO-PSO,5,2050,2800,0.013974713802636487
APO-PSO,5,2050,2900,0.013760278128885929
APO-PSO,5,2050,3000,0.013760278128885929
APO-PSO,5,2050,3100,0.013760278128885929
APO-PSO,5,2050,3200,0.013760278128885929
APO-PSO,5,2050,3300,0.013760278128885929
APO-PSO,5,2050,3400,0.01372354585376078
APO-PSO,5,2050,3500,0.01372354585376078
APO-PSO,5,2050,3600,0.01372354585376078
APO-PSO,5,2050,3700,0.01372354585376078
APO-PSO,5,2050,3800,0.01372354585376078
APO-PSO,5,2050,3900,0.01372354585376078
APO-PSO,5,2050,4000,0.01372354585376078
APO-PSO,5,2050,4100,0.013500751132366142
APO-PSO,5,2050,4200,0.013500751132366142
APO-PSO,5,2050,4300,0.013500751132366142
APO-PSO,5,2050,4400,0.013500751132366142
APO-PSO,5,2050,4500,0.013500751132366142
APO-PSO,5,2050,4600,0.013500751132366142
APO-PSO,5,2050,4700,0.013500751132366142
APO-PSO,5,2050,4800,0.013500751132366142
APO-PSO,5,2050,4900,0.013500751132366142
APO-PSO,5,2050,5000,0.01337024951858319
APO-PSO,5,2050,5100,0.01337024951858319
APO-PSO,5,2050,5200,0.013329304831649395
APO-PSO,5,2050,5300,0.013329304831649395
APO-PSO,5,2050,5400,0.013294648105903174
APO-PSO,5,2050,5500,0.013294648105903174
APO-PSO,5,2050,5600,0.013294648105903174
APO-PSO,5,2050,5700,0.013294648105903174
APO-PSO,5,2050,5800,0.013294648105903174
APO-PSO,5,2050,5900,0.013250129016203432
APO-PSO,5,2050,6000,0.013250129016203432
APO-PSO,5,2050,6100,0.013250129016203432
APO-PSO,5,2050,6200,0.013250129016203432
APO-PSO,5,2050,6300,0.013250129016203432
APO-PSO,5,2050,6400,0.013197956557144596
APO-PSO,5,2050,6500,0.013197956557144596
APO-PSO,5,2050,6600,0.013197956557144596
APO-PSO,5,2050,6700,0.013197956557144596
APO-PSO,5,2050,6800,0.013197956557144596
APO-PSO,5,2050,6900,0.013152147244635076
APO-PSO,5,2050,7000,0.013152147244635076
APO-PSO,5,2050,7100,0.013122996033753718
APO-PSO,5,2050,7200,0.013122996033753718
APO-PSO,5,2050,7300,0.013122996033753718
APO-PSO,5,2050,7400,0.013122996033753718
APO-PSO,5,2050,7500,0.013122996033753718
APO-PSO,5,2050,7600,0.013122996033753718
APO-PSO,5,2050,7700,0.013122996033753718
APO-PSO,5,2050,7800,0.013122996033753718
APO-PSO,5,2050,7900,0.013122996033753718
APO-PSO,5,2050,8000,0.013122996033753718
APO-PSO,5,2050,8100,0.013122996033753718
APO-PSO,5,2050,8200,0.013122996033753718
APO-PSO,5,2050,8300,0.013122996033753718
APO-PSO,5,2050,8400,0.013122996033753718
APO-PSO,5,2050,8500,0.012906525669858929
APO-PSO,5,2050,8600,0.012906525669858929
APO-PSO,5,2050,8700,0.012906525669858929
APO-PSO,5,2050,8800,0.012906525669858929
APO-PSO,5,2050,8900,0.012903378493664635
APO-PSO,5,2050,9000,0.012903378493664635
APO-PSO,5,2050,9100,0.012903378493664635
APO-PSO,5,2050,9200,0.012903378493664635
APO-PSO,5,2050,9300,0.012903378493664635
APO-PSO,5,2050,9400,0.012903378493664635
APO-PSO,5,2050,9500,0.012903378493664635
APO-PSO,5,2050,9600,0.012903089474956693
APO-PSO,5,2050,9700,0.0129009271989107
APO-PSO,5,2050,9800,0.0129009271989107
APO-PSO,5,2050,9900,0.012900844025991924
APO-PSO,5,2050,10000,0.012900792892712221
APO-wr-DE,5,2050,100,0.0508533501255004
APO-wr-DE,5,2050,200,0.0508533501255004
APO-wr-DE,5,2050,300,0.026713826981475584
APO-wr-DE,5,2050,400,0.02335675820344968
APO-wr-DE,5,2050,500,0.02335675820344968
APO-wr-DE,5,2050,600,0.02335675820344968
APO-wr-DE,5,2050,700,0.02335675820344968
APO-wr-DE,5,2050,800,0.013465071558714695
APO-wr-DE,5,2050,900,0.013465071558714695
APO-wr-DE,5,2050,1000,0.013427823245889172
APO-wr-DE,5,2050,1100,0.013427823245889172
APO-wr-DE,5,2050,1200,0.013427823245889172
APO-wr-DE,5,2050,1300,0.013427823245889172
APO-wr-DE,5,2050,1400,0.013427823245889172
APO-wr-DE,5,2050,1500,0.013427823245889172
APO-wr-DE,5,2050,1600,0.013427823245889172
APO-wr-DE,5,2050,1700,0.013427823245889172
APO-wr-DE,5,2050,1800,0.013427823245889172
APO-wr-DE,5,2050,1900,0.013126803284960674
APO-wr-DE,5,2050,2000,0.013126803284960674
APO-wr-DE,5,2050,2100,0.013126803284960674
APO-wr-DE,5,2050,2200,0.013117248466108717
APO-wr-DE,5,2050,2300,0.013117248466108717
APO-wr-DE,5,2050,2400,0.013117248466108717
APO-wr-DE,5,2050,2500,0.013117248466108717
APO-wr-DE,5,2050,2600,0.013117248466108717
APO-wr-DE,5,2050,2700,0.013117248466108717
APO-wr-DE,5,2050,2800,0.013117248466108717
APO-wr-DE,5,2050,2900,0.013117248466108717
APO-wr-DE,5,2050,3000,0.013117248466108717
APO-wr-DE,5,2050,3100,0.013117248466108717
APO-wr-DE,5,2050,3200,0.013117248466108717
APO-wr-DE,5,2050,3300,0.013117248466108717
APO-wr-DE,5,2050,3400,0.013117248466108717
APO-wr-DE,5,2050,3500,0.013117248466108717
APO-wr-DE,5,2050,3600,0.013117248466108717
APO-wr-DE,5,2050,3700,0.013117248466108717
APO-wr-DE,5,2050,3800,0.013117248466108717
APO-wr-DE,5,2050,3900,0.013117248466108717
APO-wr-DE,5,2050,4000,0.013117248466108717
APO-wr-DE,5,2050,4100,0.013117248466108717
APO-wr-DE,5,2050,4200,0.013117248466108717
APO-wr-DE,5,2050,4300,0.013117248466108717
APO-wr-DE,5,2050,4400,0.013117248466108717
APO-wr-DE,5,2050,4500,0.013113966853696467
APO-wr-DE,5,2050,4600,0.013113966853696467
APO-wr-DE,5,2050,4700,0.013113966853696467
APO-wr-DE,5,2050,4800,0.013113966853696467
APO-wr-DE,5,2050,4900,0.013113966853696467
APO-wr-DE,5,2050,5000,0.013113966853696467
APO-wr-DE,5,2050,5100,0.013113966853696467
APO-wr-DE,5,2050,5200,0.013113966853696467
APO-wr-DE,5,2050,5300,0.013113966853696467
APO-wr-DE,5,2050,5400,0.012793071551339392
APO-wr-DE,5,2050,5500,0.012793071551339392
APO-wr-DE,5,2050,5600,0.012793071551339392
APO-wr-DE,5,2050,5700,0.012793071551339392
APO-wr-DE,5,2050,5800,0.012793071551339392
APO-wr-DE,5,2050,5900,0.01274411161893469
APO-wr-DE,5,2050,6000,0.01274411161893469
APO-wr-DE,5,2050,6100,0.01274411161893469
APO-wr-DE,5,2050,6200,0.01274411161893469
APO-wr-DE,5,2050,6300,0.01274411161893469
APO-wr-DE,5,2050,6400,0.01274411161893469
APO-wr-DE,5,2050,6500,0.01274411161893469
APO-wr-DE,5,2050,6600,0.01274411161893469
APO-wr-DE,5,2050,6700,0.01274411161893469
APO-wr-DE,5,2050,6800,0.01274411161893469
APO-wr-DE,5,2050,6900,0.01274411161893469
APO-wr-DE,5,2050,7000,0.01274411161893469
APO-wr-DE,5,2050,7100,0.01274411161893469
APO-wr-DE,5,2050,7200,0.01274411161893469
APO-wr-DE,5,2050,7300,0.01274411161893469
APO-wr-DE,5,2050,7400,0.01274411161893469
APO-wr-DE,5,2050,7500,0.01274411161893469
APO-wr-DE,5,2050,7600,0.01274411161893469
APO-wr-DE,5,2050,7700,0.01274411161893469
APO-wr-DE,5,2050,7800,0.01274411161893469
APO-wr-DE,5,2050,7900,0.01274411161893469
APO-wr-DE,5,2050,8000,0.01274411161893469
APO-wr-DE,5,2050,8100,0.01273497326463932
APO-wr-DE,5,2050,8200,0.01273497326463932
APO-wr-DE,5,2050,8300,0.01273497326463932
APO-wr-DE,5,2050,8400,0.01273497326463932
APO-wr-DE,5,2050,8500,0.01273497326463932
APO-wr-DE,5,2050,8600,0.01273497326463932
APO-wr-DE,5,2050,8700,0.01273497326463932
APO-wr-DE,5,2050,8800,0.01273497326463932
APO-wr-DE,5,2050,8900,0.01273497326463932
APO-wr-DE,5,2050,9000,0.01273497326463932
APO-wr-DE,5,2050,9100,0.012732985254601007
APO-wr-DE,5,2050,9200,0.012732985254601007
APO-wr-DE,5,2050,9300,0.012727288582386719
APO-wr-DE,5,2050,9400,0.012720157313890491
APO-wr-DE,5,2050,9500,0.012720157313890491
APO-wr-DE,5,2050,9600,0.012715384397364157
APO-wr-DE,5,2050,9700,0.012713624789535315
APO-wr-DE,5,2050,9800,0.012713406031955258
APO-wr-DE,5,2050,9900,0.012712345669080713
APO-wr-DE,5,2050,10000,0.012712259140955522
APO-wr-LS,5,2050,100,0.0508533501255004
APO-wr-LS,5,2050,200,0.03731869108618975
APO-wr-LS,5,2050,300,0.02982071823737588
APO-wr-LS,5,2050,400,0.029773432296208213
APO-wr-LS,5,2050,500,0.02129676824886581
APO-wr-LS,5,2050,600,0.016103469713138686
APO-wr-LS,5,2050,700,0.016103469713138686
APO-wr-LS,5,2050,800,0.016103469713138686
APO-wr-LS,5,2050,900,0.016103469713138686
APO-wr-LS,5,2050,1000,0.016103469713138686
APO-wr-LS,5,2050,1100,0.016103469713138686
APO-wr-LS,5,2050,1200,0.016103469713138686
APO-wr-LS,5,2050,1300,0.013801966051273522
APO-wr-LS,5,2050,1400,0.013801966051273522
APO-wr-LS,5,2050,1500,0.013399533897978395
APO-wr-LS,5,2050,1600,0.013399533897978395
APO-wr-LS,5,2050,1700,0.013210185623688456
APO-wr-LS,5,2050,1800,0.013210185623688456
APO-wr-LS,5,2050,1900,0.013210185623688456
APO-wr-LS,5,2050,2000,0.013210185623688456
APO-wr-LS,5,2050,2100,0.01315368710453312
APO-wr-LS,5,2050,2200,0.01315368710453312
APO-wr-LS,5,2050,2300,0.01315368710453312
APO-wr-LS,5,2050,2400,0.01315368710453312
APO-wr-LS,5,2050,2500,0.01315368710453312
APO-wr-LS,5,2050,2600,0.01315368710453312
APO-wr-LS,5,2050,2700,0.01315368710453312
APO-wr-LS,5,2050,2800,0.01315368710453312
APO-wr-LS,5,2050,2900,0.01315368710453312
APO-wr-LS,5,2050,3000,0.01315368710453312
APO-wr-LS,5,2050,3100,0.01315368710453312
APO-wr-LS,5,2050,3200,0.01315368710453312
APO-wr-LS,5,2050,3300,0.01315368710453312
APO-wr-LS,5,2050,3400,0.01315368710453312
APO-wr-LS,5,2050,3500,0.01315368710453312
APO-wr-LS,5,2050,3600,0.01315368710453312
APO-wr-LS,5,2050,3700,0.01315368710453312
APO-wr-LS,5,2050,3800,0.01315368710453312
APO-wr-LS,5,2050,3900,0.013138132354699279
APO-wr-LS,5,2050,4000,0.013138132354699279
APO-wr-LS,5,2050,4100,0.013138132354699279
APO-wr-LS,5,2050,4200,0.013138132354699279
APO-wr-LS,5,2050,4300,0.01303100385119523
APO-wr-LS,5,2050,4400,0.01303100385119523
APO-wr-LS,5,2050,4500,0.01303100385119523
APO-wr-LS,5,2050,4600,0.01303100385119523
APO-wr-LS,5,2050,4700,0.01303100385119523
APO-wr-LS,5,2050,4800,0.01303100385119523
APO-wr-LS,5,2050,4900,0.01303100385119523
APO-wr-LS,5,2050,5000,0.01303100385119523
APO-wr-LS,5,2050,5100,0.012978883250798686
APO-wr-LS,5,2050,5200,0.012978883250798686
APO-wr-LS,5,2050,5300,0.012978883250798686
APO-wr-LS,5,2050,5400,0.012978883250798686
APO-wr-LS,5,2050,5500,0.012978883250798686
APO-wr-LS,5,2050,5600,0.012978883250798686
APO-wr-LS,5,2050,5700,0.012978883250798686
APO-wr-LS,5,2050,5800,0.012978883250798686
APO-wr-LS,5,2050,5900,0.012978883250798686
APO-wr-LS,5,2050,6000,0.012978883250798686
APO-wr-LS,5,2050,6100,0.012978883250798686
APO-wr-LS,5,2050,6200,0.012978883250798686
APO-wr-LS,5,2050,6300,0.012955582154934886
APO-wr-LS,5,2050,6400,0.012955582154934886
APO-wr-LS,5,2050,6500,0.012955582154934886
APO-wr-LS,5,2050,6600,0.012955582154934886
APO-wr-LS,5,2050,6700,0.012955582154934886
APO-wr-LS,5,2050,6800,0.012955582154934886
APO-wr-LS,5,2050,6900,0.012921736906177234
APO-wr-LS,5,2050,7000,0.012921736906177234
APO-wr-LS,5,2050,7100,0.012921736906177234
APO-wr-LS,5,2050,7200,0.012921736906177234
APO-wr-LS,5,2050,7300,0.012921736906177234
APO-wr-LS,5,2050,7400,0.012921736906177234
APO-wr-LS,5,2050,7500,0.012921736906177234
APO-wr-LS,5,2050,7600,0.012921736906177234
APO-wr-LS,5,2050,7700,0.012921736906177234
APO-wr-LS,5,2050,7800,0.012921736906177234
APO-wr-LS,5,2050,7900,0.012921736906177234
APO-wr-LS,5,2050,8000,0.012921736906177234
APO-wr-LS,5,2050,8100,0.012912286748559171
APO-wr-LS,5,2050,8200,0.012912286748559171
APO-wr-LS,5,2050,8300,0.012885474562628842
APO-wr-LS,5,2050,8400,0.012885474562628842
APO-wr-LS,5,2050,8500,0.012880818919201772
APO-wr-LS,5,2050,8600,0.012842740808339102
APO-wr-LS,5,2050,8700,0.01283749355008193
APO-wr-LS,5,2050,8800,0.01282452627401796
APO-wr-LS,5,2050,8900,0.01282452627401796
APO-wr-LS,5,2050,9000,0.01282452627401796
APO-wr-LS,5,2050,9100,0.01282452627401796
APO-wr-LS,5,2050,9200,0.01282452627401796
APO-wr-LS,5,2050,9300,0.01282452627401796
APO-wr-LS,5,2050,9400,0.01282452627401796
APO-wr-LS,5,2050,9500,0.01282452627401796
APO-wr-LS,5,2050,9600,0.01282452627401796
APO-wr-LS,5,2050,9700,0.01282452627401796
APO-wr-LS,5,2050,9800,0.01282452627401796
APO-wr-LS,5,2050,9900,0.012820787674345052
APO-wr-LS,5,2050,10000,0.012820787674345052
APO-wr-PSO,5,2050,100,0.0508533501255004
APO-wr-PSO,5,2050,200,0.0508533501255004
APO-wr-PSO,5,2050,300,0.024547866758074154
APO-wr-PSO,5,2050,400,0.024547866758074154
APO-wr-PSO,5,2050,500,0.024547866758074154
APO-wr-PSO,5,2050,600,0.01847209880733726
APO-wr-PSO,5,2050,700,0.014499288459022167
APO-wr-PSO,5,2050,800,0.014499288459022167
APO-wr-PSO,5,2050,900,0.014499288459022167
APO-wr-PSO,5,2050,1000,0.013456586662635635
APO-wr-PSO,5,2050,1100,0.013456586662635635
APO-wr-PSO,5,2050,1200,0.013375069553762227
APO-wr-PSO,5,2050,1300,0.013375069553762227
APO-wr-PSO,5,2050,1400,0.013375069553762227
APO-wr-PSO,5,2050,1500,0.013375069553762227
APO-wr-PSO,5,2050,1600,0.013375069553762227
APO-wr-PSO,5,2050,1700,0.013375069553762227
APO-wr-PSO,5,2050,1800,0.013375069553762227
APO-wr-PSO,5,2050,1900,0.013375069553762227
APO-wr-PSO,5,2050,2000,0.013375069553762227
APO-wr-PSO,5,2050,2100,0.013375069553762227
APO-wr-PSO,5,2050,2200,0.013375069553762227
APO-wr-PSO,5,2050,2300,0.013375069553762227
APO-wr-PSO,5,2050,2400,0.013375069553762227
APO-wr-PSO,5,2050,2500,0.013375069553762227
APO-wr-PSO,5,2050,2600,0.013120869246452593
APO-wr-PSO,5,2050,2700,0.013120869246452593
APO-wr-PSO,5,2050,2800,0.013120869246452593
APO-wr-PSO,5,2050,2900,0.013120869246452593
APO-wr-PSO,5,2050,3000,0.013120869246452593
APO-wr-PSO,5,2050,3100,0.012858019199223842
APO-wr-PSO,5,2050,3200,0.012858019199223842
APO-wr-PSO,5,2050,3300,0.012858019199223842
APO-wr-PSO,5,2050,3400,0.012855390905136651
APO-wr-PSO,5,2050,3500,0.012855390905136651
APO-wr-PSO,5,2050,3600,0.012855390905136651
APO-wr-PSO,5,2050,3700,0.012855390905136651
APO-wr-PSO,5,2050,3800,0.012855390905136651
APO-wr-PSO,5,2050,3900,0.012855390905136651
APO-wr-PSO,5,2050,4000,0.012855390905136651
APO-wr-PSO,5,2050,4100,0.012855390905136651
APO-wr-PSO,5,2050,4200,0.012855390905136651
APO-wr-PSO,5,2050,4300,0.012855390905136651
APO-wr-PSO,5,2050,4400,0.012855390905136651
APO-wr-PSO,5,2050,4500,0.012855390905136651
APO-wr-PSO,5,2050,4600,0.012836504276691639
APO-wr-PSO,5,2050,4700,0.012836504276691639
APO-wr-PSO,5,2050,4800,0.012836504276691639
APO-wr-PSO,5,2050,4900,0.012836504276691639
APO-wr-PSO,5,2050,5000,0.012836504276691639
APO-wr-PSO,5,2050,5100,0.012836504276691639
APO-wr-PSO,5,2050,5200,0.012836504276691639
APO-wr-PSO,5,2050,5300,0.012836504276691639
APO-wr-PSO,5,2050,5400,0.012836504276691639
APO-wr-PSO,5,2050,5500,0.012836504276691639
APO-wr-PSO,5,2050,5600,0.012836504276691639
APO-wr-PSO,5,2050,5700,0.012836504276691639
APO-wr-PSO,5,2050,5800,0.012805602267391449
APO-wr-PSO,5,2050,5900,0.012801093489424565
APO-wr-PSO,5,2050,6000,0.012801093489424565
APO-wr-PSO,5,2050,6100,0.012801093489424565
APO-wr-PSO,5,2050,6200,0.012801093489424565
APO-wr-PSO,5,2050,6300,0.012801093489424565
APO-wr-PSO,5,2050,6400,0.012801093489424565
APO-wr-PSO,5,2050,6500,0.012801093489424565
APO-wr-PSO,5,2050,6600,0.012801093489424565
APO-wr-PSO,5,2050,6700,0.012801093489424565
APO-wr-PSO,5,2050,6800,0.012801093489424565
APO-wr-PSO,5,2050,6900,0.012801093489424565
APO-wr-PSO,5,2050,7000,0.012737286454508683
APO-wr-PSO,5,2050,7100,0.012737286454508683
APO-wr-PSO,5,2050,7200,0.012737286454508683
APO-wr-PSO,5,2050,7300,0.012737286454508683
APO-wr-PSO,5,2050,7400,0.012737286454508683
APO-wr-PSO,5,2050,7500,0.012737286454508683
APO-wr-PSO,5,2050,7600,0.012716720808254702
APO-wr-PSO,5,2050,7700,0.012716720808254702
APO-wr-PSO,5,2050,7800,0.012716720808254702
APO-wr-PSO,5,2050,7900,0.012716720808254702
APO-wr-PSO,5,2050,8000,0.012716720808254702
APO-wr-PSO,5,2050,8100,0.012716720808254702
APO-wr-PSO,5,2050,8200,0.012716720808254702
APO-wr-PSO,5,2050,8300,0.012716720808254702
APO-wr-PSO,5,2050,8400,0.012716720808254702
APO-wr-PSO,5,2050,8500,0.012712547314681797
APO-wr-PSO,5,2050,8600,0.012712547314681797
APO-wr-PSO,5,2050,8700,0.012707089509735316
APO-wr-PSO,5,2050,8800,0.012690820610233092
APO-wr-PSO,5,2050,8900,0.012690737171350762
APO-wr-PSO,5,2050,9000,0.012690737171350762
APO-wr-PSO,5,2050,9100,0.012690737171350762
APO-wr-PSO,5,2050,9200,0.012690737171350762
APO-wr-PSO,5,2050,9300,0.012690737171350762
APO-wr-PSO,5,2050,9400,0.012690737171350762
APO-wr-PSO,5,2050,9500,0.012690737171350762
APO-wr-PSO,5,2050,9600,0.012690737171350762
APO-wr-PSO,5,2050,9700,0.01268638845559461
APO-wr-PSO,5,2050,9800,0.01268638845559461
APO-wr-PSO,5,2050,9900,0.012686198141292952
APO-wr-PSO,5,2050,10000,0.0126858793935423
APO,6,2057,100,0.13162553548945344
APO,6,2057,200,0.12406453483099698
APO,6,2057,300,0.030094620729201185
APO,6,2057,400,0.030094620729201185
APO,6,2057,500,0.030094620729201185
APO,6,2057,600,0.030094620729201185
APO,6,2057,700,0.025264213828072146
APO,6,2057,800,0.025264213828072146
APO,6,2057,900,0.020309785895620252
APO,6,2057,1000,0.013405097782902779
APO,6,2057,1100,0.013405097782902779
APO,6,2057,1200,0.013405097782902779
APO,6,2057,1300,0.013405097782902779
APO,6,2057,1400,0.013405097782902779
APO,6,2057,1500,0.013405097782902779
APO,6,2057,1600,0.013405097782902779
APO,6,2057,1700,0.013405097782902779
APO,6,2057,1800,0.013405097782902779
APO,6,2057,1900,0.013405097782902779
APO,6,2057,2000,0.013405097782902779
APO,6,2057,2100,0.013405097782902779
APO,6,2057,2200,0.013405097782902779
APO,6,2057,2300,0.013405097782902779
APO,6,2057,2400,0.013405097782902779
APO,6,2057,2500,0.013213869104600701
APO,6,2057,2600,0.013202479083688259
APO,6,2057,2700,0.013202479083688259
APO,6,2057,2800,0.013202479083688259
APO,6,2057,2900,0.013202479083688259
APO,6,2057,3000,0.013202479083688259
APO,6,2057,3100,0.013202479083688259
APO,6,2057,3200,0.013202479083688259
APO,6,2057,3300,0.013202479083688259
APO,6,2057,3400,0.013202479083688259
APO,6,2057,3500,0.013202479083688259
APO,6,2057,3600,0.013202479083688259
APO,6,2057,3700,0.013194780421742242
APO,6,2057,3800,0.013194780421742242
APO,6,2057,3900,0.013194780421742242
APO,6,2057,4000,0.013194780421742242
APO,6,2057,4100,0.013194780421742242
APO,6,2057,4200,0.013194780421742242
APO,6,2057,4300,0.013194780421742242
APO,6,2057,4400,0.013194780421742242
APO,6,2057,4500,0.013194780421742242
APO,6,2057,4600,0.013194780421742242
APO,6,2057,4700,0.013194780421742242
APO,6,2057,4800,0.013194780421742242
APO,6,2057,4900,0.013194780421742242
APO,6,2057,5000,0.013194780421742242
APO,6,2057,5100,0.013194780421742242
APO,6,2057,5200,0.013194780421742242
APO,6,2057,5300,0.013194780421742242
APO,6,2057,5400,0.013012482706757315
APO,6,2057,5500,0.013012482706757315
APO,6,2057,5600,0.012894665174638964
APO,6,2057,5700,0.012894665174638964
APO,6,2057,5800,0.012894665174638964
APO,6,2057,5900,0.012894665174638964
APO,6,2057,6000,0.012894665174638964
APO,6,2057,6100,0.012894665174638964
APO,6,2057,6200,0.012894665174638964
APO,6,2057,6300,0.012894665174638964
APO,6,2057,6400,0.012894665174638964
APO,6,2057,6500,0.012894665174638964
APO,6,2057,6600,0.012894665174638964
APO,6,2057,6700,0.012877275056652997
APO,6,2057,6800,0.012877275056652997
APO,6,2057,6900,0.012858086467915432
APO,6,2057,7000,0.012858086467915432
APO,6,2057,7100,0.012858086467915432
APO,6,2057,7200,0.012818323887776666
APO,6,2057,7300,0.012818323887776666
APO,6,2057,7400,0.012818323887776666
APO,6,2057,7500,0.012818323887776666
APO,6,2057,7600,0.012818323887776666
APO,6,2057,7700,0.012818323887776666
APO,6,2057,7800,0.012818323887776666
APO,6,2057,7900,0.012818323887776666
APO,6,2057,8000,0.012818323887776666
APO,6,2057,8100,0.012811250836981744
APO,6,2057,8200,0.012811250836981744
APO,6,2057,8300,0.012811250836981744
APO,6,2057,8400,0.012811250836981744
APO,6,2057,8500,0.012811250836981744
APO,6,2057,8600,0.012811250836981744
APO,6,2057,8700,0.012811250836981744
APO,6,2057,8800,0.012785956541379855
APO,6,2057,8900,0.012785956541379855
APO,6,2057,9000,0.012784527696158078
APO,6,2057,9100,0.012784527696158078
APO,6,2057,9200,0.012784527696158078
APO,6,2057,9300,0.012784527696158078
APO,6,2057,9400,0.012784527696158078
APO,6,2057,9500,0.012783850279804183
APO,6,2057,9600,0.012783850279804183
APO,6,2057,9700,0.012782835123123273
APO,6,2057,9800,0.01278158850923523
APO,6,2057,9900,0.012781554901681256
APO,6,2057,10000,0.012781526938082788
APO-wr,6,2057,100,0.13162553548945344
APO-wr,6,2057,200,0.11925596971587507
APO-wr,6,2057,300,0.030094620729201185
APO-wr,6,2057,400,0.030094620729201185
APO-wr,6,2057,500,0.030094620729201185
APO-wr,6,2057,600,0.030094620729201185
APO-wr,6,2057,700,0.030094620729201185
APO-wr,6,2057,800,0.01319561096864256
APO-wr,6,2057,900,0.01319561096864256
APO-wr,6,2057,1000,0.01319561096864256
APO-wr,6,2057,1100,0.01319561096864256
APO-wr,6,2057,1200,0.01319561096864256
APO-wr,6,2057,1300,0.01319561096864256
APO-wr,6,2057,1400,0.01319561096864256
APO-wr,6,2057,1500,0.01319561096864256
APO-wr,6,2057,1600,0.01319561096864256
APO-wr,6,2057,1700,0.01319561096864256
APO-wr,6,2057,1800,0.01319561096864256
APO-wr,6,2057,1900,0.01319561096864256
APO-wr,6,2057,2000,0.01319561096864256
APO-wr,6,2057,2100,0.01319561096864256
APO-wr,6,2057,2200,0.01319561096864256
APO-wr,6,2057,2300,0.01319561096864256
APO-wr,6,2057,2400,0.01319561096864256
APO-wr,6,2057,2500,0.01319561096864256
APO-wr,6,2057,2600,0.01319561096864256
APO-wr,6,2057,2700,0.01319561096864256
APO-wr,6,2057,2800,0.01319561096864256
APO-wr,6,2057,2900,0.01319561096864256
APO-wr,6,2057,3000,0.01319561096864256
APO-wr,6,2057,3100,0.01319561096864256
APO-wr,6,2057,3200,0.01319561096864256
APO-wr,6,2057,3300,0.01319561096864256
APO-wr,6,2057,3400,0.01319561096864256
APO-wr,6,2057,3500,0.012923730024081342
APO-wr,6,2057,3600,0.012923730024081342
APO-wr,6,2057,3700,0.012923730024081342
APO-wr,6,2057,3800,0.012923730024081342
APO-wr,6,2057,3900,0.012923730024081342
APO-wr,6,2057,4000,0.012923730024081342
APO-wr,6,2057,4100,0.012923730024081342
APO-wr,6,2057,4200,0.012923730024081342
APO-wr,6,2057,4300,0.012923730024081342
APO-wr,6,2057,4400,0.012918338249497821
APO-wr,6,2057,4500,0.012918338249497821
APO-wr,6,2057,4600,0.012918338249497821
APO-wr,6,2057,4700,0.012918338249497821
APO-wr,6,2057,4800,0.012918338249497821
APO-wr,6,2057,4900,0.012918338249497821
APO-wr,6,2057,5000,0.012918338249497821
APO-wr,6,2057,5100,0.012918338249497821
APO-wr,6,2057,5200,0.012918338249497821
APO-wr,6,2057,5300,0.012918338249497821
APO-wr,6,2057,5400,0.012918338249497821
APO-wr,6,2057,5500,0.012918338249497821
APO-wr,6,2057,5600,0.012918338249497821
APO-wr,6,2057,5700,0.012903626920043482
APO-wr,6,2057,5800,0.012903626920043482
APO-wr,6,2057,5900,0.012903626920043482
APO-wr,6,2057,6000,0.012903626920043482
APO-wr,6,2057,6100,0.012903626920043482
APO-wr,6,2057,6200,0.012903626920043482
APO-wr,6,2057,6300,0.01283059548006116
APO-wr,6,2057,6400,0.01283059548006116
APO-wr,6,2057,6500,0.01283059548006116
APO-wr,6,2057,6600,0.01283059548006116
APO-wr,6,2057,6700,0.01283059548006116
APO-wr,6,2057,6800,0.01283059548006116
APO-wr,6,2057,6900,0.01283059548006116
APO-wr,6,2057,7000,0.012808995435576407
APO-wr,6,2057,7100,0.012744629891754147
APO-wr,6,2057,7200,0.012744629891754147
APO-wr,6,2057,7300,0.012744629891754147
APO-wr,6,2057,7400,0.012744629891754147
APO-wr,6,2057,7500,0.012744629891754147
APO-wr,6,2057,7600,0.012744629891754147
APO-wr,6,2057,7700,0.012744629891754147
APO-wr,6,2057,7800,0.012744629891754147
APO-wr,6,2057,7900,0.012744629891754147
APO-wr,6,2057,8000,0.012744629891754147
APO-wr,6,2057,8100,0.012744629891754147
APO-wr,6,2057,8200,0.012744629891754147
APO-wr,6,2057,8300,0.012744629891754147
APO-wr,6,2057,8400,0.012744629891754147
APO-wr,6,2057,8500,0.012744629891754147
APO-wr,6,2057,8600,0.012744629891754147
APO-wr,6,2057,8700,0.012744629891754147
APO-wr,6,2057,8800,0.012744629891754147
APO-wr,6,2057,8900,0.012744629891754147
APO-wr,6,2057,9000,0.012742763492262376
APO-wr,6,2057,9100,0.012742763492262376
APO-wr,6,2057,9200,0.012730605867703505
APO-wr,6,2057,9300,0.012730605867703505
APO-wr,6,2057,9400,0.012730605867703505
APO-wr,6,2057,9500,0.012724969307952375
APO-wr,6,2057,9600,0.012724969307952375
APO-wr,6,2057,9700,0.012724969307952375
APO-wr,6,2057,9800,0.012724969307952375
APO-wr,6,2057,9900,0.012724969307952375
APO-wr,6,2057,10000,0.012724969307952375
APO-DE,6,2057,100,0.13162553548945344
APO-DE,6,2057,200,0.12406453483099698
APO-DE,6,2057,300,0.12046118412678782
APO-DE,6,2057,400,0.12046118412678782
APO-DE,6,2057,500,0.024878586692203376
APO-DE,6,2057,600,0.024878586692203376
APO-DE,6,2057,700,0.01344711923248877
APO-DE,6,2057,800,0.01344711923248877
APO-DE,6,2057,900,0.013057645224671262
APO-DE,6,2057,1000,0.013057645224671262
APO-DE,6,2057,1100,0.013057645224671262
APO-DE,6,2057,1200,0.013057645224671262
APO-DE,6,2057,1300,0.013057645224671262
APO-DE,6,2057,1400,0.013057645224671262
APO-DE,6,2057,1500,0.013057645224671262
APO-DE,6,2057,1600,0.013057645224671262
APO-DE,6,2057,1700,0.013057645224671262
APO-DE,6,2057,1800,0.013057645224671262
APO-DE,6,2057,1900,0.013057645224671262
APO-DE,6,2057,2000,0.013057645224671262
APO-DE,6,2057,2100,0.013057645224671262
APO-DE,6,2057,2200,0.013057645224671262
APO-DE,6,2057,2300,0.013057645224671262
APO-DE,6,2057,2400,0.013057645224671262
APO-DE,6,2057,2500,0.013057645224671262
APO-DE,6,2057,2600,0.013057645224671262
APO-DE,6,2057,2700,0.013057645224671262
APO-DE,6,2057,2800,0.013057645224671262
APO-DE,6,2057,2900,0.013057645224671262
APO-DE,6,2057,3000,0.013057645224671262
APO-DE,6,2057,3100,0.013057645224671262
APO-DE,6,2057,3200,0.013057645224671262
APO-DE,6,2057,3300,0.013057645224671262
APO-DE,6,2057,3400,0.013057645224671262
APO-DE,6,2057,3500,0.013057645224671262
APO-DE,6,2057,3600,0.013057645224671262
APO-DE,6,2057,3700,0.013057645224671262
APO-DE,6,2057,3800,0.013057645224671262
APO-DE,6,2057,3900,0.013057645224671262
APO-DE,6,2057,4000,0.013001098645800064
APO-DE,6,2057,4100,0.013001098645800064
APO-DE,6,2057,4200,0.013001098645800064
APO-DE,6,2057,4300,0.012938701647891331
APO-DE,6,2057,4400,0.012862490417858375
APO-DE,6,2057,4500,0.012862490417858375
APO-DE,6,2057,4600,0.012862490417858375
APO-DE,6,2057,4700,0.012862490417858375
APO-DE,6,2057,4800,0.012862490417858375
APO-DE,6,2057,4900,0.012862490417858375
APO-DE,6,2057,5000,0.012862490417858375
APO-DE,6,2057,5100,0.012862490417858375
APO-DE,6,2057,5200,0.012862490417858375
APO-DE,6,2057,5300,0.012862490417858375
APO-DE,6,2057,5400,0.012862490417858375
APO-DE,6,2057,5500,0.012862490417858375
APO-DE,6,2057,5600,0.012848141668669122
APO-DE,6,2057,5700,0.012848141668669122
APO-DE,6,2057,5800,0.012848141668669122
APO-DE,6,2057,5900,0.012848141668669122
APO-DE,6,2057,6000,0.012848141668669122
APO-DE,6,2057,6100,0.012829229749291751
APO-DE,6,2057,6200,0.012829229749291751
APO-DE,6,2057,6300,0.012829229749291751
APO-DE,6,2057,6400,0.012829229749291751
APO-DE,6,2057,6500,0.012829229749291751
APO-DE,6,2057,6600,0.012829229749291751
APO-DE,6,2057,6700,0.012829229749291751
APO-DE,6,2057,6800,0.012829229749291751
APO-DE,6,2057,6900,0.012780876674311346
APO-DE,6,2057,7000,0.012780876674311346
APO-DE,6,2057,7100,0.012780876674311346
APO-DE,6,2057,7200,0.012780876674311346
APO-DE,6,2057,7300,0.012780876674311346
APO-DE,6,2057,7400,0.012780876674311346
APO-DE,6,2057,7500,0.012780876674311346
APO-DE,6,2057,7600,0.012780876674311346
APO-DE,6,2057,7700,0.012769115365266037
APO-DE,6,2057,7800,0.012769115365266037
APO-DE,6,2057,7900,0.012702032822445529
APO-DE,6,2057,8000,0.012702032822445529
APO-DE,6,2057,8100,0.012702032822445529
APO-DE,6,2057,8200,0.012702032822445529
APO-DE,6,2057,8300,0.012702032822445529
APO-DE,6,2057,8400,0.012702032822445529
APO-DE,6,2057,8500,0.012702032822445529
APO-DE,6,2057,8600,0.012702032822445529
APO-DE,6,2057,8700,0.012702032822445529
APO-DE,6,2057,8800,0.012702032822445529
APO-DE,6,2057,8900,0.012702032822445529
APO-DE,6,2057,9000,0.012702032822445529
APO-DE,6,2057,9100,0.012702032822445529
APO-DE,6,2057,9200,0.012702032822445529
APO-DE,6,2057,9300,0.012702032822445529
APO-DE,6,2057,9400,0.012702032822445529
APO-DE,6,2057,9500,0.012702032822445529
APO-DE,6,2057,9600,0.012702032822445529
APO-DE,6,2057,9700,0.012702015657237458
APO-DE,6,2057,9800,0.012701838185691634
APO-DE,6,2057,9900,0.012701720692859745
APO-DE,6,2057,10000,0.012701720692859745
APO-LS,6,2057,100,0.13162553548945344
APO-LS,6,2057,200,0.06924346091874686
APO-LS,6,2057,300,0.06924346091874686
APO-LS,6,2057,400,0.06924346091874686
APO-LS,6,2057,500,0.02661199359677794
APO-LS,6,2057,600,0.024976191838517438
APO-LS,6,2057,700,0.024976191838517438
APO-LS,6,2057,800,0.024976191838517438
APO-LS,6,2057,900,0.024976191838517438
APO-LS,6,2057,1000,0.024976191838517438
APO-LS,6,2057,1100,0.02344567286070912
APO-LS,6,2057,1200,0.0173241690638384
APO-LS,6,2057,1300,0.0173241690638384
APO-LS,6,2057,1400,0.0173241690638384
APO-LS,6,2057,1500,0.0173241690638384
APO-LS,6,2057,1600,0.0173241690638384
APO-LS,6,2057,1700,0.0173241690638384
APO-LS,6,2057,1800,0.0173241690638384
APO-LS,6,2057,1900,0.01515696220354289
APO-LS,6,2057,2000,0.01515696220354289
APO-LS,6,2057,2100,0.01515696220354289
APO-LS,6,2057,2200,0.01515696220354289
APO-LS,6,2057,2300,0.01515696220354289
APO-LS,6,2057,2400,0.01515696220354289
APO-LS,6,2057,2500,0.01515696220354289
APO-LS,6,2057,2600,0.01515696220354289
APO-LS,6,2057,2700,0.01515696220354289
APO-LS,6,2057,2800,0.01515696220354289
APO-LS,6,2057,2900,0.01515696220354289
APO-LS,6,2057,3000,0.014640426319780875
APO-LS,6,2057,3100,0.014640426319780875
APO-LS,6,2057,3200,0.014640426319780875
APO-LS,6,2057,3300,0.013711720088614992
APO-LS,6,2057,3400,0.013711720088614992
APO-LS,6,2057,3500,0.013711720088614992
APO-LS,6,2057,3600,0.013711720088614992
APO-LS,6,2057,3700,0.013711720088614992
APO-LS,6,2057,3800,0.013711720088614992
APO-LS,6,2057,3900,0.013711720088614992
APO-LS,6,2057,4000,0.013711720088614992
APO-LS,6,2057,4100,0.013711720088614992
APO-LS,6,2057,4200,0.013606467644883331
APO-LS,6,2057,4300,0.013606467644883331
APO-LS,6,2057,4400,0.013606467644883331
APO-LS,6,2057,4500,0.013606467644883331
APO-LS,6,2057,4600,0.013606467644883331
APO-LS,6,2057,4700,0.013606467644883331
APO-LS,6,2057,4800,0.013606467644883331
APO-LS,6,2057,4900,0.013606467644883331
APO-LS,6,2057,5000,0.013606467644883331
APO-LS,6,2057,5100,0.013606467644883331
APO-LS,6,2057,5200,0.013606467644883331
APO-LS,6,2057,5300,0.013606467644883331
APO-LS,6,2057,5400,0.013606467644883331
APO-LS,6,2057,5500,0.012859440146268705
APO-LS,6,2057,5600,0.012859440146268705
APO-LS,6,2057,5700,0.012859440146268705
APO-LS,6,2057,5800,0.012859440146268705
APO-LS,6,2057,5900,0.012859440146268705
APO-LS,6,2057,6000,0.012807155588706756
APO-LS,6,2057,6100,0.012807155588706756
APO-LS,6,2057,6200,0.012801440834948784
APO-LS,6,2057,6300,0.012801440834948784
APO-LS,6,2057,6400,0.012799210009947493
APO-LS,6,2057,6500,0.012799210009947493
APO-LS,6,2057,6600,0.012799210009947493
APO-LS,6,2057,6700,0.012789135907580993
APO-LS,6,2057,6800,0.012789135907580993
APO-LS,6,2057,6900,0.012789135907580993
APO-LS,6,2057,7000,0.012789135907580993
APO-LS,6,2057,7100,0.012789135907580993
APO-LS,6,2057,7200,0.012789135907580993
APO-LS,6,2057,7300,0.012789135907580993
APO-LS,6,2057,7400,0.012763373893558737
APO-LS,6,2057,7500,0.012763373893558737
APO-LS,6,2057,7600,0.012763373893558737
APO-LS,6,2057,7700,0.012763373893558737
APO-LS,6,2057,7800,0.012763373893558737
APO-LS,6,2057,7900,0.012763373893558737
APO-LS,6,2057,8000,0.012763373893558737
APO-LS,6,2057,8100,0.012763373893558737
APO-LS,6,2057,8200,0.012763373893558737
APO-LS,6,2057,8300,0.012763373893558737
APO-LS,6,2057,8400,0.012763373893558737
APO-LS,6,2057,8500,0.012763373893558737
APO-LS,6,2057,8600,0.012763373893558737
APO-LS,6,2057,8700,0.012749745787083091
APO-LS,6,2057,8800,0.012749745787083091
APO-LS,6,2057,8900,0.012749745787083091
APO-LS,6,2057,9000,0.012749745787083091
APO-LS,6,2057,9100,0.012749745787083091
APO-LS,6,2057,9200,0.012749745787083091
APO-LS,6,2057,9300,0.012749745787083091
APO-LS,6,2057,9400,0.012749745787083091
APO-LS,6,2057,9500,0.012743746910753797
APO-LS,6,2057,9600,0.012743746910753797
APO-LS,6,2057,9700,0.012740842890187553
APO-LS,6,2057,9800,0.012740842890187553
APO-LS,6,2057,9900,0.012740842890187553
APO-LS,6,2057,10000,0.012740842890187553
APO-PSO,6,2057,100,0.13162553548945344
APO-PSO,6,2057,200,0.12406453483099698
APO-PSO,6,2057,300,0.07436131126462987
APO-PSO,6,2057,400,0.06198176760698346
APO-PSO,6,2057,500,0.026590820017989833
APO-PSO,6,2057,600,0.024443820468343366
APO-PSO,6,2057,700,0.021859637707374317
APO-PSO,6,2057,800,0.021378700847755564
APO-PSO,6,2057,900,0.021378700847755564
APO-PSO,6,2057,1000,0.01327129782026672
APO-PSO,6,2057,1100,0.01327129782026672
APO-PSO,6,2057,1200,0.01327129782026672
APO-PSO,6,2057,1300,0.01327129782026672
APO-PSO,6,2057,1400,0.013207087100744853
APO-PSO,6,2057,1500,0.013207087100744853
APO-PSO,6,2057,1600,0.013207087100744853
APO-PSO,6,2057,1700,0.013207087100744853
APO-PSO,6,2057,1800,0.013207087100744853
APO-PSO,6,2057,1900,0.013207087100744853
APO-PSO,6,2057,2000,0.013207087100744853
APO-PSO,6,2057,2100,0.012802644384406725
APO-PSO,6,2057,2200,0.012802644384406725
APO-PSO,6,2057,2300,0.012802644384406725
APO-PSO,6,2057,2400,0.012802644384406725
APO-PSO,6,2057,2500,0.012802644384406725
APO-PSO,6,2057,2600,0.012802644384406725
APO-PSO,6,2057,2700,0.012802644384406725
APO-PSO,6,2057,2800,0.012802644384406725
APO-PSO,6,2057,2900,0.012802644384406725
APO-PSO,6,2057,3000,0.012802644384406725
APO-PSO,6,2057,3100,0.012802644384406725
APO-PSO,6,2057,3200,0.012802644384406725
APO-PSO,6,2057,3300,0.012802644384406725
APO-PSO,6,2057,3400,0.012802644384406725
APO-PSO,6,2057,3500,0.012802644384406725
APO-PSO,6,2057,3600,0.012802644384406725
APO-PSO,6,2057,3700,0.012802644384406725
APO-PSO,6,2057,3800,0.012802644384406725
APO-PSO,6,2057,3900,0.012802644384406725
APO-PSO,6,2057,4000,0.012802644384406725
APO-PSO,6,2057,4100,0.012802644384406725
APO-PSO,6,2057,4200,0.012802644384406725
APO-PSO,6,2057,4300,0.012802644384406725
APO-PSO,6,2057,4400,0.012802644384406725
APO-PSO,6,2057,4500,0.012802644384406725
APO-PSO,6,2057,4600,0.012802644384406725
APO-PSO,6,2057,4700,0.012802644384406725
APO-PSO,6,2057,4800,0.012802644384406725
APO-PSO,6,2057,4900,0.012802644384406725
APO-PSO,6,2057,5000,0.012802644384406725
APO-PSO,6,2057,5100,0.012802644384406725
APO-PSO,6,2057,5200,0.012802644384406725
APO-PSO,6,2057,5300,0.012802644384406725
APO-PSO,6,2057,5400,0.012802644384406725
APO-PSO,6,2057,5500,0.012802644384406725
APO-PSO,6,2057,5600,0.012802644384406725
APO-PSO,6,2057,5700,0.012802644384406725
APO-PSO,6,2057,5800,0.012802644384406725
APO-PSO,6,2057,5900,0.012802644384406725
APO-PSO,6,2057,6000,0.012802644384406725
APO-PSO,6,2057,6100,0.012802644384406725
APO-PSO,6,2057,6200,0.012802644384406725
APO-PSO,6,2057,6300,0.012802644384406725
APO-PSO,6,2057,6400,0.012802644384406725
APO-PSO,6,2057,6500,0.012802644384406725
APO-PSO,6,2057,6600,0.012802644384406725
APO-PSO,6,2057,6700,0.012802644384406725
APO-PSO,6,2057,6800,0.012802644384406725
APO-PSO,6,2057,6900,0.012802644384406725
APO-PSO,6,2057,7000,0.012802644384406725
APO-PSO,6,2057,7100,0.012802644384406725
APO-PSO,6,2057,7200,0.012802644384406725
APO-PSO,6,2057,7300,0.012802644384406725
APO-PSO,6,2057,7400,0.012802644384406725
APO-PSO,6,2057,7500,0.012802644384406725
APO-PSO,6,2057,7600,0.012802644384406725
APO-PSO,6,2057,7700,0.012802644384406725
APO-PSO,6,2057,7800,0.012800191420703358
APO-PSO,6,2057,7900,0.012800191420703358
APO-PSO,6,2057,8000,0.012790724631791473
APO-PSO,6,2057,8100,0.012790724631791473
APO-PSO,6,2057,8200,0.012790724631791473
APO-PSO,6,2057,8300,0.012790724631791473
APO-PSO,6,2057,8400,0.012790724631791473
APO-PSO,6,2057,8500,0.012790724631791473
APO-PSO,6,2057,8600,0.012790724631791473
APO-PSO,6,2057,8700,0.012734378016438347
APO-PSO,6,2057,8800,0.012734378016438347
APO-PSO,6,2057,8900,0.012734378016438347
APO-PSO,6,2057,9000,0.012732109323202817
APO-PSO,6,2057,9100,0.012732109323202817
APO-PSO,6,2057,9200,0.012732109323202817
APO-PSO,6,2057,9300,0.012732109323202817
APO-PSO,6,2057,9400,0.012732109323202817
APO-PSO,6,2057,9500,0.012732109323202817
APO-PSO,6,2057,9600,0.01272864091855372
APO-PSO,6,2057,9700,0.01272864091855372
APO-PSO,6,2057,9800,0.01272864091855372
APO-PSO,6,2057,9900,0.01272864091855372
APO-PSO,6,2057,10000,0.01272812474598847
APO-wr-DE,6,2057,100,0.13162553548945344
APO-wr-DE,6,2057,200,0.11925596971587507
APO-wr-DE,6,2057,300,0.11677990573811552
APO-wr-DE,6,2057,400,0.11677990573811552
APO-wr-DE,6,2057,500,0.11677990573811552
APO-wr-DE,6,2057,600,0.03931113195680212
APO-wr-DE,6,2057,700,0.03931113195680212
APO-wr-DE,6,2057,800,0.036058157848305974
APO-wr-DE,6,2057,900,0.01668383510252455
APO-wr-DE,6,2057,1000,0.014625781864337004
APO-wr-DE,6,2057,1100,0.014625781864337004
APO-wr-DE,6,2057,1200,0.014625781864337004
APO-wr-DE,6,2057,1300,0.014625781864337004
APO-wr-DE,6,2057,1400,0.014625781864337004
APO-wr-DE,6,2057,1500,0.014625781864337004
APO-wr-DE,6,2057,1600,0.014625781864337004
APO-wr-DE,6,2057,1700,0.014625781864337004
APO-wr-DE,6,2057,1800,0.014625781864337004
APO-wr-DE,6,2057,1900,0.014625781864337004
APO-wr-DE,6,2057,2000,0.014625781864337004
APO-wr-DE,6,2057,2100,0.014625781864337004
APO-wr-DE,6,2057,2200,0.014625781864337004
APO-wr-DE,6,2057,2300,0.014625781864337004
APO-wr-DE,6,2057,2400,0.014217054578250078
APO-wr-DE,6,2057,2500,0.014217054578250078
APO-wr-DE,6,2057,2600,0.014217054578250078
APO-wr-DE,6,2057,2700,0.014217054578250078
APO-wr-DE,6,2057,2800,0.014217054578250078
APO-wr-DE,6,2057,2900,0.014217054578250078
APO-wr-DE,6,2057,3000,0.014217054578250078
APO-wr-DE,6,2057,3100,0.014217054578250078
APO-wr-DE,6,2057,3200,0.014217054578250078
APO-wr-DE,6,2057,3300,0.013620675716851034
APO-wr-DE,6,2057,3400,0.013620675716851034
APO-wr-DE,6,2057,3500,0.013620675716851034
APO-wr-DE,6,2057,3600,0.013620675716851034
APO-wr-DE,6,2057,3700,0.013620675716851034
APO-wr-DE,6,2057,3800,0.013620675716851034
APO-wr-DE,6,2057,3900,0.013620675716851034
APO-wr-DE,6,2057,4000,0.013620675716851034
APO-wr-DE,6,2057,4100,0.013616014446270308
APO-wr-DE,6,2057,4200,0.013616014446270308
APO-wr-DE,6,2057,4300,0.013616014446270308
APO-wr-DE,6,2057,4400,0.013616014446270308
APO-wr-DE,6,2057,4500,0.01319251812091593
APO-wr-DE,6,2057,4600,0.01319251812091593
APO-wr-DE,6,2057,4700,0.01319251812091593
APO-wr-DE,6,2057,4800,0.01319251812091593
APO-wr-DE,6,2057,4900,0.01319251812091593
APO-wr-DE,6,2057,5000,0.01319251812091593
APO-wr-DE,6,2057,5100,0.01319251812091593
APO-wr-DE,6,2057,5200,0.01319251812091593
APO-wr-DE,6,2057,5300,0.01319251812091593
APO-wr-DE,6,2057,5400,0.01319251812091593
APO-wr-DE,6,2057,5500,0.01319251812091593
APO-wr-DE,6,2057,5600,0.01319251812091593
APO-wr-DE,6,2057,5700,0.013157295752685752
APO-wr-DE,6,2057,5800,0.013157295752685752
APO-wr-DE,6,2057,5900,0.013157295752685752
APO-wr-DE,6,2057,6000,0.013157295752685752
APO-wr-DE,6,2057,6100,0.013157295752685752
APO-wr-DE,6,2057,6200,0.013157295752685752
APO-wr-DE,6,2057,6300,0.013157295752685752
APO-wr-DE,6,2057,6400,0.013125274612771175
APO-wr-DE,6,2057,6500,0.013125274612771175
APO-wr-DE,6,2057,6600,0.013125274612771175
APO-wr-DE,6,2057,6700,0.013125274612771175
APO-wr-DE,6,2057,6800,0.013103276342704147
APO-wr-DE,6,2057,6900,0.013103276342704147
APO-wr-DE,6,2057,7000,0.012827771948885488
APO-wr-DE,6,2057,7100,0.012827771948885488
APO-wr-DE,6,2057,7200,0.012827771948885488
APO-wr-DE,6,2057,7300,0.012827771948885488
APO-wr-DE,6,2057,7400,0.012827771948885488
APO-wr-DE,6,2057,7500,0.012827771948885488
APO-wr-DE,6,2057,7600,0.012827771948885488
APO-wr-DE,6,2057,7700,0.012827771948885488
APO-wr-DE,6,2057,7800,0.012827771948885488
APO-wr-DE,6,2057,7900,0.012827771948885488
APO-wr-DE,6,2057,8000,0.012827771948885488
APO-wr-DE,6,2057,8100,0.012825292322756508
APO-wr-DE,6,2057,8200,0.012825292322756508
APO-wr-DE,6,2057,8300,0.012825292322756508
APO-wr-DE,6,2057,8400,0.012825292322756508
APO-wr-DE,6,2057,8500,0.012825292322756508
APO-wr-DE,6,2057,8600,0.012825292322756508
APO-wr-DE,6,2057,8700,0.012825292322756508
APO-wr-DE,6,2057,8800,0.012825292322756508
APO-wr-DE,6,2057,8900,0.012825292322756508
APO-wr-DE,6,2057,9000,0.012820200917509487
APO-wr-DE,6,2057,9100,0.012820200917509487
APO-wr-DE,6,2057,9200,0.01281488568920307
APO-wr-DE,6,2057,9300,0.01281488568920307
APO-wr-DE,6,2057,9400,0.012806752422942722
APO-wr-DE,6,2057,9500,0.012806752422942722
APO-wr-DE,6,2057,9600,0.012806752422942722
APO-wr-DE,6,2057,9700,0.012806752422942722
APO-wr-DE,6,2057,9800,0.012806380261662646
APO-wr-DE,6,2057,9900,0.012806380261662646
APO-wr-DE,6,2057,10000,0.012806380261662646
APO-wr-LS,6,2057,100,0.13162553548945344
APO-wr-LS,6,2057,200,0.06924346091874686
APO-wr-LS,6,2057,300,0.06924346091874686
APO-wr-LS,6,2057,400,0.06924346091874686
APO-wr-LS,6,2057,500,0.03938424598253288
APO-wr-LS,6,2057,600,0.02798982214410456
APO-wr-LS,6,2057,700,0.023527156179056416
APO-wr-LS,6,2057,800,0.023527156179056416
APO-wr-LS,6,2057,900,0.023527156179056416
APO-wr-LS,6,2057,1000,0.013799085949215823
APO-wr-LS,6,2057,1100,0.013799085949215823
APO-wr-LS,6,2057,1200,0.013799085949215823
APO-wr-LS,6,2057,1300,0.013799085949215823
APO-wr-LS,6,2057,1400,0.013799085949215823
APO-wr-LS,6,2057,1500,0.013799085949215823
APO-wr-LS,6,2057,1600,0.013799085949215823
APO-wr-LS,6,2057,1700,0.013386404711926678
APO-wr-LS,6,2057,1800,0.013386404711926678
APO-wr-LS,6,2057,1900,0.013386404711926678
APO-wr-LS,6,2057,2000,0.013386404711926678
APO-wr-LS,6,2057,2100,0.013386404711926678
APO-wr-LS,6,2057,2200,0.013386404711926678
APO-wr-LS,6,2057,2300,0.013386404711926678
APO-wr-LS,6,2057,2400,0.013386404711926678
APO-wr-LS,6,2057,2500,0.013386404711926678
APO-wr-LS,6,2057,2600,0.013386404711926678
APO-wr-LS,6,2057,2700,0.013386404711926678
APO-wr-LS,6,2057,2800,0.013386404711926678
APO-wr-LS,6,2057,2900,0.013386404711926678
APO-wr-LS,6,2057,3000,0.01325250742635679
APO-wr-LS,6,2057,3100,0.01325250742635679
APO-wr-LS,6,2057,3200,0.01325250742635679
APO-wr-LS,6,2057,3300,0.01325250742635679
APO-wr-LS,6,2057,3400,0.01325250742635679
APO-wr-LS,6,2057,3500,0.01325250742635679
APO-wr-LS,6,2057,3600,0.01325250742635679
APO-wr-LS,6,2057,3700,0.01325250742635679
APO-wr-LS,6,2057,3800,0.01325250742635679
APO-wr-LS,6,2057,3900,0.01292472738860763
APO-wr-LS,6,2057,4000,0.01292472738860763
APO-wr-LS,6,2057,4100,0.01292472738860763
APO-wr-LS,6,2057,4200,0.01292472738860763
APO-wr-LS,6,2057,4300,0.01292472738860763
APO-wr-LS,6,2057,4400,0.01292472738860763
APO-wr-LS,6,2057,4500,0.01292472738860763
APO-wr-LS,6,2057,4600,0.01292472738860763
APO-wr-LS,6,2057,4700,0.012839273022059377
APO-wr-LS,6,2057,4800,0.012839273022059377
APO-wr-LS,6,2057,4900,0.012839273022059377
APO-wr-LS,6,2057,5000,0.012839273022059377
APO-wr-LS,6,2057,5100,0.012839273022059377
APO-wr-LS,6,2057,5200,0.012839273022059377
APO-wr-LS,6,2057,5300,0.012839273022059377
APO-wr-LS,6,2057,5400,0.012839273022059377
APO-wr-LS,6,2057,5500,0.012839273022059377
APO-wr-LS,6,2057,5600,0.012839273022059377
APO-wr-LS,6,2057,5700,0.012839273022059377
APO-wr-LS,6,2057,5800,0.012839273022059377
APO-wr-LS,6,2057,5900,0.012839273022059377
APO-wr-LS,6,2057,6000,0.012839273022059377
APO-wr-LS,6,2057,6100,0.012839273022059377
APO-wr-LS,6,2057,6200,0.012839273022059377
APO-wr-LS,6,2057,6300,0.012839273022059377
APO-wr-LS,6,2057,6400,0.012839273022059377
APO-wr-LS,6,2057,6500,0.012839273022059377
APO-wr-LS,6,2057,6600,0.012839273022059377
APO-wr-LS,6,2057,6700,0.012839273022059377
APO-wr-LS,6,2057,6800,0.012839273022059377
APO-wr-LS,6,2057,6900,0.01271453254184454
APO-wr-LS,6,2057,7000,0.01271453254184454
APO-wr-LS,6,2057,7100,0.01271453254184454
APO-wr-LS,6,2057,7200,0.01271453254184454
APO-wr-LS,6,2057,7300,0.01271453254184454
APO-wr-LS,6,2057,7400,0.01271453254184454
APO-wr-LS,6,2057,7500,0.01271453254184454
APO-wr-LS,6,2057,7600,0.01271453254184454
APO-wr-LS,6,2057,7700,0.01271453254184454
APO-wr-LS,6,2057,7800,0.01271453254184454
APO-wr-LS,6,2057,7900,0.01271453254184454
APO-wr-LS,6,2057,8000,0.01271453254184454
APO-wr-LS,6,2057,8100,0.01271453254184454
APO-wr-LS,6,2057,8200,0.01271453254184454
APO-wr-LS,6,2057,8300,0.01271453254184454
APO-wr-LS,6,2057,8400,0.01271453254184454
APO-wr-LS,6,2057,8500,0.01271453254184454
APO-wr-LS,6,2057,8600,0.01271453254184454
APO-wr-LS,6,2057,8700,0.01271453254184454
APO-wr-LS,6,2057,8800,0.012713934171098746
APO-wr-LS,6,2057,8900,0.012709787694540226
APO-wr-LS,6,2057,9000,0.012709787694540226
APO-wr-LS,6,2057,9100,0.012709787694540226
APO-wr-LS,6,2057,9200,0.012709620011150452
APO-wr-LS,6,2057,9300,0.012709620011150452
APO-wr-LS,6,2057,9400,0.012709620011150452
APO-wr-LS,6,2057,9500,0.012709620011150452
APO-wr-LS,6,2057,9600,0.012709620011150452
APO-wr-LS,6,2057,9700,0.012709620011150452
APO-wr-LS,6,2057,9800,0.012709375880301443
APO-wr-LS,6,2057,9900,0.012708705808833801
APO-wr-LS,6,2057,10000,0.012708590807102352
APO-wr-PSO,6,2057,100,0.13162553548945344
APO-wr-PSO,6,2057,200,0.11925596971587507
APO-wr-PSO,6,2057,300,0.06403966138902942
APO-wr-PSO,6,2057,400,0.06403966138902942
APO-wr-PSO,6,2057,500,0.051991454351725926
APO-wr-PSO,6,2057,600,0.029606010299425493
APO-wr-PSO,6,2057,700,0.017485914121191725
APO-wr-PSO,6,2057,800,0.017485914121191725
APO-wr-PSO,6,2057,900,0.013389602983580858
APO-wr-PSO,6,2057,1000,0.013389602983580858
APO-wr-PSO,6,2057,1100,0.01321662942796257
APO-wr-PSO,6,2057,1200,0.01321662942796257
APO-wr-PSO,6,2057,1300,0.01321662942796257
APO-wr-PSO,6,2057,1400,0.01321662942796257
APO-wr-PSO,6,2057,1500,0.01321662942796257
APO-wr-PSO,6,2057,1600,0.01321662942796257
APO-wr-PSO,6,2057,1700,0.01321662942796257
APO-wr-PSO,6,2057,1800,0.01321662942796257
APO-wr-PSO,6,2057,1900,0.01321662942796257
APO-wr-PSO,6,2057,2000,0.013125995567870587
APO-wr-PSO,6,2057,2100,0.013125995567870587
APO-wr-PSO,6,2057,2200,0.013125995567870587
APO-wr-PSO,6,2057,2300,0.013125995567870587
APO-wr-PSO,6,2057,2400,0.013125995567870587
APO-wr-PSO,6,2057,2500,0.013125995567870587
APO-wr-PSO,6,2057,2600,0.013125995567870587
APO-wr-PSO,6,2057,2700,0.013125995567870587
APO-wr-PSO,6,2057,2800,0.013125995567870587
APO-wr-PSO,6,2057,2900,0.013125995567870587
APO-wr-PSO,6,2057,3000,0.013125995567870587
APO-wr-PSO,6,2057,3100,0.013125995567870587
APO-wr-PSO,6,2057,3200,0.013125995567870587
APO-wr-PSO,6,2057,3300,0.013125995567870587
APO-wr-PSO,6,2057,3400,0.013125995567870587
APO-wr-PSO,6,2057,3500,0.013125995567870587
APO-wr-PSO,6,2057,3600,0.013125995567870587
APO-wr-PSO,6,2057,3700,0.013125995567870587
APO-wr-PSO,6,2057,3800,0.012990087633026127
APO-wr-PSO,6,2057,3900,0.012990087633026127
APO-wr-PSO,6,2057,4000,0.012990087633026127
APO-wr-PSO,6,2057,4100,0.012990087633026127
APO-wr-PSO,6,2057,4200,0.012990087633026127
APO-wr-PSO,6,2057,4300,0.012846042117956159
APO-wr-PSO,6,2057,4400,0.012846042117956159
APO-wr-PSO,6,2057,4500,0.012846042117956159
APO-wr-PSO,6,2057,4600,0.012846042117956159
APO-wr-PSO,6,2057,4700,0.012809115815423254
APO-wr-PSO,6,2057,4800,0.012809115815423254
APO-wr-PSO,6,2057,4900,0.012809115815423254
APO-wr-PSO,6,2057,5000,0.012809115815423254
APO-wr-PSO,6,2057,5100,0.012809115815423254
APO-wr-PSO,6,2057,5200,0.012809115815423254
APO-wr-PSO,6,2057,5300,0.012809115815423254
APO-wr-PSO,6,2057,5400,0.012809115815423254
APO-wr-PSO,6,2057,5500,0.012809115815423254
APO-wr-PSO,6,2057,5600,0.012809115815423254
APO-wr-PSO,6,2057,5700,0.012809115815423254
APO-wr-PSO,6,2057,5800,0.012809115815423254
APO-wr-PSO,6,2057,5900,0.012809115815423254
APO-wr-PSO,6,2057,6000,0.012809115815423254
APO-wr-PSO,6,2057,6100,0.012809115815423254
APO-wr-PSO,6,2057,6200,0.012809115815423254
APO-wr-PSO,6,2057,6300,0.012809115815423254
APO-wr-PSO,6,2057,6400,0.01279971499912153
APO-wr-PSO,6,2057,6500,0.01279971499912153
APO-wr-PSO,6,2057,6600,0.01279971499912153
APO-wr-PSO,6,2057,6700,0.01279971499912153
APO-wr-PSO,6,2057,6800,0.01279971499912153
APO-wr-PSO,6,2057,6900,0.01279971499912153
APO-wr-PSO,6,2057,7000,0.01279971499912153
APO-wr-PSO,6,2057,7100,0.01279971499912153
APO-wr-PSO,6,2057,7200,0.01279971499912153
APO-wr-PSO,6,2057,7300,0.01279971499912153
APO-wr-PSO,6,2057,7400,0.012739184831259503
APO-wr-PSO,6,2057,7500,0.012739184831259503
APO-wr-PSO,6,2057,7600,0.012739184831259503
APO-wr-PSO,6,2057,7700,0.012739184831259503
APO-wr-PSO,6,2057,7800,0.012739184831259503
APO-wr-PSO,6,2057,7900,0.012739184831259503
APO-wr-PSO,6,2057,8000,0.012734527056268737
APO-wr-PSO,6,2057,8100,0.012734527056268737
APO-wr-PSO,6,2057,8200,0.012734527056268737
APO-wr-PSO,6,2057,8300,0.012734527056268737
APO-wr-PSO,6,2057,8400,0.012734527056268737
APO-wr-PSO,6,2057,8500,0.012734527056268737
APO-wr-PSO,6,2057,8600,0.012734527056268737
APO-wr-PSO,6,2057,8700,0.012734527056268737
APO-wr-PSO,6,2057,8800,0.012734527056268737
APO-wr-PSO,6,2057,8900,0.012734527056268737
APO-wr-PSO,6,2057,9000,0.012731188769233154
APO-wr-PSO,6,2057,9100,0.012731188769233154
APO-wr-PSO,6,2057,9200,0.012727033554332797
APO-wr-PSO,6,2057,9300,0.01271857938754127
APO-wr-PSO,6,2057,9400,0.01271857938754127
APO-wr-PSO,6,2057,9500,0.01271857938754127
APO-wr-PSO,6,2057,9600,0.012718046321559704
APO-wr-PSO,6,2057,9700,0.012718046321559704
APO-wr-PSO,6,2057,9800,0.012718046321559704
APO-wr-PSO,6,2057,9900,0.012718046321559704
APO-wr-PSO,6,2057,10000,0.012717851238410573
APO,7,2064,100,768927.7109346593
APO,7,2064,200,31808.346298702338
APO,7,2064,300,0.08467468310145242
APO,7,2064,400,0.03772449986142383
APO,7,2064,500,0.03772449986142383
APO,7,2064,600,0.031802072884912734
APO,7,2064,700,0.022888121835245957
APO,7,2064,800,0.022888121835245957
APO,7,2064,900,0.014377397372093897
APO,7,2064,1000,0.014377397372093897
APO,7,2064,1100,0.014377397372093897
APO,7,2064,1200,0.014377397372093897
APO,7,2064,1300,0.014377397372093897
APO,7,2064,1400,0.014377397372093897
APO,7,2064,1500,0.014377397372093897
APO,7,2064,1600,0.014377397372093897
APO,7,2064,1700,0.014377397372093897
APO,7,2064,1800,0.014377397372093897
APO,7,2064,1900,0.014377397372093897
APO,7,2064,2000,0.014377397372093897
APO,7,2064,2100,0.01435737703536715
APO,7,2064,2200,0.01435737703536715
APO,7,2064,2300,0.013692879258866293
APO,7,2064,2400,0.013124479141335516
APO,7,2064,2500,0.013124479141335516
APO,7,2064,2600,0.013096509096035337
APO,7,2064,2700,0.013096509096035337
APO,7,2064,2800,0.013096509096035337
APO,7,2064,2900,0.013096509096035337
APO,7,2064,3000,0.013096509096035337
APO,7,2064,3100,0.013096509096035337
APO,7,2064,3200,0.013096509096035337
APO,7,2064,3300,0.013096509096035337
APO,7,2064,3400,0.013096509096035337
APO,7,2064,3500,0.013096509096035337
APO,7,2064,3600,0.013096509096035337
APO,7,2064,3700,0.013096509096035337
APO,7,2064,3800,0.013096509096035337
APO,7,2064,3900,0.013096509096035337
APO,7,2064,4000,0.013096509096035337
APO,7,2064,4100,0.013096509096035337
APO,7,2064,4200,0.013096509096035337
APO,7,2064,4300,0.013096509096035337
APO,7,2064,4400,0.013096509096035337
APO,7,2064,4500,0.013096509096035337
APO,7,2064,4600,0.013096509096035337
APO,7,2064,4700,0.013096509096035337
APO,7,2064,4800,0.013096509096035337
APO,7,2064,4900,0.013096509096035337
APO,7,2064,5000,0.013096509096035337
APO,7,2064,5100,0.013096509096035337
APO,7,2064,5200,0.013096509096035337
APO,7,2064,5300,0.013096509096035337
APO,7,2064,5400,0.013096509096035337
APO,7,2064,5500,0.013096509096035337
APO,7,2064,5600,0.013096509096035337
APO,7,2064,5700,0.013052136399997808
APO,7,2064,5800,0.013052136399997808
APO,7,2064,5900,0.013052136399997808
APO,7,2064,6000,0.013052136399997808
APO,7,2064,6100,0.013052136399997808
APO,7,2064,6200,0.013052136399997808
APO,7,2064,6300,0.013025429969561486
APO,7,2064,6400,0.012933178892630823
APO,7,2064,6500,0.012933178892630823
APO,7,2064,6600,0.012933178892630823
APO,7,2064,6700,0.012933178892630823
APO,7,2064,6800,0.012933178892630823
APO,7,2064,6900,0.012933178892630823
APO,7,2064,7000,0.012933178892630823
APO,7,2064,7100,0.012933178892630823
APO,7,2064,7200,0.012933178892630823
APO,7,2064,7300,0.012933178892630823
APO,7,2064,7400,0.012933178892630823
APO,7,2064,7500,0.012933178892630823
APO,7,2064,7600,0.012933178892630823
APO,7,2064,7700,0.012933178892630823
APO,7,2064,7800,0.012932430937420076
APO,7,2064,7900,0.012917036096432345
APO,7,2064,8000,0.012914787742833082
APO,7,2064,8100,0.012914787742833082
APO,7,2064,8200,0.01289550815326893
APO,7,2064,8300,0.01289550815326893
APO,7,2064,8400,0.01288764262854797
APO,7,2064,8500,0.01288764262854797
APO,7,2064,8600,0.012863161761761268
APO,7,2064,8700,0.012848960352051894
APO,7,2064,8800,0.01284370887782691
APO,7,2064,8900,0.0128118179209661
APO,7,2064,9000,0.0128118179209661
APO,7,2064,9100,0.012811779970621108
APO,7,2064,9200,0.012811779970621108
APO,7,2064,9300,0.012801871773317973
APO,7,2064,9400,0.012801871773317973
APO,7,2064,9500,0.01279932426935206
APO,7,2064,9600,0.01279932426935206
APO,7,2064,9700,0.01279932426935206
APO,7,2064,9800,0.01279932426935206
APO,7,2064,9900,0.0127986424134017
APO,7,2064,10000,0.012798608391033474
APO-wr,7,2064,100,768927.7109346593
APO-wr,7,2064,200,12970.21920332324
APO-wr,7,2064,300,12970.21920332324
APO-wr,7,2064,400,0.013217698537554081
APO-wr,7,2064,500,0.013217698537554081
APO-wr,7,2064,600,0.013217698537554081
APO-wr,7,2064,700,0.013217698537554081
APO-wr,7,2064,800,0.013217698537554081
APO-wr,7,2064,900,0.013217698537554081
APO-wr,7,2064,1000,0.013217698537554081
APO-wr,7,2064,1100,0.013217698537554081
APO-wr,7,2064,1200,0.013217698537554081
APO-wr,7,2064,1300,0.013217698537554081
APO-wr,7,2064,1400,0.013217698537554081
APO-wr,7,2064,1500,0.013217698537554081
APO-wr,7,2064,1600,0.013217698537554081
APO-wr,7,2064,1700,0.013217698537554081
APO-wr,7,2064,1800,0.013217698537554081
APO-wr,7,2064,1900,0.013217698537554081
APO-wr,7,2064,2000,0.013217698537554081
APO-wr,7,2064,2100,0.013217698537554081
APO-wr,7,2064,2200,0.013217698537554081
APO-wr,7,2064,2300,0.013217698537554081
APO-wr,7,2064,2400,0.013217698537554081
APO-wr,7,2064,2500,0.013217698537554081
APO-wr,7,2064,2600,0.013217698537554081
APO-wr,7,2064,2700,0.013217698537554081
APO-wr,7,2064,2800,0.012950648016831903
APO-wr,7,2064,2900,0.012950648016831903
APO-wr,7,2064,3000,0.012950648016831903
APO-wr,7,2064,3100,0.012950648016831903
APO-wr,7,2064,3200,0.012950648016831903
APO-wr,7,2064,3300,0.012950648016831903
APO-wr,7,2064,3400,0.012950648016831903
APO-wr,7,2064,3500,0.012950648016831903
APO-wr,7,2064,3600,0.012950648016831903
APO-wr,7,2064,3700,0.012950648016831903
APO-wr,7,2064,3800,0.012950648016831903
APO-wr,7,2064,3900,0.012950648016831903
APO-wr,7,2064,4000,0.012950648016831903
APO-wr,7,2064,4100,0.012950648016831903
APO-wr,7,2064,4200,0.012950648016831903
APO-wr,7,2064,4300,0.012950648016831903
APO-wr,7,2064,4400,0.012950648016831903
APO-wr,7,2064,4500,0.012950648016831903
APO-wr,7,2064,4600,0.012950648016831903
APO-wr,7,2064,4700,0.012950648016831903
APO-wr,7,2064,4800,0.012950648016831903
APO-wr,7,2064,4900,0.012950648016831903
APO-wr,7,2064,5000,0.012950648016831903
APO-wr,7,2064,5100,0.01280702667025016
APO-wr,7,2064,5200,0.01280702667025016
APO-wr,7,2064,5300,0.01280702667025016
APO-wr,7,2064,5400,0.01280702667025016
APO-wr,7,2064,5500,0.01280702667025016
APO-wr,7,2064,5600,0.01280702667025016
APO-wr,7,2064,5700,0.01280702667025016
APO-wr,7,2064,5800,0.01280702667025016
APO-wr,7,2064,5900,0.01280702667025016
APO-wr,7,2064,6000,0.01280702667025016
APO-wr,7,2064,6100,0.01280702667025016
APO-wr,7,2064,6200,0.01280702667025016
APO-wr,7,2064,6300,0.01280702667025016
APO-wr,7,2064,6400,0.01280702667025016
APO-wr,7,2064,6500,0.01280702667025016
APO-wr,7,2064,6600,0.01280702667025016
APO-wr,7,2064,6700,0.01280702667025016
APO-wr,7,2064,6800,0.01280702667025016
APO-wr,7,2064,6900,0.01280702667025016
APO-wr,7,2064,7000,0.01280702667025016
APO-wr,7,2064,7100,0.01280702667025016
APO-wr,7,2064,7200,0.01280702667025016
APO-wr,7,2064,7300,0.01280702667025016
APO-wr,7,2064,7400,0.01280702667025016
APO-wr,7,2064,7500,0.01280702667025016
APO-wr,7,2064,7600,0.01280702667025016
APO-wr,7,2064,7700,0.01280702667025016
APO-wr,7,2064,7800,0.01280702667025016
APO-wr,7,2064,7900,0.01280702667025016
APO-wr,7,2064,8000,0.01280702667025016
APO-wr,7,2064,8100,0.012778218142734683
APO-wr,7,2064,8200,0.012778218142734683
APO-wr,7,2064,8300,0.012778218142734683
APO-wr,7,2064,8400,0.012778218142734683
APO-wr,7,2064,8500,0.012778218142734683
APO-wr,7,2064,8600,0.012778218142734683
APO-wr,7,2064,8700,0.012778218142734683
APO-wr,7,2064,8800,0.012778218142734683
APO-wr,7,2064,8900,0.012778218142734683
APO-wr,7,2064,9000,0.012778218142734683
APO-wr,7,2064,9100,0.012778218142734683
APO-wr,7,2064,9200,0.012778218142734683
APO-wr,7,2064,9300,0.012778218142734683
APO-wr,7,2064,9400,0.012778218142734683
APO-wr,7,2064,9500,0.012778218142734683
APO-wr,7,2064,9600,0.012778218142734683
APO-wr,7,2064,9700,0.012778218142734683
APO-wr,7,2064,9800,0.012778218142734683
APO-wr,7,2064,9900,0.012778218142734683
APO-wr,7,2064,10000,0.012777833901787817
APO-DE,7,2064,100,768927.7109346593
APO-DE,7,2064,200,5940.523201998715
APO-DE,7,2064,300,5940.523201998715
APO-DE,7,2064,400,0.0772169812251022
APO-DE,7,2064,500,0.0772169812251022
APO-DE,7,2064,600,0.02759292977424229
APO-DE,7,2064,700,0.013312072102376176
APO-DE,7,2064,800,0.013312072102376176
APO-DE,7,2064,900,0.013312072102376176
APO-DE,7,2064,1000,0.013312072102376176
APO-DE,7,2064,1100,0.013312072102376176
APO-DE,7,2064,1200,0.013312072102376176
APO-DE,7,2064,1300,0.013296409133063248
APO-DE,7,2064,1400,0.013296409133063248
APO-DE,7,2064,1500,0.013296409133063248
APO-DE,7,2064,1600,0.013296409133063248
APO-DE,7,2064,1700,0.013296409133063248
APO-DE,7,2064,1800,0.013296409133063248
APO-DE,7,2064,1900,0.013296409133063248
APO-DE,7,2064,2000,0.013296409133063248
APO-DE,7,2064,2100,0.013296409133063248
APO-DE,7,2064,2200,0.013296409133063248
APO-DE,7,2064,2300,0.013296409133063248
APO-DE,7,2064,2400,0.013296409133063248
APO-DE,7,2064,2500,0.013296409133063248
APO-DE,7,2064,2600,0.012973800891192114
APO-DE,7,2064,2700,0.012973800891192114
APO-DE,7,2064,2800,0.012973800891192114
APO-DE,7,2064,2900,0.012973800891192114
APO-DE,7,2064,3000,0.012973800891192114
APO-DE,7,2064,3100,0.012973800891192114
APO-DE,7,2064,3200,0.012973800891192114
APO-DE,7,2064,3300,0.012973800891192114
APO-DE,7,2064,3400,0.012973800891192114
APO-DE,7,2064,3500,0.012973800891192114
APO-DE,7,2064,3600,0.012973800891192114
APO-DE,7,2064,3700,0.012973800891192114
APO-DE,7,2064,3800,0.012973800891192114
APO-DE,7,2064,3900,0.012973800891192114
APO-DE,7,2064,4000,0.012973800891192114
APO-DE,7,2064,4100,0.012973800891192114
APO-DE,7,2064,4200,0.012973800891192114
APO-DE,7,2064,4300,0.012973800891192114
APO-DE,7,2064,4400,0.012973800891192114
APO-DE,7,2064,4500,0.012973800891192114
APO-DE,7,2064,4600,0.012973800891192114
APO-DE,7,2064,4700,0.012973800891192114
APO-DE,7,2064,4800,0.012973800891192114
APO-DE,7,2064,4900,0.012973800891192114
APO-DE,7,2064,5000,0.012973800891192114
APO-DE,7,2064,5100,0.012973800891192114
APO-DE,7,2064,5200,0.012973800891192114
APO-DE,7,2064,5300,0.012973800891192114
APO-DE,7,2064,5400,0.012918019596975276
APO-DE,7,2064,5500,0.012918019596975276
APO-DE,7,2064,5600,0.012918019596975276
APO-DE,7,2064,5700,0.012918019596975276
APO-DE,7,2064,5800,0.012868180496115244
APO-DE,7,2064,5900,0.012868180496115244
APO-DE,7,2064,6000,0.012868180496115244
APO-DE,7,2064,6100,0.012868180496115244
APO-DE,7,2064,6200,0.012868180496115244
APO-DE,7,2064,6300,0.012868180496115244
APO-DE,7,2064,6400,0.012868180496115244
APO-DE,7,2064,6500,0.012868180496115244
APO-DE,7,2064,6600,0.012868180496115244
APO-DE,7,2064,6700,0.012868180496115244
APO-DE,7,2064,6800,0.012868180496115244
APO-DE,7,2064,6900,0.012868180496115244
APO-DE,7,2064,7000,0.012868180496115244
APO-DE,7,2064,7100,0.012868180496115244
APO-DE,7,2064,7200,0.012843411361216101
APO-DE,7,2064,7300,0.01281359659980572
APO-DE,7,2064,7400,0.01281359659980572
APO-DE,7,2064,7500,0.01281359659980572
APO-DE,7,2064,7600,0.012713072224693098
APO-DE,7,2064,7700,0.012713072224693098
APO-DE,7,2064,7800,0.012713072224693098
APO-DE,7,2064,7900,0.012713072224693098
APO-DE,7,2064,8000,0.012713072224693098
APO-DE,7,2064,8100,0.012713072224693098
APO-DE,7,2064,8200,0.012713072224693098
APO-DE,7,2064,8300,0.012713072224693098
APO-DE,7,2064,8400,0.012706263962465164
APO-DE,7,2064,8500,0.012706263962465164
APO-DE,7,2064,8600,0.012706263962465164
APO-DE,7,2064,8700,0.012706263962465164
APO-DE,7,2064,8800,0.012706263962465164
APO-DE,7,2064,8900,0.012691153672190515
APO-DE,7,2064,9000,0.012691153672190515
APO-DE,7,2064,9100,0.012691153672190515
APO-DE,7,2064,9200,0.012691153672190515
APO-DE,7,2064,9300,0.012691153672190515
APO-DE,7,2064,9400,0.012691153672190515
APO-DE,7,2064,9500,0.012691153672190515
APO-DE,7,2064,9600,0.012691153672190515
APO-DE,7,2064,9700,0.012691153672190515
APO-DE,7,2064,9800,0.012691153672190515
APO-DE,7,2064,9900,0.012691121934589152
APO-DE,7,2064,10000,0.01269105375702756
APO-LS,7,2064,100,768927.7109346593
APO-LS,7,2064,200,31808.346298702338
APO-LS,7,2064,300,0.0332816217889272
APO-LS,7,2064,400,0.0332816217889272
APO-LS,7,2064,500,0.0332816217889272
APO-LS,7,2064,600,0.01341692430041978
APO-LS,7,2064,700,0.01341692430041978
APO-LS,7,2064,800,0.01341692430041978
APO-LS,7,2064,900,0.01341692430041978
APO-LS,7,2064,1000,0.013257525541113634
APO-LS,7,2064,1100,0.013030867921439836
APO-LS,7,2064,1200,0.013030867921439836
APO-LS,7,2064,1300,0.013030867921439836
APO-LS,7,2064,1400,0.013030867921439836
APO-LS,7,2064,1500,0.013030867921439836
APO-LS,7,2064,1600,0.01276830942973291
APO-LS,7,2064,1700,0.01276830942973291
APO-LS,7,2064,1800,0.01276830942973291
APO-LS,7,2064,1900,0.01276830942973291
APO-LS,7,2064,2000,0.01276830942973291
APO-LS,7,2064,2100,0.01276830942973291
APO-LS,7,2064,2200,0.01276830942973291
APO-LS,7,2064,2300,0.01276830942973291
APO-LS,7,2064,2400,0.01276830942973291
APO-LS,7,2064,2500,0.01276830942973291
APO-LS,7,2064,2600,0.01276830942973291
APO-LS,7,2064,2700,0.01276830942973291
APO-LS,7,2064,2800,0.01276830942973291
APO-LS,7,2064,2900,0.01276830942973291
APO-LS,7,2064,3000,0.01276830942973291
APO-LS,7,2064,3100,0.01276830942973291
APO-LS,7,2064,3200,0.01276830942973291
APO-LS,7,2064,3300,0.01276830942973291
APO-LS,7,2064,3400,0.01276830942973291
APO-LS,7,2064,3500,0.01276830942973291
APO-LS,7,2064,3600,0.01276830942973291
APO-LS,7,2064,3700,0.01276830942973291
APO-LS,7,2064,3800,0.01276830942973291
APO-LS,7,2064,3900,0.01276830942973291
APO-LS,7,2064,4000,0.01276830942973291
APO-LS,7,2064,4100,0.01276830942973291
APO-LS,7,2064,4200,0.01276830942973291
APO-LS,7,2064,4300,0.01276830942973291
APO-LS,7,2064,4400,0.01276830942973291
APO-LS,7,2064,4500,0.01276830942973291
APO-LS,7,2064,4600,0.01276830942973291
APO-LS,7,2064,4700,0.01276830942973291
APO-LS,7,2064,4800,0.01276830942973291
APO-LS,7,2064,4900,0.01276830942973291
APO-LS,7,2064,5000,0.01276830942973291
APO-LS,7,2064,5100,0.01276830942973291
APO-LS,7,2064,5200,0.01276830942973291
APO-LS,7,2064,5300,0.01276830942973291
APO-LS,7,2064,5400,0.01276830942973291
APO-LS,7,2064,5500,0.01276830942973291
APO-LS,7,2064,5600,0.01276830942973291
APO-LS,7,2064,5700,0.01276830942973291
APO-LS,7,2064,5800,0.01276830942973291
APO-LS,7,2064,5900,0.01276830942973291
APO-LS,7,2064,6000,0.01276830942973291
APO-LS,7,2064,6100,0.01276830942973291
APO-LS,7,2064,6200,0.01276830942973291
APO-LS,7,2064,6300,0.01276830942973291
APO-LS,7,2064,6400,0.01276830942973291
APO-LS,7,2064,6500,0.01276830942973291
APO-LS,7,2064,6600,0.01276830942973291
APO-LS,7,2064,6700,0.01276830942973291
APO-LS,7,2064,6800,0.01276830942973291
APO-LS,7,2064,6900,0.01276830942973291
APO-LS,7,2064,7000,0.01276830942973291
APO-LS,7,2064,7100,0.01276830942973291
APO-LS,7,2064,7200,0.01276830942973291
APO-LS,7,2064,7300,0.01276830942973291
APO-LS,7,2064,7400,0.01276830942973291
APO-LS,7,2064,7500,0.01276830942973291
APO-LS,7,2064,7600,0.01276830942973291
APO-LS,7,2064,7700,0.01276830942973291
APO-LS,7,2064,7800,0.01276830942973291
APO-LS,7,2064,7900,0.01276830942973291
APO-LS,7,2064,8000,0.01276830942973291
APO-LS,7,2064,8100,0.01276830942973291
APO-LS,7,2064,8200,0.01276830942973291
APO-LS,7,2064,8300,0.01276830942973291
APO-LS,7,2064,8400,0.01276830942973291
APO-LS,7,2064,8500,0.01276830942973291
APO-LS,7,2064,8600,0.01276830942973291
APO-LS,7,2064,8700,0.01276830942973291
APO-LS,7,2064,8800,0.01276830942973291
APO-LS,7,2064,8900,0.01276830942973291
APO-LS,7,2064,9000,0.01276830942973291
APO-LS,7,2064,9100,0.01276830942973291
APO-LS,7,2064,9200,0.01276830942973291
APO-LS,7,2064,9300,0.01276830942973291
APO-LS,7,2064,9400,0.01276830942973291
APO-LS,7,2064,9500,0.012760001408359648
APO-LS,7,2064,9600,0.012758455244457893
APO-LS,7,2064,9700,0.012758455244457893
APO-LS,7,2064,9800,0.012758455244457893
APO-LS,7,2064,9900,0.012758455244457893
APO-LS,7,2064,10000,0.012758455244457893
APO-PSO,7,2064,100,768927.7109346593
APO-PSO,7,2064,200,31808.346298702338
APO-PSO,7,2064,300,0.09185292479357146
APO-PSO,7,2064,400,0.08756268745807692
APO-PSO,7,2064,500,0.08756268745807692
APO-PSO,7,2064,600,0.0855269660756543
APO-PSO,7,2064,700,0.02170435119360313
APO-PSO,7,2064,800,0.021106069278317856
APO-PSO,7,2064,900,0.01793930263089994
APO-PSO,7,2064,1000,0.01571372961596911
APO-PSO,7,2064,1100,0.01571372961596911
APO-PSO,7,2064,1200,0.01571372961596911
APO-PSO,7,2064,1300,0.01571372961596911
APO-PSO,7,2064,1400,0.01571372961596911
APO-PSO,7,2064,1500,0.015616665667069984
APO-PSO,7,2064,1600,0.015616665667069984
APO-PSO,7,2064,1700,0.013932889780909697
APO-PSO,7,2064,1800,0.013515972043000144
APO-PSO,7,2064,1900,0.013515972043000144
APO-PSO,7,2064,2000,0.013513587340069834
APO-PSO,7,2064,2100,0.013513587340069834
APO-PSO,7,2064,2200,0.013513587340069834
APO-PSO,7,2064,2300,0.013513587340069834
APO-PSO,7,2064,2400,0.013513587340069834
APO-PSO,7,2064,2500,0.013513587340069834
APO-PSO,7,2064,2600,0.013513587340069834
APO-PSO,7,2064,2700,0.013513587340069834
APO-PSO,7,2064,2800,0.013513587340069834
APO-PSO,7,2064,2900,0.013513587340069834
APO-PSO,7,2064,3000,0.013513587340069834
APO-PSO,7,2064,3100,0.013513587340069834
APO-PSO,7,2064,3200,0.013513587340069834
APO-PSO,7,2064,3300,0.013513587340069834
APO-PSO,7,2064,3400,0.013513587340069834
APO-PSO,7,2064,3500,0.013460628664969394
APO-PSO,7,2064,3600,0.013460628664969394
APO-PSO,7,2064,3700,0.013410551781656906
APO-PSO,7,2064,3800,0.013301643293921906
APO-PSO,7,2064,3900,0.013301643293921906
APO-PSO,7,2064,4000,0.013282898748872939
APO-PSO,7,2064,4100,0.013282898748872939
APO-PSO,7,2064,4200,0.013282898748872939
APO-PSO,7,2064,4300,0.013282898748872939
APO-PSO,7,2064,4400,0.013228429915068752
APO-PSO,7,2064,4500,0.013228429915068752
APO-PSO,7,2064,4600,0.013228429915068752
APO-PSO,7,2064,4700,0.013228429915068752
APO-PSO,7,2064,4800,0.013228429915068752
APO-PSO,7,2064,4900,0.013228429915068752
APO-PSO,7,2064,5000,0.013228201003900352
APO-PSO,7,2064,5100,0.013228201003900352
APO-PSO,7,2064,5200,0.013228201003900352
APO-PSO,7,2064,5300,0.013228201003900352
APO-PSO,7,2064,5400,0.013228201003900352
APO-PSO,7,2064,5500,0.012985022239283286
APO-PSO,7,2064,5600,0.012985022239283286
APO-PSO,7,2064,5700,0.012985022239283286
APO-PSO,7,2064,5800,0.012985022239283286
APO-PSO,7,2064,5900,0.012985022239283286
APO-PSO,7,2064,6000,0.012985022239283286
APO-PSO,7,2064,6100,0.012985022239283286
APO-PSO,7,2064,6200,0.012985022239283286
APO-PSO,7,2064,6300,0.012985022239283286
APO-PSO,7,2064,6400,0.012985022239283286
APO-PSO,7,2064,6500,0.012985022239283286
APO-PSO,7,2064,6600,0.012985022239283286
APO-PSO,7,2064,6700,0.012985022239283286
APO-PSO,7,2064,6800,0.012985022239283286
APO-PSO,7,2064,6900,0.012985022239283286
APO-PSO,7,2064,7000,0.012985022239283286
APO-PSO,7,2064,7100,0.012961880764993893
APO-PSO,7,2064,7200,0.012961880764993893
APO-PSO,7,2064,7300,0.012961880764993893
APO-PSO,7,2064,7400,0.012961880764993893
APO-PSO,7,2064,7500,0.012961880764993893
APO-PSO,7,2064,7600,0.012961880764993893
APO-PSO,7,2064,7700,0.012961880764993893
APO-PSO,7,2064,7800,0.012953713707316444
APO-PSO,7,2064,7900,0.012897206007084584
APO-PSO,7,2064,8000,0.012897206007084584
APO-PSO,7,2064,8100,0.012897206007084584
APO-PSO,7,2064,8200,0.012872754824043655
APO-PSO,7,2064,8300,0.012872754824043655
APO-PSO,7,2064,8400,0.012872754824043655
APO-PSO,7,2064,8500,0.012828541617618709
APO-PSO,7,2064,8600,0.01282756084011471
APO-PSO,7,2064,8700,0.01282756084011471
APO-PSO,7,2064,8800,0.012816299781233265
APO-PSO,7,2064,8900,0.012805671485125875
APO-PSO,7,2064,9000,0.012805671485125875
APO-PSO,7,2064,9100,0.012805671485125875
APO-PSO,7,2064,9200,0.012805671485125875
APO-PSO,7,2064,9300,0.01278397963713605
APO-PSO,7,2064,9400,0.01278397963713605
APO-PSO,7,2064,9500,0.01278397963713605
APO-PSO,7,2064,9600,0.012774838262038105
APO-PSO,7,2064,9700,0.012774838262038105
APO-PSO,7,2064,9800,0.012774577349129713
APO-PSO,7,2064,9900,0.012774487310977814
APO-PSO,7,2064,10000,0.012774487310977814
APO-wr-DE,7,2064,100,768927.7109346593
APO-wr-DE,7,2064,200,5940.523201998715
APO-wr-DE,7,2064,300,4695.293567146227
APO-wr-DE,7,2064,400,4024.086046446244
APO-wr-DE,7,2064,500,0.029644367916075293
APO-wr-DE,7,2064,600,0.029644367916075293
APO-wr-DE,7,2064,700,0.029644367916075293
APO-wr-DE,7,2064,800,0.01733856756015603
APO-wr-DE,7,2064,900,0.013218117090354465
APO-wr-DE,7,2064,1000,0.013218117090354465
APO-wr-DE,7,2064,1100,0.013218117090354465
APO-wr-DE,7,2064,1200,0.013218117090354465
APO-wr-DE,7,2064,1300,0.013218117090354465
APO-wr-DE,7,2064,1400,0.013218117090354465
APO-wr-DE,7,2064,1500,0.013218117090354465
APO-wr-DE,7,2064,1600,0.013218117090354465
APO-wr-DE,7,2064,1700,0.013218117090354465
APO-wr-DE,7,2064,1800,0.013218117090354465
APO-wr-DE,7,2064,1900,0.013218117090354465
APO-wr-DE,7,2064,2000,0.013218117090354465
APO-wr-DE,7,2064,2100,0.013218117090354465
APO-wr-DE,7,2064,2200,0.013218117090354465
APO-wr-DE,7,2064,2300,0.013218117090354465
APO-wr-DE,7,2064,2400,0.013218117090354465
APO-wr-DE,7,2064,2500,0.013218117090354465
APO-wr-DE,7,2064,2600,0.013218117090354465
APO-wr-DE,7,2064,2700,0.013218117090354465
APO-wr-DE,7,2064,2800,0.013218117090354465
APO-wr-DE,7,2064,2900,0.01311202828736194
APO-wr-DE,7,2064,3000,0.01311202828736194
APO-wr-DE,7,2064,3100,0.01311202828736194
APO-wr-DE,7,2064,3200,0.01311202828736194
APO-wr-DE,7,2064,3300,0.01311202828736194
APO-wr-DE,7,2064,3400,0.01311202828736194
APO-wr-DE,7,2064,3500,0.01311202828736194
APO-wr-DE,7,2064,3600,0.01311202828736194
APO-wr-DE,7,2064,3700,0.01311202828736194
APO-wr-DE,7,2064,3800,0.01311202828736194
APO-wr-DE,7,2064,3900,0.01311202828736194
APO-wr-DE,7,2064,4000,0.01311202828736194
APO-wr-DE,7,2064,4100,0.01311202828736194
APO-wr-DE,7,2064,4200,0.01311202828736194
APO-wr-DE,7,2064,4300,0.01311202828736194
APO-wr-DE,7,2064,4400,0.01311202828736194
APO-wr-DE,7,2064,4500,0.01309881976420929
APO-wr-DE,7,2064,4600,0.01309881976420929
APO-wr-DE,7,2064,4700,0.013046857086215103
APO-wr-DE,7,2064,4800,0.013046857086215103
APO-wr-DE,7,2064,4900,0.013046857086215103
APO-wr-DE,7,2064,5000,0.01281930368263512
APO-wr-DE,7,2064,5100,0.01281930368263512
APO-wr-DE,7,2064,5200,0.01281930368263512
APO-wr-DE,7,2064,5300,0.01281930368263512
APO-wr-DE,7,2064,5400,0.01281930368263512
APO-wr-DE,7,2064,5500,0.01281930368263512
APO-wr-DE,7,2064,5600,0.01281930368263512
APO-wr-DE,7,2064,5700,0.01281930368263512
APO-wr-DE,7,2064,5800,0.01281930368263512
APO-wr-DE,7,2064,5900,0.01281930368263512
APO-wr-DE,7,2064,6000,0.01281930368263512
APO-wr-DE,7,2064,6100,0.01281930368263512
APO-wr-DE,7,2064,6200,0.01281930368263512
APO-wr-DE,7,2064,6300,0.01281930368263512
APO-wr-DE,7,2064,6400,0.012796507575897627
APO-wr-DE,7,2064,6500,0.012796507575897627
APO-wr-DE,7,2064,6600,0.012796507575897627
APO-wr-DE,7,2064,6700,0.012796507575897627
APO-wr-DE,7,2064,6800,0.012796507575897627
APO-wr-DE,7,2064,6900,0.012796507575897627
APO-wr-DE,7,2064,7000,0.012796507575897627
APO-wr-DE,7,2064,7100,0.012796507575897627
APO-wr-DE,7,2064,7200,0.012773195058699673
APO-wr-DE,7,2064,7300,0.012773195058699673
APO-wr-DE,7,2064,7400,0.012766891564527733
APO-wr-DE,7,2064,7500,0.012766891564527733
APO-wr-DE,7,2064,7600,0.012740480295206124
APO-wr-DE,7,2064,7700,0.012740480295206124
APO-wr-DE,7,2064,7800,0.012740480295206124
APO-wr-DE,7,2064,7900,0.012740480295206124
APO-wr-DE,7,2064,8000,0.012740480295206124
APO-wr-DE,7,2064,8100,0.012740480295206124
APO-wr-DE,7,2064,8200,0.012740480295206124
APO-wr-DE,7,2064,8300,0.012740480295206124
APO-wr-DE,7,2064,8400,0.012740480295206124
APO-wr-DE,7,2064,8500,0.012740480295206124
APO-wr-DE,7,2064,8600,0.012740480295206124
APO-wr-DE,7,2064,8700,0.012730420092548116
APO-wr-DE,7,2064,8800,0.012730420092548116
APO-wr-DE,7,2064,8900,0.012716563740220578
APO-wr-DE,7,2064,9000,0.012702109703879345
APO-wr-DE,7,2064,9100,0.012702109703879345
APO-wr-DE,7,2064,9200,0.012702109703879345
APO-wr-DE,7,2064,9300,0.012702109703879345
APO-wr-DE,7,2064,9400,0.012702109703879345
APO-wr-DE,7,2064,9500,0.012702109703879345
APO-wr-DE,7,2064,9600,0.012702109703879345
APO-wr-DE,7,2064,9700,0.012702109703879345
APO-wr-DE,7,2064,9800,0.012702109703879345
APO-wr-DE,7,2064,9900,0.012702109703879345
APO-wr-DE,7,2064,10000,0.012702109703879345
APO-wr-LS,7,2064,100,768927.7109346593
APO-wr-LS,7,2064,200,31808.346298702338
APO-wr-LS,7,2064,300,0.0332816217889272
APO-wr-LS,7,2064,400,0.0332816217889272
APO-wr-LS,7,2064,500,0.0332816217889272
APO-wr-LS,7,2064,600,0.0332816217889272
APO-wr-LS,7,2064,700,0.0332816217889272
APO-wr-LS,7,2064,800,0.0332816217889272
APO-wr-LS,7,2064,900,0.01341692430041978
APO-wr-LS,7,2064,1000,0.01341692430041978
APO-wr-LS,7,2064,1100,0.013196157957453587
APO-wr-LS,7,2064,1200,0.013196157957453587
APO-wr-LS,7,2064,1300,0.013196157957453587
APO-wr-LS,7,2064,1400,0.013196157957453587
APO-wr-LS,7,2064,1500,0.013196157957453587
APO-wr-LS,7,2064,1600,0.013196157957453587
APO-wr-LS,7,2064,1700,0.013196157957453587
APO-wr-LS,7,2064,1800,0.013196157957453587
APO-wr-LS,7,2064,1900,0.013196157957453587
APO-wr-LS,7,2064,2000,0.013196157957453587
APO-wr-LS,7,2064,2100,0.013196157957453587
APO-wr-LS,7,2064,2200,0.013196157957453587
APO-wr-LS,7,2064,2300,0.013196157957453587
APO-wr-LS,7,2064,2400,0.013196157957453587
APO-wr-LS,7,2064,2500,0.013196157957453587
APO-wr-LS,7,2064,2600,0.013196157957453587
APO-wr-LS,7,2064,2700,0.013196157957453587
APO-wr-LS,7,2064,2800,0.013196157957453587
APO-wr-LS,7,2064,2900,0.013196157957453587
APO-wr-LS,7,2064,3000,0.013196157957453587
APO-wr-LS,7,2064,3100,0.013196157957453587
APO-wr-LS,7,2064,3200,0.013196157957453587
APO-wr-LS,7,2064,3300,0.013196157957453587
APO-wr-LS,7,2064,3400,0.013196157957453587
APO-wr-LS,7,2064,3500,0.013196157957453587
APO-wr-LS,7,2064,3600,0.013196157957453587
APO-wr-LS,7,2064,3700,0.013196157957453587
APO-wr-LS,7,2064,3800,0.013196157957453587
APO-wr-LS,7,2064,3900,0.013196157957453587
APO-wr-LS,7,2064,4000,0.013196157957453587
APO-wr-LS,7,2064,4100,0.013196157957453587
APO-wr-LS,7,2064,4200,0.013196157957453587
APO-wr-LS,7,2064,4300,0.013196157957453587
APO-wr-LS,7,2064,4400,0.013196157957453587
APO-wr-LS,7,2064,4500,0.013196157957453587
APO-wr-LS,7,2064,4600,0.013196157957453587
APO-wr-LS,7,2064,4700,0.013196157957453587
APO-wr-LS,7,2064,4800,0.013196157957453587
APO-wr-LS,7,2064,4900,0.013196157957453587
APO-wr-LS,7,2064,5000,0.01301168484138078
APO-wr-LS,7,2064,5100,0.01301168484138078
APO-wr-LS,7,2064,5200,0.012936506034695185
APO-wr-LS,7,2064,5300,0.0129101422782679
APO-wr-LS,7,2064,5400,0.0129101422782679
APO-wr-LS,7,2064,5500,0.0129101422782679
APO-wr-LS,7,2064,5600,0.0129101422782679
APO-wr-LS,7,2064,5700,0.0129101422782679
APO-wr-LS,7,2064,5800,0.0129101422782679
APO-wr-LS,7,2064,5900,0.0129101422782679
APO-wr-LS,7,2064,6000,0.0129101422782679
APO-wr-LS,7,2064,6100,0.0129101422782679
APO-wr-LS,7,2064,6200,0.0129101422782679
APO-wr-LS,7,2064,6300,0.0129101422782679
APO-wr-LS,7,2064,6400,0.0129101422782679
APO-wr-LS,7,2064,6500,0.0129101422782679
APO-wr-LS,7,2064,6600,0.01273964538948444
APO-wr-LS,7,2064,6700,0.01273964538948444
APO-wr-LS,7,2064,6800,0.01273964538948444
APO-wr-LS,7,2064,6900,0.01273964538948444
APO-wr-LS,7,2064,7000,0.01273964538948444
APO-wr-LS,7,2064,7100,0.01273964538948444
APO-wr-LS,7,2064,7200,0.01273964538948444
APO-wr-LS,7,2064,7300,0.012709052011249031
APO-wr-LS,7,2064,7400,0.012709052011249031
APO-wr-LS,7,2064,7500,0.012709052011249031
APO-wr-LS,7,2064,7600,0.012709052011249031
APO-wr-LS,7,2064,7700,0.012709052011249031
APO-wr-LS,7,2064,7800,0.012709052011249031
APO-wr-LS,7,2064,7900,0.012709052011249031
APO-wr-LS,7,2064,8000,0.012699559602081243
APO-wr-LS,7,2064,8100,0.012699559602081243
APO-wr-LS,7,2064,8200,0.012699559602081243
APO-wr-LS,7,2064,8300,0.012699559602081243
APO-wr-LS,7,2064,8400,0.012699559602081243
APO-wr-LS,7,2064,8500,0.012699559602081243
APO-wr-LS,7,2064,8600,0.012699559602081243
APO-wr-LS,7,2064,8700,0.012699559602081243
APO-wr-LS,7,2064,8800,0.012699559602081243
APO-wr-LS,7,2064,8900,0.012699559602081243
APO-wr-LS,7,2064,9000,0.012699559602081243
APO-wr-LS,7,2064,9100,0.012699559602081243
APO-wr-LS,7,2064,9200,0.012699559602081243
APO-wr-LS,7,2064,9300,0.012689538740009032
APO-wr-LS,7,2064,9400,0.012689538740009032
APO-wr-LS,7,2064,9500,0.012689496332015568
APO-wr-LS,7,2064,9600,0.012689496332015568
APO-wr-LS,7,2064,9700,0.01268753803197185
APO-wr-LS,7,2064,9800,0.012687188560315211
APO-wr-LS,7,2064,9900,0.012686573528862745
APO-wr-LS,7,2064,10000,0.012686359702761772
APO-wr-PSO,7,2064,100,768927.7109346593
APO-wr-PSO,7,2064,200,31808.346298702338
APO-wr-PSO,7,2064,300,1481.165443946827
APO-wr-PSO,7,2064,400,0.02420589885237262
APO-wr-PSO,7,2064,500,0.02420589885237262
APO-wr-PSO,7,2064,600,0.02343884950676707
APO-wr-PSO,7,2064,700,0.01838129013166978
APO-wr-PSO,7,2064,800,0.015843630100722664
APO-wr-PSO,7,2064,900,0.013353905334564575
APO-wr-PSO,7,2064,1000,0.013353905334564575
APO-wr-PSO,7,2064,1100,0.013353905334564575
APO-wr-PSO,7,2064,1200,0.013353905334564575
APO-wr-PSO,7,2064,1300,0.013353905334564575
APO-wr-PSO,7,2064,1400,0.013353905334564575
APO-wr-PSO,7,2064,1500,0.013353905334564575
APO-wr-PSO,7,2064,1600,0.012831943023400733
APO-wr-PSO,7,2064,1700,0.012831943023400733
APO-wr-PSO,7,2064,1800,0.012831943023400733
APO-wr-PSO,7,2064,1900,0.012831943023400733
APO-wr-PSO,7,2064,2000,0.012831943023400733
APO-wr-PSO,7,2064,2100,0.012831943023400733
APO-wr-PSO,7,2064,2200,0.012831943023400733
APO-wr-PSO,7,2064,2300,0.012831943023400733
APO-wr-PSO,7,2064,2400,0.012831943023400733
APO-wr-PSO,7,2064,2500,0.012831943023400733
APO-wr-PSO,7,2064,2600,0.012831943023400733
APO-wr-PSO,7,2064,2700,0.012831943023400733
APO-wr-PSO,7,2064,2800,0.012831943023400733
APO-wr-PSO,7,2064,2900,0.012831943023400733
APO-wr-PSO,7,2064,3000,0.012831943023400733
APO-wr-PSO,7,2064,3100,0.012831943023400733
APO-wr-PSO,7,2064,3200,0.012831943023400733
APO-wr-PSO,7,2064,3300,0.012831943023400733
APO-wr-PSO,7,2064,3400,0.012831943023400733
APO-wr-PSO,7,2064,3500,0.012831943023400733
APO-wr-PSO,7,2064,3600,0.012831943023400733
APO-wr-PSO,7,2064,3700,0.012831943023400733
APO-wr-PSO,7,2064,3800,0.012831943023400733
APO-wr-PSO,7,2064,3900,0.012831943023400733
APO-wr-PSO,7,2064,4000,0.012831943023400733
APO-wr-PSO,7,2064,4100,0.012831943023400733
APO-wr-PSO,7,2064,4200,0.012831943023400733
APO-wr-PSO,7,2064,4300,0.012831943023400733
APO-wr-PSO,7,2064,4400,0.012831943023400733
APO-wr-PSO,7,2064,4500,0.012831943023400733
APO-wr-PSO,7,2064,4600,0.012831943023400733
APO-wr-PSO,7,2064,4700,0.012831943023400733
APO-wr-PSO,7,2064,4800,0.012831943023400733
APO-wr-PSO,7,2064,4900,0.012831943023400733
APO-wr-PSO,7,2064,5000,0.012831943023400733
APO-wr-PSO,7,2064,5100,0.012831943023400733
APO-wr-PSO,7,2064,5200,0.012831943023400733
APO-wr-PSO,7,2064,5300,0.012831943023400733
APO-wr-PSO,7,2064,5400,0.01280316829277338
APO-wr-PSO,7,2064,5500,0.01280316829277338
APO-wr-PSO,7,2064,5600,0.01280316829277338
APO-wr-PSO,7,2064,5700,0.01280316829277338
APO-wr-PSO,7,2064,5800,0.01280316829277338
APO-wr-PSO,7,2064,5900,0.01280316829277338
APO-wr-PSO,7,2064,6000,0.012782518659429962
APO-wr-PSO,7,2064,6100,0.012782518659429962
APO-wr-PSO,7,2064,6200,0.012782518659429962
APO-wr-PSO,7,2064,6300,0.012782518659429962
APO-wr-PSO,7,2064,6400,0.012782518659429962
APO-wr-PSO,7,2064,6500,0.012782518659429962
APO-wr-PSO,7,2064,6600,0.012782518659429962
APO-wr-PSO,7,2064,6700,0.012782518659429962
APO-wr-PSO,7,2064,6800,0.012736432081618936
APO-wr-PSO,7,2064,6900,0.012736432081618936
APO-wr-PSO,7,2064,7000,0.012736432081618936
APO-wr-PSO,7,2064,7100,0.012736432081618936
APO-wr-PSO,7,2064,7200,0.012736432081618936
APO-wr-PSO,7,2064,7300,0.012736432081618936
APO-wr-PSO,7,2064,7400,0.012736432081618936
APO-wr-PSO,7,2064,7500,0.012736432081618936
APO-wr-PSO,7,2064,7600,0.012736432081618936
APO-wr-PSO,7,2064,7700,0.012736432081618936
APO-wr-PSO,7,2064,7800,0.012736432081618936
APO-wr-PSO,7,2064,7900,0.012736432081618936
APO-wr-PSO,7,2064,8000,0.012736432081618936
APO-wr-PSO,7,2064,8100,0.012736432081618936
APO-wr-PSO,7,2064,8200,0.012730721890310704
APO-wr-PSO,7,2064,8300,0.012730721890310704
APO-wr-PSO,7,2064,8400,0.012730721890310704
APO-wr-PSO,7,2064,8500,0.012730721890310704
APO-wr-PSO,7,2064,8600,0.012730721890310704
APO-wr-PSO,7,2064,8700,0.012713987651951317
APO-wr-PSO,7,2064,8800,0.012713987651951317
APO-wr-PSO,7,2064,8900,0.012713987651951317
APO-wr-PSO,7,2064,9000,0.012713987651951317
APO-wr-PSO,7,2064,9100,0.012713987651951317
APO-wr-PSO,7,2064,9200,0.012713987651951317
APO-wr-PSO,7,2064,9300,0.012713987651951317
APO-wr-PSO,7,2064,9400,0.012713987651951317
APO-wr-PSO,7,2064,9500,0.012713987651951317
APO-wr-PSO,7,2064,9600,0.012707814454254488
APO-wr-PSO,7,2064,9700,0.012707814454254488
APO-wr-PSO,7,2064,9800,0.012705679594670628
APO-wr-PSO,7,2064,9900,0.012705679594670628
APO-wr-PSO,7,2064,10000,0.012705374292165497
APO,8,2071,100,0.14086688402340727
APO,8,2071,200,0.14086688402340727
APO,8,2071,300,0.03367571744539802
APO,8,2071,400,0.01960044436636559
APO,8,2071,500,0.01960044436636559
APO,8,2071,600,0.01960044436636559
APO,8,2071,700,0.01960044421383886
APO,8,2071,800,0.01321806875245693
APO,8,2071,900,0.01321806875245693
APO,8,2071,1000,0.01321806875245693
APO,8,2071,1100,0.01321806875245693
APO,8,2071,1200,0.01321806875245693
APO,8,2071,1300,0.01321806875245693
APO,8,2071,1400,0.01321806875245693
APO,8,2071,1500,0.01321806875245693
APO,8,2071,1600,0.01321806875245693
APO,8,2071,1700,0.01321806875245693
APO,8,2071,1800,0.01321806875245693
APO,8,2071,1900,0.01321806875245693
APO,8,2071,2000,0.01321806875245693
APO,8,2071,2100,0.01321806875245693
APO,8,2071,2200,0.01321806875245693
APO,8,2071,2300,0.01321806875245693
APO,8,2071,2400,0.01321806875245693
APO,8,2071,2500,0.01321806875245693
APO,8,2071,2600,0.0132057101226085
APO,8,2071,2700,0.0132057101226085
APO,8,2071,2800,0.0132057101226085
APO,8,2071,2900,0.0132057101226085
APO,8,2071,3000,0.0132057101226085
APO,8,2071,3100,0.0132057101226085
APO,8,2071,3200,0.0132057101226085
APO,8,2071,3300,0.0132057101226085
APO,8,2071,3400,0.0132057101226085
APO,8,2071,3500,0.0132057101226085
APO,8,2071,3600,0.0132057101226085
APO,8,2071,3700,0.0132057101226085
APO,8,2071,3800,0.0132057101226085
APO,8,2071,3900,0.0132057101226085
APO,8,2071,4000,0.0132057101226085
APO,8,2071,4100,0.0132057101226085
APO,8,2071,4200,0.0132057101226085
APO,8,2071,4300,0.0132057101226085
APO,8,2071,4400,0.0132057101226085
APO,8,2071,4500,0.012909531784492848
APO,8,2071,4600,0.012727296662224047
APO,8,2071,4700,0.012727296662224047
APO,8,2071,4800,0.012727296662224047
APO,8,2071,4900,0.012727296662224047
APO,8,2071,5000,0.012727296662224047
APO,8,2071,5100,0.012727296662224047
APO,8,2071,5200,0.012727296662224047
APO,8,2071,5300,0.012727296662224047
APO,8,2071,5400,0.012727296662224047
APO,8,2071,5500,0.012727296662224047
APO,8,2071,5600,0.012727296662224047
APO,8,2071,5700,0.012727296662224047
APO,8,2071,5800,0.012727296662224047
APO,8,2071,5900,0.012727296662224047
APO,8,2071,6000,0.012727296662224047
APO,8,2071,6100,0.012727296662224047
APO,8,2071,6200,0.012727296662224047
APO,8,2071,6300,0.012727296662224047
APO,8,2071,6400,0.012727296662224047
APO,8,2071,6500,0.012727296662224047
APO,8,2071,6600,0.012727296662224047
APO,8,2071,6700,0.012727296662224047
APO,8,2071,6800,0.012727296662224047
APO,8,2071,6900,0.012727296662224047
APO,8,2071,7000,0.012727296662224047
APO,8,2071,7100,0.012727296662224047
APO,8,2071,7200,0.012727296662224047
APO,8,2071,7300,0.012727296662224047
APO,8,2071,7400,0.012727296662224047
APO,8,2071,7500,0.012727296662224047
APO,8,2071,7600,0.012727296662224047
APO,8,2071,7700,0.012727296662224047
APO,8,2071,7800,0.012727296662224047
APO,8,2071,7900,0.012727296662224047
APO,8,2071,8000,0.012727296662224047
APO,8,2071,8100,0.012727296662224047
APO,8,2071,8200,0.012727296662224047
APO,8,2071,8300,0.012727296662224047
APO,8,2071,8400,0.012727296662224047
APO,8,2071,8500,0.012727296662224047
APO,8,2071,8600,0.012727296662224047
APO,8,2071,8700,0.012727296662224047
APO,8,2071,8800,0.012727296662224047
APO,8,2071,8900,0.012727296662224047
APO,8,2071,9000,0.012727296662224047
APO,8,2071,9100,0.012727296662224047
APO,8,2071,9200,0.012727296662224047
APO,8,2071,9300,0.012725948978418021
APO,8,2071,9400,0.01272354745102956
APO,8,2071,9500,0.012723345034533422
APO,8,2071,9600,0.012723345034533422
APO,8,2071,9700,0.012723345034533422
APO,8,2071,9800,0.012722288631705428
APO,8,2071,9900,0.012722288631705428
APO,8,2071,10000,0.012722233516559307
APO-wr,8,2071,100,0.14086688402340727
APO-wr,8,2071,200,0.1408471614596409
APO-wr,8,2071,300,0.1408471614596409
APO-wr,8,2071,400,0.07566767863422544
APO-wr,8,2071,500,0.053003664886862624
APO-wr,8,2071,600,0.032585648085281846
APO-wr,8,2071,700,0.013276492961208254
APO-wr,8,2071,800,0.013276492961208254
APO-wr,8,2071,900,0.013276492961208254
APO-wr,8,2071,1000,0.013276492961208254
APO-wr,8,2071,1100,0.013276492961208254
APO-wr,8,2071,1200,0.013276492961208254
APO-wr,8,2071,1300,0.013276492961208254
APO-wr,8,2071,1400,0.013221334489486179
APO-wr,8,2071,1500,0.013134362395811632
APO-wr,8,2071,1600,0.013134362395811632
APO-wr,8,2071,1700,0.013134362395811632
APO-wr,8,2071,1800,0.013065654183032587
APO-wr,8,2071,1900,0.013065654183032587
APO-wr,8,2071,2000,0.013065654183032587
APO-wr,8,2071,2100,0.013065654183032587
APO-wr,8,2071,2200,0.013065654183032587
APO-wr,8,2071,2300,0.013065654183032587
APO-wr,8,2071,2400,0.013065654183032587
APO-wr,8,2071,2500,0.013065654183032587
APO-wr,8,2071,2600,0.013065654183032587
APO-wr,8,2071,2700,0.013065654183032587
APO-wr,8,2071,2800,0.013065654183032587
APO-wr,8,2071,2900,0.013056522616853528
APO-wr,8,2071,3000,0.013056522616853528
APO-wr,8,2071,3100,0.013056522616853528
APO-wr,8,2071,3200,0.013056522616853528
APO-wr,8,2071,3300,0.013056522616853528
APO-wr,8,2071,3400,0.013056522616853528
APO-wr,8,2071,3500,0.013056522616853528
APO-wr,8,2071,3600,0.013056522616853528
APO-wr,8,2071,3700,0.013056522616853528
APO-wr,8,2071,3800,0.013056522616853528
APO-wr,8,2071,3900,0.013056522616853528
APO-wr,8,2071,4000,0.013056522616853528
APO-wr,8,2071,4100,0.013056522616853528
APO-wr,8,2071,4200,0.012900844325926428
APO-wr,8,2071,4300,0.012751962012111907
APO-wr,8,2071,4400,0.012737699800639973
APO-wr,8,2071,4500,0.012737699800639973
APO-wr,8,2071,4600,0.012737699800639973
APO-wr,8,2071,4700,0.012737699800639973
APO-wr,8,2071,4800,0.012737699800639973
APO-wr,8,2071,4900,0.012737699800639973
APO-wr,8,2071,5000,0.012737699800639973
APO-wr,8,2071,5100,0.012737699800639973
APO-wr,8,2071,5200,0.012737699800639973
APO-wr,8,2071,5300,0.012737699800639973
APO-wr,8,2071,5400,0.012737699800639973
APO-wr,8,2071,5500,0.012737699800639973
APO-wr,8,2071,5600,0.012737699800639973
APO-wr,8,2071,5700,0.012737699800639973
APO-wr,8,2071,5800,0.012737699800639973
APO-wr,8,2071,5900,0.012737699800639973
APO-wr,8,2071,6000,0.012737699800639973
APO-wr,8,2071,6100,0.012737699800639973
APO-wr,8,2071,6200,0.012737699800639973
APO-wr,8,2071,6300,0.012737699800639973
APO-wr,8,2071,6400,0.012737699800639973
APO-wr,8,2071,6500,0.012737699800639973
APO-wr,8,2071,6600,0.012737699800639973
APO-wr,8,2071,6700,0.0127372440612796
APO-wr,8,2071,6800,0.0127372440612796
APO-wr,8,2071,6900,0.0127372440612796
APO-wr,8,2071,7000,0.0127372440612796
APO-wr,8,2071,7100,0.0127372440612796
APO-wr,8,2071,7200,0.0127372440612796
APO-wr,8,2071,7300,0.0127372440612796
APO-wr,8,2071,7400,0.0127372440612796
APO-wr,8,2071,7500,0.0127372440612796
APO-wr,8,2071,7600,0.0127372440612796
APO-wr,8,2071,7700,0.0127372440612796
APO-wr,8,2071,7800,0.0127372440612796
APO-wr,8,2071,7900,0.0127372440612796
APO-wr,8,2071,8000,0.0127372440612796
APO-wr,8,2071,8100,0.0127372440612796
APO-wr,8,2071,8200,0.0127372440612796
APO-wr,8,2071,8300,0.0127372440612796
APO-wr,8,2071,8400,0.0127372440612796
APO-wr,8,2071,8500,0.012736579287013888
APO-wr,8,2071,8600,0.012736579287013888
APO-wr,8,2071,8700,0.012736579287013888
APO-wr,8,2071,8800,0.012736579287013888
APO-wr,8,2071,8900,0.012736579287013888
APO-wr,8,2071,9000,0.012736579287013888
APO-wr,8,2071,9100,0.012736579287013888
APO-wr,8,2071,9200,0.012731430630365168
APO-wr,8,2071,9300,0.012713268666004314
APO-wr,8,2071,9400,0.012711469802927994
APO-wr,8,2071,9500,0.01271078134048679
APO-wr,8,2071,9600,0.012710247475740274
APO-wr,8,2071,9700,0.012710247475740274
APO-wr,8,2071,9800,0.012710247475740274
APO-wr,8,2071,9900,0.012710247475740274
APO-wr,8,2071,10000,0.012710146485095246
APO-DE,8,2071,100,0.14086688402340727
APO-DE,8,2071,200,0.14086688402340727
APO-DE,8,2071,300,0.10276981750598317
APO-DE,8,2071,400,0.10276981750598317
APO-DE,8,2071,500,0.10276981750598317
APO-DE,8,2071,600,0.09845812297073574
APO-DE,8,2071,700,0.07020860228910537
APO-DE,8,2071,800,0.013195350712372676
APO-DE,8,2071,900,0.013195350712372676
APO-DE,8,2071,1000,0.013195350712372676
APO-DE,8,2071,1100,0.013195350712372676
APO-DE,8,2071,1200,0.013195350712372676
APO-DE,8,2071,1300,0.013195350712372676
APO-DE,8,2071,1400,0.013195350712372676
APO-DE,8,2071,1500,0.013195350712372676
APO-DE,8,2071,1600,0.013195350712372676
APO-DE,8,2071,1700,0.013195350712372676
APO-DE,8,2071,1800,0.013195350712372676
APO-DE,8,2071,1900,0.013195350712372676
APO-DE,8,2071,2000,0.013195350712372676
APO-DE,8,2071,2100,0.013195350712372676
APO-DE,8,2071,2200,0.013195350712372676
APO-DE,8,2071,2300,0.013195350712372676
APO-DE,8,2071,2400,0.013195350712372676
APO-DE,8,2071,2500,0.013195350712372676
APO-DE,8,2071,2600,0.013195350712372676
APO-DE,8,2071,2700,0.013080456288602941
APO-DE,8,2071,2800,0.013080456288602941
APO-DE,8,2071,2900,0.013080456288602941
APO-DE,8,2071,3000,0.013080456288602941
APO-DE,8,2071,3100,0.013080456288602941
APO-DE,8,2071,3200,0.013080456288602941
APO-DE,8,2071,3300,0.013080456288602941
APO-DE,8,2071,3400,0.013079717788383557
APO-DE,8,2071,3500,0.013079717788383557
APO-DE,8,2071,3600,0.013079717788383557
APO-DE,8,2071,3700,0.012969887066722805
APO-DE,8,2071,3800,0.012969887066722805
APO-DE,8,2071,3900,0.012969887066722805
APO-DE,8,2071,4000,0.012969887066722805
APO-DE,8,2071,4100,0.012969887066722805
APO-DE,8,2071,4200,0.012969887066722805
APO-DE,8,2071,4300,0.012969887066722805
APO-DE,8,2071,4400,0.012969887066722805
APO-DE,8,2071,4500,0.012969887066722805
APO-DE,8,2071,4600,0.012969887066722805
APO-DE,8,2071,4700,0.012969887066722805
APO-DE,8,2071,4800,0.012969887066722805
APO-DE,8,2071,4900,0.012969887066722805
APO-DE,8,2071,5000,0.012969887066722805
APO-DE,8,2071,5100,0.012969887066722805
APO-DE,8,2071,5200,0.012969887066722805
APO-DE,8,2071,5300,0.012941344219841742
APO-DE,8,2071,5400,0.012788094560290226
APO-DE,8,2071,5500,0.012788094560290226
APO-DE,8,2071,5600,0.012788094560290226
APO-DE,8,2071,5700,0.012788094560290226
APO-DE,8,2071,5800,0.012788094560290226
APO-DE,8,2071,5900,0.012788094560290226
APO-DE,8,2071,6000,0.012788094560290226
APO-DE,8,2071,6100,0.012788094560290226
APO-DE,8,2071,6200,0.012788094560290226
APO-DE,8,2071,6300,0.012788094560290226
APO-DE,8,2071,6400,0.012788094560290226
APO-DE,8,2071,6500,0.012788094560290226
APO-DE,8,2071,6600,0.012777896792579724
APO-DE,8,2071,6700,0.012777896792579724
APO-DE,8,2071,6800,0.012777896792579724
APO-DE,8,2071,6900,0.012777896792579724
APO-DE,8,2071,7000,0.012777896792579724
APO-DE,8,2071,7100,0.012777896792579724
APO-DE,8,2071,7200,0.012777896792579724
APO-DE,8,2071,7300,0.012777896792579724
APO-DE,8,2071,7400,0.012743257852871769
APO-DE,8,2071,7500,0.012743257852871769
APO-DE,8,2071,7600,0.012734646057968643
APO-DE,8,2071,7700,0.012734646057968643
APO-DE,8,2071,7800,0.012734646057968643
APO-DE,8,2071,7900,0.012734646057968643
APO-DE,8,2071,8000,0.012734646057968643
APO-DE,8,2071,8100,0.012734646057968643
APO-DE,8,2071,8200,0.012734646057968643
APO-DE,8,2071,8300,0.012734646057968643
APO-DE,8,2071,8400,0.012688455993604115
APO-DE,8,2071,8500,0.012688455993604115
APO-DE,8,2071,8600,0.012676942738896352
APO-DE,8,2071,8700,0.012676942738896352
APO-DE,8,2071,8800,0.012676942738896352
APO-DE,8,2071,8900,0.012676942738896352
APO-DE,8,2071,9000,0.012675418221654867
APO-DE,8,2071,9100,0.012675418221654867
APO-DE,8,2071,9200,0.012675418221654867
APO-DE,8,2071,9300,0.012675418221654867
APO-DE,8,2071,9400,0.012675418221654867
APO-DE,8,2071,9500,0.012675418221654867
APO-DE,8,2071,9600,0.012675170254681296
APO-DE,8,2071,9700,0.012675170254681296
APO-DE,8,2071,9800,0.012675170254681296
APO-DE,8,2071,9900,0.012674884253554917
APO-DE,8,2071,10000,0.012674884253554917
APO-LS,8,2071,100,0.14086688402340727
APO-LS,8,2071,200,0.1038218734384725
APO-LS,8,2071,300,0.1038218734384725
APO-LS,8,2071,400,0.09039253726904434
APO-LS,8,2071,500,0.0787417678242602
APO-LS,8,2071,600,0.06939888210915193
APO-LS,8,2071,700,0.03391142601406481
APO-LS,8,2071,800,0.03391142601406481
APO-LS,8,2071,900,0.018368302062552903
APO-LS,8,2071,1000,0.013196485919410816
APO-LS,8,2071,1100,0.013196485919410816
APO-LS,8,2071,1200,0.013196485919410816
APO-LS,8,2071,1300,0.013196485919410816
APO-LS,8,2071,1400,0.013196485919410816
APO-LS,8,2071,1500,0.013196485919410816
APO-LS,8,2071,1600,0.013196485919410816
APO-LS,8,2071,1700,0.013196485919410816
APO-LS,8,2071,1800,0.013196485919410816
APO-LS,8,2071,1900,0.013196485919410816
APO-LS,8,2071,2000,0.013123307119697971
APO-LS,8,2071,2100,0.013123307119697971
APO-LS,8,2071,2200,0.013123307119697971
APO-LS,8,2071,2300,0.013123307119697971
APO-LS,8,2071,2400,0.013123307119697971
APO-LS,8,2071,2500,0.013123307119697971
APO-LS,8,2071,2600,0.013123307119697971
APO-LS,8,2071,2700,0.013123307119697971
APO-LS,8,2071,2800,0.013123307119697971
APO-LS,8,2071,2900,0.012968204885203833
APO-LS,8,2071,3000,0.012968204885203833
APO-LS,8,2071,3100,0.012968204885203833
APO-LS,8,2071,3200,0.012968204885203833
APO-LS,8,2071,3300,0.012968204885203833
APO-LS,8,2071,3400,0.012968204885203833
APO-LS,8,2071,3500,0.012968204885203833
APO-LS,8,2071,3600,0.012968204885203833
APO-LS,8,2071,3700,0.012968204885203833
APO-LS,8,2071,3800,0.012968204885203833
APO-LS,8,2071,3900,0.012968204885203833
APO-LS,8,2071,4000,0.012921812417776304
APO-LS,8,2071,4100,0.012921812417776304
APO-LS,8,2071,4200,0.012921812417776304
APO-LS,8,2071,4300,0.012921812417776304
APO-LS,8,2071,4400,0.012921812417776304
APO-LS,8,2071,4500,0.012921812417776304
APO-LS,8,2071,4600,0.012921812417776304
APO-LS,8,2071,4700,0.012921812417776304
APO-LS,8,2071,4800,0.012921812417776304
APO-LS,8,2071,4900,0.012921812417776304
APO-LS,8,2071,5000,0.012921812417776304
APO-LS,8,2071,5100,0.012921812417776304
APO-LS,8,2071,5200,0.012921812417776304
APO-LS,8,2071,5300,0.012921812417776304
APO-LS,8,2071,5400,0.012921812417776304
APO-LS,8,2071,5500,0.012921812417776304
APO-LS,8,2071,5600,0.012921812417776304
APO-LS,8,2071,5700,0.012921812417776304
APO-LS,8,2071,5800,0.012921812417776304
APO-LS,8,2071,5900,0.012921812417776304
APO-LS,8,2071,6000,0.012921812417776304
APO-LS,8,2071,6100,0.012921812417776304
APO-LS,8,2071,6200,0.012921812417776304
APO-LS,8,2071,6300,0.012921812417776304
APO-LS,8,2071,6400,0.012921812417776304
APO-LS,8,2071,6500,0.012921812417776304
APO-LS,8,2071,6600,0.012921812417776304
APO-LS,8,2071,6700,0.012921812417776304
APO-LS,8,2071,6800,0.012921812417776304
APO-LS,8,2071,6900,0.012921812417776304
APO-LS,8,2071,7000,0.012921812417776304
APO-LS,8,2071,7100,0.012921812417776304
APO-LS,8,2071,7200,0.012921812417776304
APO-LS,8,2071,7300,0.012921812417776304
APO-LS,8,2071,7400,0.012921812417776304
APO-LS,8,2071,7500,0.012921812417776304
APO-LS,8,2071,7600,0.012921812417776304
APO-LS,8,2071,7700,0.012921812417776304
APO-LS,8,2071,7800,0.012921812417776304
APO-LS,8,2071,7900,0.012921812417776304
APO-LS,8,2071,8000,0.012921812417776304
APO-LS,8,2071,8100,0.012921812417776304
APO-LS,8,2071,8200,0.012921812417776304
APO-LS,8,2071,8300,0.012921812417776304
APO-LS,8,2071,8400,0.012921812417776304
APO-LS,8,2071,8500,0.01291480476289463
APO-LS,8,2071,8600,0.01291480476289463
APO-LS,8,2071,8700,0.01291480476289463
APO-LS,8,2071,8800,0.012826918252990222
APO-LS,8,2071,8900,0.01277696952768044
APO-LS,8,2071,9000,0.012747103772089026
APO-LS,8,2071,9100,0.012747103772089026
APO-LS,8,2071,9200,0.012747103772089026
APO-LS,8,2071,9300,0.012747103772089026
APO-LS,8,2071,9400,0.012747103772089026
APO-LS,8,2071,9500,0.012747103772089026
APO-LS,8,2071,9600,0.012747103772089026
APO-LS,8,2071,9700,0.012747103772089026
APO-LS,8,2071,9800,0.012747103772089026
APO-LS,8,2071,9900,0.012747103772089026
APO-LS,8,2071,10000,0.012747103772089026
APO-PSO,8,2071,100,0.14086688402340727
APO-PSO,8,2071,200,0.14086688402340727
APO-PSO,8,2071,300,0.10860064390488859
APO-PSO,8,2071,400,0.0203736543268243
APO-PSO,8,2071,500,0.0203736543268243
APO-PSO,8,2071,600,0.0203736543268243
APO-PSO,8,2071,700,0.0203736543268243
APO-PSO,8,2071,800,0.0203736543268243
APO-PSO,8,2071,900,0.015438225027126355
APO-PSO,8,2071,1000,0.01336625232912498
APO-PSO,8,2071,1100,0.01336625232912498
APO-PSO,8,2071,1200,0.013307745538465247
APO-PSO,8,2071,1300,0.013307745538465247
APO-PSO,8,2071,1400,0.013307745538465247
APO-PSO,8,2071,1500,0.013307745538465247
APO-PSO,8,2071,1600,0.013307745538465247
APO-PSO,8,2071,1700,0.013307745538465247
APO-PSO,8,2071,1800,0.013307745538465247
APO-PSO,8,2071,1900,0.013307745538465247
APO-PSO,8,2071,2000,0.013307745538465247
APO-PSO,8,2071,2100,0.013307745538465247
APO-PSO,8,2071,2200,0.013307745538465247
APO-PSO,8,2071,2300,0.013234676670709477
APO-PSO,8,2071,2400,0.013234676670709477
APO-PSO,8,2071,2500,0.013234676670709477
APO-PSO,8,2071,2600,0.013029021420512595
APO-PSO,8,2071,2700,0.013029021420512595
APO-PSO,8,2071,2800,0.013029021420512595
APO-PSO,8,2071,2900,0.013009269898144866
APO-PSO,8,2071,3000,0.013009269898144866
APO-PSO,8,2071,3100,0.012844040756748776
APO-PSO,8,2071,3200,0.012844040756748776
APO-PSO,8,2071,3300,0.012844040756748776
APO-PSO,8,2071,3400,0.012844040756748776
APO-PSO,8,2071,3500,0.012844040756748776
APO-PSO,8,2071,3600,0.012844040756748776
APO-PSO,8,2071,3700,0.012844040756748776
APO-PSO,8,2071,3800,0.012844040756748776
APO-PSO,8,2071,3900,0.012844040756748776
APO-PSO,8,2071,4000,0.012844040756748776
APO-PSO,8,2071,4100,0.012844040756748776
APO-PSO,8,2071,4200,0.012830946043831613
APO-PSO,8,2071,4300,0.012830946043831613
APO-PSO,8,2071,4400,0.012830946043831613
APO-PSO,8,2071,4500,0.012830946043831613
APO-PSO,8,2071,4600,0.012830946043831613
APO-PSO,8,2071,4700,0.012830946043831613
APO-PSO,8,2071,4800,0.012830946043831613
APO-PSO,8,2071,4900,0.012830946043831613
APO-PSO,8,2071,5000,0.012830946043831613
APO-PSO,8,2071,5100,0.012830946043831613
APO-PSO,8,2071,5200,0.012830946043831613
APO-PSO,8,2071,5300,0.012830946043831613
APO-PSO,8,2071,5400,0.012786538703874155
APO-PSO,8,2071,5500,0.012786538703874155
APO-PSO,8,2071,5600,0.012786538703874155
APO-PSO,8,2071,5700,0.012786538703874155
APO-PSO,8,2071,5800,0.012786538703874155
APO-PSO,8,2071,5900,0.012786538703874155
APO-PSO,8,2071,6000,0.012786538703874155
APO-PSO,8,2071,6100,0.012786538703874155
APO-PSO,8,2071,6200,0.012786538703874155
APO-PSO,8,2071,6300,0.012786538703874155
APO-PSO,8,2071,6400,0.012786538703874155
APO-PSO,8,2071,6500,0.012786538703874155
APO-PSO,8,2071,6600,0.012786538703874155
APO-PSO,8,2071,6700,0.012786538703874155
APO-PSO,8,2071,6800,0.012786538703874155
APO-PSO,8,2071,6900,0.012738731228120567
APO-PSO,8,2071,7000,0.012738731228120567
APO-PSO,8,2071,7100,0.012738731228120567
APO-PSO,8,2071,7200,0.012738731228120567
APO-PSO,8,2071,7300,0.012730776742443882
APO-PSO,8,2071,7400,0.012730776742443882
APO-PSO,8,2071,7500,0.012730776742443882
APO-PSO,8,2071,7600,0.012730776742443882
APO-PSO,8,2071,7700,0.012730776742443882
APO-PSO,8,2071,7800,0.012730776742443882
APO-PSO,8,2071,7900,0.012730776742443882
APO-PSO,8,2071,8000,0.012730776742443882
APO-PSO,8,2071,8100,0.012730776742443882
APO-PSO,8,2071,8200,0.01269632647824979
APO-PSO,8,2071,8300,0.01269632647824979
APO-PSO,8,2071,8400,0.01269632647824979
APO-PSO,8,2071,8500,0.01269632647824979
APO-PSO,8,2071,8600,0.01269632647824979
APO-PSO,8,2071,8700,0.01269632647824979
APO-PSO,8,2071,8800,0.012696153987158721
APO-PSO,8,2071,8900,0.01269476568163452
APO-PSO,8,2071,9000,0.01269476568163452
APO-PSO,8,2071,9100,0.01269476568163452
APO-PSO,8,2071,9200,0.01269476568163452
APO-PSO,8,2071,9300,0.01269476568163452
APO-PSO,8,2071,9400,0.01269259759815162
APO-PSO,8,2071,9500,0.01269259759815162
APO-PSO,8,2071,9600,0.012688648505673642
APO-PSO,8,2071,9700,0.012688648505673642
APO-PSO,8,2071,9800,0.012687051443062203
APO-PSO,8,2071,9900,0.01268661292890044
APO-PSO,8,2071,10000,0.01268661292890044
APO-wr-DE,8,2071,100,0.14086688402340727
APO-wr-DE,8,2071,200,0.1408471614596409
APO-wr-DE,8,2071,300,0.1408471614596409
APO-wr-DE,8,2071,400,0.028440163428773476
APO-wr-DE,8,2071,500,0.028440163428773476
APO-wr-DE,8,2071,600,0.028440163428773476
APO-wr-DE,8,2071,700,0.028440163428773476
APO-wr-DE,8,2071,800,0.028440163428773476
APO-wr-DE,8,2071,900,0.02252851536641262
APO-wr-DE,8,2071,1000,0.014998491877275881
APO-wr-DE,8,2071,1100,0.014074400421483446
APO-wr-DE,8,2071,1200,0.014055237145969035
APO-wr-DE,8,2071,1300,0.014055237145969035
APO-wr-DE,8,2071,1400,0.014055237145969035
APO-wr-DE,8,2071,1500,0.014055237145969035
APO-wr-DE,8,2071,1600,0.014055237145969035
APO-wr-DE,8,2071,1700,0.013286195176558754
APO-wr-DE,8,2071,1800,0.013286195176558754
APO-wr-DE,8,2071,1900,0.013286195176558754
APO-wr-DE,8,2071,2000,0.013286195176558754
APO-wr-DE,8,2071,2100,0.013286195176558754
APO-wr-DE,8,2071,2200,0.013286195176558754
APO-wr-DE,8,2071,2300,0.013286195176558754
APO-wr-DE,8,2071,2400,0.013286195176558754
APO-wr-DE,8,2071,2500,0.012882469289769723
APO-wr-DE,8,2071,2600,0.012882469289769723
APO-wr-DE,8,2071,2700,0.012877340284037593
APO-wr-DE,8,2071,2800,0.012877340284037593
APO-wr-DE,8,2071,2900,0.012877340284037593
APO-wr-DE,8,2071,3000,0.012877340284037593
APO-wr-DE,8,2071,3100,0.012877340284037593
APO-wr-DE,8,2071,3200,0.012877340284037593
APO-wr-DE,8,2071,3300,0.012877340284037593
APO-wr-DE,8,2071,3400,0.012877340284037593
APO-wr-DE,8,2071,3500,0.012877340284037593
APO-wr-DE,8,2071,3600,0.012877340284037593
APO-wr-DE,8,2071,3700,0.012877340284037593
APO-wr-DE,8,2071,3800,0.012877340284037593
APO-wr-DE,8,2071,3900,0.012877340284037593
APO-wr-DE,8,2071,4000,0.012877340284037593
APO-wr-DE,8,2071,4100,0.012877340284037593
APO-wr-DE,8,2071,4200,0.012877340284037593
APO-wr-DE,8,2071,4300,0.012877340284037593
APO-wr-DE,8,2071,4400,0.012877340284037593
APO-wr-DE,8,2071,4500,0.012877340284037593
APO-wr-DE,8,2071,4600,0.012877340284037593
APO-wr-DE,8,2071,4700,0.012877340284037593
APO-wr-DE,8,2071,4800,0.012877340284037593
APO-wr-DE,8,2071,4900,0.012877340284037593
APO-wr-DE,8,2071,5000,0.012877340284037593
APO-wr-DE,8,2071,5100,0.012877340284037593
APO-wr-DE,8,2071,5200,0.012877340284037593
APO-wr-DE,8,2071,5300,0.012877340284037593
APO-wr-DE,8,2071,5400,0.012877340284037593
APO-wr-DE,8,2071,5500,0.012877340284037593
APO-wr-DE,8,2071,5600,0.012877340284037593
APO-wr-DE,8,2071,5700,0.012877340284037593
APO-wr-DE,8,2071,5800,0.012814852220484719
APO-wr-DE,8,2071,5900,0.012814852220484719
APO-wr-DE,8,2071,6000,0.012814852220484719
APO-wr-DE,8,2071,6100,0.012814852220484719
APO-wr-DE,8,2071,6200,0.012814852220484719
APO-wr-DE,8,2071,6300,0.012735866279871654
APO-wr-DE,8,2071,6400,0.012735866279871654
APO-wr-DE,8,2071,6500,0.012735866279871654
APO-wr-DE,8,2071,6600,0.012735866279871654
APO-wr-DE,8,2071,6700,0.012735866279871654
APO-wr-DE,8,2071,6800,0.012735866279871654
APO-wr-DE,8,2071,6900,0.012735866279871654
APO-wr-DE,8,2071,7000,0.012735866279871654
APO-wr-DE,8,2071,7100,0.012735866279871654
APO-wr-DE,8,2071,7200,0.012735866279871654
APO-wr-DE,8,2071,7300,0.012735866279871654
APO-wr-DE,8,2071,7400,0.012735866279871654
APO-wr-DE,8,2071,7500,0.012735866279871654
APO-wr-DE,8,2071,7600,0.012714313923448389
APO-wr-DE,8,2071,7700,0.012714313923448389
APO-wr-DE,8,2071,7800,0.012714313923448389
APO-wr-DE,8,2071,7900,0.012714313923448389
APO-wr-DE,8,2071,8000,0.012714313923448389
APO-wr-DE,8,2071,8100,0.012714313923448389
APO-wr-DE,8,2071,8200,0.012714313923448389
APO-wr-DE,8,2071,8300,0.012714313923448389
APO-wr-DE,8,2071,8400,0.012714128857566046
APO-wr-DE,8,2071,8500,0.012714128857566046
APO-wr-DE,8,2071,8600,0.012714128857566046
APO-wr-DE,8,2071,8700,0.012704348006397654
APO-wr-DE,8,2071,8800,0.012704348006397654
APO-wr-DE,8,2071,8900,0.012704348006397654
APO-wr-DE,8,2071,9000,0.012702239503415052
APO-wr-DE,8,2071,9100,0.012702239503415052
APO-wr-DE,8,2071,9200,0.012702239503415052
APO-wr-DE,8,2071,9300,0.012702239503415052
APO-wr-DE,8,2071,9400,0.012700612968831668
APO-wr-DE,8,2071,9500,0.012700612968831668
APO-wr-DE,8,2071,9600,0.01270019029401906
APO-wr-DE,8,2071,9700,0.012697982659673696
APO-wr-DE,8,2071,9800,0.012697982659673696
APO-wr-DE,8,2071,9900,0.012697683206067767
APO-wr-DE,8,2071,10000,0.012697683206067767
APO-wr-LS,8,2071,100,0.14086688402340727
APO-wr-LS,8,2071,200,0.1038218734384725
APO-wr-LS,8,2071,300,0.1038218734384725
APO-wr-LS,8,2071,400,0.0880412192108319
APO-wr-LS,8,2071,500,0.08349094932777902
APO-wr-LS,8,2071,600,0.019578640514972573
APO-wr-LS,8,2071,700,0.019578640514972573
APO-wr-LS,8,2071,800,0.019578640514972573
APO-wr-LS,8,2071,900,0.013073739406549335
APO-wr-LS,8,2071,1000,0.013073739406549335
APO-wr-LS,8,2071,1100,0.013073739406549335
APO-wr-LS,8,2071,1200,0.013073739406549335
APO-wr-LS,8,2071,1300,0.013073739406549335
APO-wr-LS,8,2071,1400,0.013073739406549335
APO-wr-LS,8,2071,1500,0.013073739406549335
APO-wr-LS,8,2071,1600,0.013073739406549335
APO-wr-LS,8,2071,1700,0.013073739406549335
APO-wr-LS,8,2071,1800,0.013073739406549335
APO-wr-LS,8,2071,1900,0.013073739406549335
APO-wr-LS,8,2071,2000,0.013073739406549335
APO-wr-LS,8,2071,2100,0.013073739406549335
APO-wr-LS,8,2071,2200,0.013018966724779844
APO-wr-LS,8,2071,2300,0.013018966724779844
APO-wr-LS,8,2071,2400,0.013018966724779844
APO-wr-LS,8,2071,2500,0.013011558395451855
APO-wr-LS,8,2071,2600,0.013011558395451855
APO-wr-LS,8,2071,2700,0.013011558395451855
APO-wr-LS,8,2071,2800,0.013011558395451855
APO-wr-LS,8,2071,2900,0.013011558395451855
APO-wr-LS,8,2071,3000,0.012983671614804017
APO-wr-LS,8,2071,3100,0.012983671614804017
APO-wr-LS,8,2071,3200,0.012983671614804017
APO-wr-LS,8,2071,3300,0.012983671614804017
APO-wr-LS,8,2071,3400,0.012983671614804017
APO-wr-LS,8,2071,3500,0.012983671614804017
APO-wr-LS,8,2071,3600,0.012983671614804017
APO-wr-LS,8,2071,3700,0.012983671614804017
APO-wr-LS,8,2071,3800,0.012983671614804017
APO-wr-LS,8,2071,3900,0.012883422853752241
APO-wr-LS,8,2071,4000,0.012883422853752241
APO-wr-LS,8,2071,4100,0.012883422853752241
APO-wr-LS,8,2071,4200,0.012883422853752241
APO-wr-LS,8,2071,4300,0.012883422853752241
APO-wr-LS,8,2071,4400,0.012883422853752241
APO-wr-LS,8,2071,4500,0.012883422853752241
APO-wr-LS,8,2071,4600,0.012883422853752241
APO-wr-LS,8,2071,4700,0.012883422853752241
APO-wr-LS,8,2071,4800,0.012883422853752241
APO-wr-LS,8,2071,4900,0.012883422853752241
APO-wr-LS,8,2071,5000,0.012883422853752241
APO-wr-LS,8,2071,5100,0.012883422853752241
APO-wr-LS,8,2071,5200,0.012883422853752241
APO-wr-LS,8,2071,5300,0.012883422853752241
APO-wr-LS,8,2071,5400,0.012883422853752241
APO-wr-LS,8,2071,5500,0.012883422853752241
APO-wr-LS,8,2071,5600,0.012883422853752241
APO-wr-LS,8,2071,5700,0.012883422853752241
APO-wr-LS,8,2071,5800,0.012883422853752241
APO-wr-LS,8,2071,5900,0.012883422853752241
APO-wr-LS,8,2071,6000,0.012883422853752241
APO-wr-LS,8,2071,6100,0.012883422853752241
APO-wr-LS,8,2071,6200,0.012883422853752241
APO-wr-LS,8,2071,6300,0.012883422853752241
APO-wr-LS,8,2071,6400,0.012883422853752241
APO-wr-LS,8,2071,6500,0.012883422853752241
APO-wr-LS,8,2071,6600,0.012883422853752241
APO-wr-LS,8,2071,6700,0.012883422853752241
APO-wr-LS,8,2071,6800,0.012883422853752241
APO-wr-LS,8,2071,6900,0.012883422853752241
APO-wr-LS,8,2071,7000,0.012883422853752241
APO-wr-LS,8,2071,7100,0.012883422853752241
APO-wr-LS,8,2071,7200,0.012883422853752241
APO-wr-LS,8,2071,7300,0.012883422853752241
APO-wr-LS,8,2071,7400,0.012883422853752241
APO-wr-LS,8,2071,7500,0.01283246231854449
APO-wr-LS,8,2071,7600,0.01283246231854449
APO-wr-LS,8,2071,7700,0.012812493266604906
APO-wr-LS,8,2071,7800,0.012812493266604906
APO-wr-LS,8,2071,7900,0.012812493266604906
APO-wr-LS,8,2071,8000,0.012703697841485069
APO-wr-LS,8,2071,8100,0.012703697841485069
APO-wr-LS,8,2071,8200,0.012703697841485069
APO-wr-LS,8,2071,8300,0.012703697841485069
APO-wr-LS,8,2071,8400,0.012703697841485069
APO-wr-LS,8,2071,8500,0.012703697841485069
APO-wr-LS,8,2071,8600,0.012703697841485069
APO-wr-LS,8,2071,8700,0.012703697841485069
APO-wr-LS,8,2071,8800,0.012703697841485069
APO-wr-LS,8,2071,8900,0.012696872364088094
APO-wr-LS,8,2071,9000,0.012696746916654886
APO-wr-LS,8,2071,9100,0.012696746916654886
APO-wr-LS,8,2071,9200,0.012696746916654886
APO-wr-LS,8,2071,9300,0.012696746916654886
APO-wr-LS,8,2071,9400,0.012691869001399273
APO-wr-LS,8,2071,9500,0.012690875940570194
APO-wr-LS,8,2071,9600,0.012690875940570194
APO-wr-LS,8,2071,9700,0.012690875940570194
APO-wr-LS,8,2071,9800,0.012690875332803076
APO-wr-LS,8,2071,9900,0.01269086747794703
APO-wr-LS,8,2071,10000,0.01269086747794703
APO-wr-PSO,8,2071,100,0.14086688402340727
APO-wr-PSO,8,2071,200,0.1408471614596409
APO-wr-PSO,8,2071,300,0.10423867923931
APO-wr-PSO,8,2071,400,0.02454885702522377
APO-wr-PSO,8,2071,500,0.02454885702522377
APO-wr-PSO,8,2071,600,0.02454885702522377
APO-wr-PSO,8,2071,700,0.02130121236797329
APO-wr-PSO,8,2071,800,0.02130121236797329
APO-wr-PSO,8,2071,900,0.013443412695913915
APO-wr-PSO,8,2071,1000,0.013267452662375894
APO-wr-PSO,8,2071,1100,0.013267452662375894
APO-wr-PSO,8,2071,1200,0.013248905801837492
APO-wr-PSO,8,2071,1300,0.013248905801837492
APO-wr-PSO,8,2071,1400,0.013248905801837492
APO-wr-PSO,8,2071,1500,0.013248905801837492
APO-wr-PSO,8,2071,1600,0.013248905801837492
APO-wr-PSO,8,2071,1700,0.013248905801837492
APO-wr-PSO,8,2071,1800,0.013248905801837492
APO-wr-PSO,8,2071,1900,0.013248905801837492
APO-wr-PSO,8,2071,2000,0.013248905801837492
APO-wr-PSO,8,2071,2100,0.013201714157298258
APO-wr-PSO,8,2071,2200,0.013201714157298258
APO-wr-PSO,8,2071,2300,0.013201714157298258
APO-wr-PSO,8,2071,2400,0.013201714157298258
APO-wr-PSO,8,2071,2500,0.013201714157298258
APO-wr-PSO,8,2071,2600,0.013201714157298258
APO-wr-PSO,8,2071,2700,0.013201714157298258
APO-wr-PSO,8,2071,2800,0.013201714157298258
APO-wr-PSO,8,2071,2900,0.013201714157298258
APO-wr-PSO,8,2071,3000,0.013201714157298258
APO-wr-PSO,8,2071,3100,0.013201714157298258
APO-wr-PSO,8,2071,3200,0.013201714157298258
APO-wr-PSO,8,2071,3300,0.013201714157298258
APO-wr-PSO,8,2071,3400,0.013201714157298258
APO-wr-PSO,8,2071,3500,0.013201714157298258
APO-wr-PSO,8,2071,3600,0.013201714157298258
APO-wr-PSO,8,2071,3700,0.013201714157298258
APO-wr-PSO,8,2071,3800,0.013201714157298258
APO-wr-PSO,8,2071,3900,0.013201714157298258
APO-wr-PSO,8,2071,4000,0.013201714157298258
APO-wr-PSO,8,2071,4100,0.013201714157298258
APO-wr-PSO,8,2071,4200,0.013201714157298258
APO-wr-PSO,8,2071,4300,0.013201714157298258
APO-wr-PSO,8,2071,4400,0.013190913600322141
APO-wr-PSO,8,2071,4500,0.013190913600322141
APO-wr-PSO,8,2071,4600,0.013190913600322141
APO-wr-PSO,8,2071,4700,0.0131547606778789
APO-wr-PSO,8,2071,4800,0.0131547606778789
APO-wr-PSO,8,2071,4900,0.0131547606778789
APO-wr-PSO,8,2071,5000,0.0131547606778789
APO-wr-PSO,8,2071,5100,0.0131547606778789
APO-wr-PSO,8,2071,5200,0.0131547606778789
APO-wr-PSO,8,2071,5300,0.0131547606778789
APO-wr-PSO,8,2071,5400,0.012904414815551721
APO-wr-PSO,8,2071,5500,0.012904414815551721
APO-wr-PSO,8,2071,5600,0.012904414815551721
APO-wr-PSO,8,2071,5700,0.012904414815551721
APO-wr-PSO,8,2071,5800,0.012904414815551721
APO-wr-PSO,8,2071,5900,0.012904414815551721
APO-wr-PSO,8,2071,6000,0.012904414815551721
APO-wr-PSO,8,2071,6100,0.012904414815551721
APO-wr-PSO,8,2071,6200,0.012904414815551721
APO-wr-PSO,8,2071,6300,0.012904414815551721
APO-wr-PSO,8,2071,6400,0.012904414815551721
APO-wr-PSO,8,2071,6500,0.012875222863494256
APO-wr-PSO,8,2071,6600,0.012875222863494256
APO-wr-PSO,8,2071,6700,0.012875222863494256
APO-wr-PSO,8,2071,6800,0.012875222863494256
APO-wr-PSO,8,2071,6900,0.012875222863494256
APO-wr-PSO,8,2071,7000,0.012875222863494256
APO-wr-PSO,8,2071,7100,0.012875222863494256
APO-wr-PSO,8,2071,7200,0.012875222863494256
APO-wr-PSO,8,2071,7300,0.012875222863494256
APO-wr-PSO,8,2071,7400,0.012875222863494256
APO-wr-PSO,8,2071,7500,0.012875222863494256
APO-wr-PSO,8,2071,7600,0.012875222863494256
APO-wr-PSO,8,2071,7700,0.012875222863494256
APO-wr-PSO,8,2071,7800,0.012875222863494256
APO-wr-PSO,8,2071,7900,0.012875222863494256
APO-wr-PSO,8,2071,8000,0.012875222863494256
APO-wr-PSO,8,2071,8100,0.012875222863494256
APO-wr-PSO,8,2071,8200,0.012875222863494256
APO-wr-PSO,8,2071,8300,0.012875222863494256
APO-wr-PSO,8,2071,8400,0.012875222863494256
APO-wr-PSO,8,2071,8500,0.012875222863494256
APO-wr-PSO,8,2071,8600,0.012875222863494256
APO-wr-PSO,8,2071,8700,0.012875222863494256
APO-wr-PSO,8,2071,8800,0.01284075368424567
APO-wr-PSO,8,2071,8900,0.01284075368424567
APO-wr-PSO,8,2071,9000,0.012835567460952598
APO-wr-PSO,8,2071,9100,0.012835567460952598
APO-wr-PSO,8,2071,9200,0.012826247877320632
APO-wr-PSO,8,2071,9300,0.012820295415333811
APO-wr-PSO,8,2071,9400,0.012815802658792569
APO-wr-PSO,8,2071,9500,0.012813926453644726
APO-wr-PSO,8,2071,9600,0.012812277573877028
APO-wr-PSO,8,2071,9700,0.012812277573877028
APO-wr-PSO,8,2071,9800,0.012812277573877028
APO-wr-PSO,8,2071,9900,0.012812277573877028
APO-wr-PSO,8,2071,10000,0.012812277573877028
APO,9,2078,100,617.3321378733887
APO,9,2078,200,617.3321378733887
APO,9,2078,300,0.13877622127490358
APO,9,2078,400,0.13877622127490358
APO,9,2078,500,0.13877622127490358
APO,9,2078,600,0.028272062128947912
APO,9,2078,700,0.028272062128947912
APO,9,2078,800,0.023684204954336804
APO,9,2078,900,0.013452089844169287
APO,9,2078,1000,0.013452089844169287
APO,9,2078,1100,0.013452089844169287
APO,9,2078,1200,0.013452089844169287
APO,9,2078,1300,0.013452089844169287
APO,9,2078,1400,0.013452089844169287
APO,9,2078,1500,0.013452089844169287
APO,9,2078,1600,0.013452089844169287
APO,9,2078,1700,0.013452089844169287
APO,9,2078,1800,0.013452089844169287
APO,9,2078,1900,0.013452089844169287
APO,9,2078,2000,0.013452089844169287
APO,9,2078,2100,0.013452089844169287
APO,9,2078,2200,0.013452089844169287
APO,9,2078,2300,0.013452089844169287
APO,9,2078,2400,0.013452089844169287
APO,9,2078,2500,0.013452089844169287
APO,9,2078,2600,0.013320416327954023
APO,9,2078,2700,0.013280718381106034
APO,9,2078,2800,0.013280718381106034
APO,9,2078,2900,0.013280718381106034
APO,9,2078,3000,0.013280718381106034
APO,9,2078,3100,0.013280718381106034
APO,9,2078,3200,0.013280718381106034
APO,9,2078,3300,0.013280718381106034
APO,9,2078,3400,0.013248816624891259
APO,9,2078,3500,0.013225878333271322
APO,9,2078,3600,0.013225878333271322
APO,9,2078,3700,0.013225878333271322
APO,9,2078,3800,0.013225878333271322
APO,9,2078,3900,0.013225878333271322
APO,9,2078,4000,0.013225878333271322
APO,9,2078,4100,0.013225878333271322
APO,9,2078,4200,0.013225878333271322
APO,9,2078,4300,0.013225878333271322
APO,9,2078,4400,0.013225878333271322
APO,9,2078,4500,0.013225878333271322
APO,9,2078,4600,0.013225878333271322
APO,9,2078,4700,0.013225878333271322
APO,9,2078,4800,0.013105489121599036
APO,9,2078,4900,0.013105489121599036
APO,9,2078,5000,0.013105489121599036
APO,9,2078,5100,0.013105489121599036
APO,9,2078,5200,0.01297742297446732
APO,9,2078,5300,0.01297742297446732
APO,9,2078,5400,0.01297742297446732
APO,9,2078,5500,0.01297742297446732
APO,9,2078,5600,0.012821217253709546
APO,9,2078,5700,0.012821217253709546
APO,9,2078,5800,0.012821217253709546
APO,9,2078,5900,0.012821217253709546
APO,9,2078,6000,0.012821217253709546
APO,9,2078,6100,0.012821217253709546
APO,9,2078,6200,0.012821217253709546
APO,9,2078,6300,0.012821217253709546
APO,9,2078,6400,0.012821217253709546
APO,9,2078,6500,0.01281880981011398
APO,9,2078,6600,0.01281880981011398
APO,9,2078,6700,0.01281880981011398
APO,9,2078,6800,0.01281880981011398
APO,9,2078,6900,0.01281880981011398
APO,9,2078,7000,0.01281880981011398
APO,9,2078,7100,0.01281880981011398
APO,9,2078,7200,0.01281880981011398
APO,9,2078,7300,0.01281880981011398
APO,9,2078,7400,0.01281880981011398
APO,9,2078,7500,0.01281880981011398
APO,9,2078,7600,0.01281880981011398
APO,9,2078,7700,0.01281880981011398
APO,9,2078,7800,0.01281880981011398
APO,9,2078,7900,0.012794676241526156
APO,9,2078,8000,0.012794676241526156
APO,9,2078,8100,0.012794676241526156
APO,9,2078,8200,0.012776702590959388
APO,9,2078,8300,0.01276815773589501
APO,9,2078,8400,0.01276815773589501
APO,9,2078,8500,0.012758071682343781
APO,9,2078,8600,0.012750682780260118
APO,9,2078,8700,0.012750682780260118
APO,9,2078,8800,0.012750682780260118
APO,9,2078,8900,0.012750682780260118
APO,9,2078,9000,0.012742614288241966
APO,9,2078,9100,0.012733772882854948
APO,9,2078,9200,0.012731064090767673
APO,9,2078,9300,0.012720137255940558
APO,9,2078,9400,0.012720137255940558
APO,9,2078,9500,0.012720137255940558
APO,9,2078,9600,0.012720122387339003
APO,9,2078,9700,0.012720122387339003
APO,9,2078,9800,0.012720122387339003
APO,9,2078,9900,0.012719971002772577
APO,9,2078,10000,0.01271988878818594
APO-wr,9,2078,100,617.3321378733887
APO-wr,9,2078,200,617.3321378733887
APO-wr,9,2078,300,0.03688799054821541
APO-wr,9,2078,400,0.03688799054821541
APO-wr,9,2078,500,0.03688799054821541
APO-wr,9,2078,600,0.03688799054821541
APO-wr,9,2078,700,0.03553532354506753
APO-wr,9,2078,800,0.03336638279366428
APO-wr,9,2078,900,0.013245367212153426
APO-wr,9,2078,1000,0.013245367212153426
APO-wr,9,2078,1100,0.013245367212153426
APO-wr,9,2078,1200,0.013245367212153426
APO-wr,9,2078,1300,0.01282982651551283
APO-wr,9,2078,1400,0.01282982651551283
APO-wr,9,2078,1500,0.01282982651551283
APO-wr,9,2078,1600,0.01282982651551283
APO-wr,9,2078,1700,0.01282982651551283
APO-wr,9,2078,1800,0.01282982651551283
APO-wr,9,2078,1900,0.01282982651551283
APO-wr,9,2078,2000,0.01282982651551283
APO-wr,9,2078,2100,0.01282982651551283
APO-wr,9,2078,2200,0.01282982651551283
APO-wr,9,2078,2300,0.01282982651551283
APO-wr,9,2078,2400,0.01282982651551283
APO-wr,9,2078,2500,0.01282982651551283
APO-wr,9,2078,2600,0.01282982651551283
APO-wr,9,2078,2700,0.01282982651551283
APO-wr,9,2078,2800,0.01282982651551283
APO-wr,9,2078,2900,0.01282982651551283
APO-wr,9,2078,3000,0.01282982651551283
APO-wr,9,2078,3100,0.01282982651551283
APO-wr,9,2078,3200,0.01282982651551283
APO-wr,9,2078,3300,0.01282982651551283
APO-wr,9,2078,3400,0.01282982651551283
APO-wr,9,2078,3500,0.01282982651551283
APO-wr,9,2078,3600,0.01282982651551283
APO-wr,9,2078,3700,0.01282982651551283
APO-wr,9,2078,3800,0.01282982651551283
APO-wr,9,2078,3900,0.01282982651551283
APO-wr,9,2078,4000,0.01282982651551283
APO-wr,9,2078,4100,0.01282982651551283
APO-wr,9,2078,4200,0.01282982651551283
APO-wr,9,2078,4300,0.01282982651551283
APO-wr,9,2078,4400,0.01282982651551283
APO-wr,9,2078,4500,0.01282982651551283
APO-wr,9,2078,4600,0.01282982651551283
APO-wr,9,2078,4700,0.01282982651551283
APO-wr,9,2078,4800,0.01282982651551283
APO-wr,9,2078,4900,0.01282982651551283
APO-wr,9,2078,5000,0.01282982651551283
APO-wr,9,2078,5100,0.01282982651551283
APO-wr,9,2078,5200,0.01282982651551283
APO-wr,9,2078,5300,0.01282982651551283
APO-wr,9,2078,5400,0.01282982651551283
APO-wr,9,2078,5500,0.01282982651551283
APO-wr,9,2078,5600,0.01282982651551283
APO-wr,9,2078,5700,0.01282982651551283
APO-wr,9,2078,5800,0.01282982651551283
APO-wr,9,2078,5900,0.01282982651551283
APO-wr,9,2078,6000,0.01282982651551283
APO-wr,9,2078,6100,0.01282982651551283
APO-wr,9,2078,6200,0.01282982651551283
APO-wr,9,2078,6300,0.01282982651551283
APO-wr,9,2078,6400,0.01282982651551283
APO-wr,9,2078,6500,0.01282982651551283
APO-wr,9,2078,6600,0.01282982651551283
APO-wr,9,2078,6700,0.01282982651551283
APO-wr,9,2078,6800,0.01282982651551283
APO-wr,9,2078,6900,0.01282982651551283
APO-wr,9,2078,7000,0.01282982651551283
APO-wr,9,2078,7100,0.01282982651551283
APO-wr,9,2078,7200,0.01282982651551283
APO-wr,9,2078,7300,0.01282982651551283
APO-wr,9,2078,7400,0.01282982651551283
APO-wr,9,2078,7500,0.01282982651551283
APO-wr,9,2078,7600,0.01282982651551283
APO-wr,9,2078,7700,0.01282982651551283
APO-wr,9,2078,7800,0.012805414451756059
APO-wr,9,2078,7900,0.012805414451756059
APO-wr,9,2078,8000,0.012716564969201314
APO-wr,9,2078,8100,0.012716564969201314
APO-wr,9,2078,8200,0.012716072193861531
APO-wr,9,2078,8300,0.012716072193861531
APO-wr,9,2078,8400,0.012716072193861531
APO-wr,9,2078,8500,0.012716072193861531
APO-wr,9,2078,8600,0.012716072193861531
APO-wr,9,2078,8700,0.01271232473602427
APO-wr,9,2078,8800,0.01271232473602427
APO-wr,9,2078,8900,0.01271232473602427
APO-wr,9,2078,9000,0.01271232473602427
APO-wr,9,2078,9100,0.012702816206374796
APO-wr,9,2078,9200,0.012700210642076208
APO-wr,9,2078,9300,0.012700210642076208
APO-wr,9,2078,9400,0.012700210642076208
APO-wr,9,2078,9500,0.012700210642076208
APO-wr,9,2078,9600,0.012700210642076208
APO-wr,9,2078,9700,0.012700210642076208
APO-wr,9,2078,9800,0.012700210642076208
APO-wr,9,2078,9900,0.012700093989813713
APO-wr,9,2078,10000,0.012700015960095514
APO-DE,9,2078,100,617.3321378733887
APO-DE,9,2078,200,617.3321378733887
APO-DE,9,2078,300,0.034928168053488286
APO-DE,9,2078,400,0.03190225672541187
APO-DE,9,2078,500,0.028920531283695143
APO-DE,9,2078,600,0.02892053092306058
APO-DE,9,2078,700,0.02892053092306058
APO-DE,9,2078,800,0.021623994949898927
APO-DE,9,2078,900,0.013233459083773814
APO-DE,9,2078,1000,0.013233459083773814
APO-DE,9,2078,1100,0.013233459083773814
APO-DE,9,2078,1200,0.013233459083773814
APO-DE,9,2078,1300,0.013233459083773814
APO-DE,9,2078,1400,0.013233459083773814
APO-DE,9,2078,1500,0.013233459083773814
APO-DE,9,2078,1600,0.013233459083773814
APO-DE,9,2078,1700,0.013233459083773814
APO-DE,9,2078,1800,0.013233459083773814
APO-DE,9,2078,1900,0.013233459083773814
APO-DE,9,2078,2000,0.013233459083773814
APO-DE,9,2078,2100,0.013233459083773814
APO-DE,9,2078,2200,0.013233459083773814
APO-DE,9,2078,2300,0.013233459083773814
APO-DE,9,2078,2400,0.013233459083773814
APO-DE,9,2078,2500,0.013233459083773814
APO-DE,9,2078,2600,0.013233459083773814
APO-DE,9,2078,2700,0.013233459083773814
APO-DE,9,2078,2800,0.013233459083773814
APO-DE,9,2078,2900,0.013233459083773814
APO-DE,9,2078,3000,0.013233459083773814
APO-DE,9,2078,3100,0.013233459083773814
APO-DE,9,2078,3200,0.013233459083773814
APO-DE,9,2078,3300,0.013094217513985006
APO-DE,9,2078,3400,0.013094217513985006
APO-DE,9,2078,3500,0.013094217513985006
APO-DE,9,2078,3600,0.013094217513985006
APO-DE,9,2078,3700,0.013094217513985006
APO-DE,9,2078,3800,0.013094217513985006
APO-DE,9,2078,3900,0.013094217513985006
APO-DE,9,2078,4000,0.013094217513985006
APO-DE,9,2078,4100,0.013094217513985006
APO-DE,9,2078,4200,0.013094217513985006
APO-DE,9,2078,4300,0.013094217513985006
APO-DE,9,2078,4400,0.013094217513985006
APO-DE,9,2078,4500,0.012941460003757397
APO-DE,9,2078,4600,0.012941460003757397
APO-DE,9,2078,4700,0.012941460003757397
APO-DE,9,2078,4800,0.012941460003757397
APO-DE,9,2078,4900,0.012941460003757397
APO-DE,9,2078,5000,0.012941460003757397
APO-DE,9,2078,5100,0.012941460003757397
APO-DE,9,2078,5200,0.012941460003757397
APO-DE,9,2078,5300,0.012941460003757397
APO-DE,9,2078,5400,0.012788074216752208
APO-DE,9,2078,5500,0.012788074216752208
APO-DE,9,2078,5600,0.012788074216752208
APO-DE,9,2078,5700,0.012788074216752208
APO-DE,9,2078,5800,0.012788074216752208
APO-DE,9,2078,5900,0.012788074216752208
APO-DE,9,2078,6000,0.012788074216752208
APO-DE,9,2078,6100,0.012788074216752208
APO-DE,9,2078,6200,0.012788074216752208
APO-DE,9,2078,6300,0.012788074216752208
APO-DE,9,2078,6400,0.012788074216752208
APO-DE,9,2078,6500,0.012788074216752208
APO-DE,9,2078,6600,0.012788074216752208
APO-DE,9,2078,6700,0.012788074216752208
APO-DE,9,2078,6800,0.012788074216752208
APO-DE,9,2078,6900,0.012788074216752208
APO-DE,9,2078,7000,0.012788074216752208
APO-DE,9,2078,7100,0.012780230856880587
APO-DE,9,2078,7200,0.012780230856880587
APO-DE,9,2078,7300,0.012780230856880587
APO-DE,9,2078,7400,0.012780230856880587
APO-DE,9,2078,7500,0.012780230856880587
APO-DE,9,2078,7600,0.012780230856880587
APO-DE,9,2078,7700,0.012780230856880587
APO-DE,9,2078,7800,0.012780230856880587
APO-DE,9,2078,7900,0.012780230856880587
APO-DE,9,2078,8000,0.012780230856880587
APO-DE,9,2078,8100,0.01269044383925954
APO-DE,9,2078,8200,0.01269044383925954
APO-DE,9,2078,8300,0.01269044383925954
APO-DE,9,2078,8400,0.01269044383925954
APO-DE,9,2078,8500,0.01269044383925954
APO-DE,9,2078,8600,0.01269044383925954
APO-DE,9,2078,8700,0.01269044383925954
APO-DE,9,2078,8800,0.01269044383925954
APO-DE,9,2078,8900,0.01269044383925954
APO-DE,9,2078,9000,0.01269044383925954
APO-DE,9,2078,9100,0.01269044383925954
APO-DE,9,2078,9200,0.01269044383925954
APO-DE,9,2078,9300,0.012687125027354978
APO-DE,9,2078,9400,0.012687125027354978
APO-DE,9,2078,9500,0.012683515861889597
APO-DE,9,2078,9600,0.012683515861889597
APO-DE,9,2078,9700,0.012683515861889597
APO-DE,9,2078,9800,0.012683515861889597
APO-DE,9,2078,9900,0.012683515861889597
APO-DE,9,2078,10000,0.012683387116721625
APO-LS,9,2078,100,617.3321378733887
APO-LS,9,2078,200,617.3321378733887
APO-LS,9,2078,300,0.038685731446169894
APO-LS,9,2078,400,0.038685731446169894
APO-LS,9,2078,500,0.0344064599134543
APO-LS,9,2078,600,0.0344064599134543
APO-LS,9,2078,700,0.0344064599134543
APO-LS,9,2078,800,0.023862053163692214
APO-LS,9,2078,900,0.023862053151896684
APO-LS,9,2078,1000,0.023862053151896684
APO-LS,9,2078,1100,0.023862053151896684
APO-LS,9,2078,1200,0.023862053151896684
APO-LS,9,2078,1300,0.01339613357537775
APO-LS,9,2078,1400,0.01339613357537775
APO-LS,9,2078,1500,0.01339613357537775
APO-LS,9,2078,1600,0.01339613357537775
APO-LS,9,2078,1700,0.01339613357537775
APO-LS,9,2078,1800,0.01339613357537775
APO-LS,9,2078,1900,0.01339613357537775
APO-LS,9,2078,2000,0.01339613357537775
APO-LS,9,2078,2100,0.01339613357537775
APO-LS,9,2078,2200,0.01339613357537775
APO-LS,9,2078,2300,0.01339613357537775
APO-LS,9,2078,2400,0.01339613357537775
APO-LS,9,2078,2500,0.01339613357537775
APO-LS,9,2078,2600,0.013214232848859888
APO-LS,9,2078,2700,0.013214232848859888
APO-LS,9,2078,2800,0.013214232848859888
APO-LS,9,2078,2900,0.013214232848859888
APO-LS,9,2078,3000,0.013214232848859888
APO-LS,9,2078,3100,0.013091130825724257
APO-LS,9,2078,3200,0.013091130825724257
APO-LS,9,2078,3300,0.013091130825724257
APO-LS,9,2078,3400,0.013091130825724257
APO-LS,9,2078,3500,0.013091130825724257
APO-LS,9,2078,3600,0.013091130825724257
APO-LS,9,2078,3700,0.013091130825724257
APO-LS,9,2078,3800,0.013091130825724257
APO-LS,9,2078,3900,0.013091130825724257
APO-LS,9,2078,4000,0.013091130825724257
APO-LS,9,2078,4100,0.013091130825724257
APO-LS,9,2078,4200,0.013091130825724257
APO-LS,9,2078,4300,0.013091130825724257
APO-LS,9,2078,4400,0.013091130825724257
APO-LS,9,2078,4500,0.013091130825724257
APO-LS,9,2078,4600,0.013091130825724257
APO-LS,9,2078,4700,0.013091130825724257
APO-LS,9,2078,4800,0.013091130825724257
APO-LS,9,2078,4900,0.013091130825724257
APO-LS,9,2078,5000,0.013091130825724257
APO-LS,9,2078,5100,0.013091130825724257
APO-LS,9,2078,5200,0.013091130825724257
APO-LS,9,2078,5300,0.01305677415700182
APO-LS,9,2078,5400,0.012998866785818968
APO-LS,9,2078,5500,0.012998866785818968
APO-LS,9,2078,5600,0.012998866785818968
APO-LS,9,2078,5700,0.012998866785818968
APO-LS,9,2078,5800,0.012998866785818968
APO-LS,9,2078,5900,0.012998866785818968
APO-LS,9,2078,6000,0.012997771638250678
APO-LS,9,2078,6100,0.012997771638250678
APO-LS,9,2078,6200,0.012997771638250678
APO-LS,9,2078,6300,0.012997771638250678
APO-LS,9,2078,6400,0.012997771638250678
APO-LS,9,2078,6500,0.012925353400799906
APO-LS,9,2078,6600,0.012925353400799906
APO-LS,9,2078,6700,0.012925353400799906
APO-LS,9,2078,6800,0.012925353400799906
APO-LS,9,2078,6900,0.012925353400799906
APO-LS,9,2078,7000,0.012925353400799906
APO-LS,9,2078,7100,0.012925353400799906
APO-LS,9,2078,7200,0.012925353400799906
APO-LS,9,2078,7300,0.012925353400799906
APO-LS,9,2078,7400,0.012923663445688136
APO-LS,9,2078,7500,0.012923663445688136
APO-LS,9,2078,7600,0.012923663445688136
APO-LS,9,2078,7700,0.012881243353738756
APO-LS,9,2078,7800,0.012877600564054181
APO-LS,9,2078,7900,0.012877600564054181
APO-LS,9,2078,8000,0.012877600564054181
APO-LS,9,2078,8100,0.012877600564054181
APO-LS,9,2078,8200,0.012877600564054181
APO-LS,9,2078,8300,0.012877600564054181
APO-LS,9,2078,8400,0.012877600564054181
APO-LS,9,2078,8500,0.012877600564054181
APO-LS,9,2078,8600,0.012877600564054181
APO-LS,9,2078,8700,0.012877600564054181
APO-LS,9,2078,8800,0.012863570477191357
APO-LS,9,2078,8900,0.012863570477191357
APO-LS,9,2078,9000,0.012863570477191357
APO-LS,9,2078,9100,0.012863570477191357
APO-LS,9,2078,9200,0.012848592724586699
APO-LS,9,2078,9300,0.012848592724586699
APO-LS,9,2078,9400,0.012848592724586699
APO-LS,9,2078,9500,0.012847816555078589
APO-LS,9,2078,9600,0.012846927819638362
APO-LS,9,2078,9700,0.012846927819638362
APO-LS,9,2078,9800,0.012846829160974089
APO-LS,9,2078,9900,0.012846829160974089
APO-LS,9,2078,10000,0.012846829160974089
APO-PSO,9,2078,100,617.3321378733887
APO-PSO,9,2078,200,617.3321378733887
APO-PSO,9,2078,300,0.0211383332199632
APO-PSO,9,2078,400,0.013400681827107451
APO-PSO,9,2078,500,0.013361300866060272
APO-PSO,9,2078,600,0.013361300866060272
APO-PSO,9,2078,700,0.013361300866060272
APO-PSO,9,2078,800,0.013361300866060272
APO-PSO,9,2078,900,0.013361300866060272
APO-PSO,9,2078,1000,0.013361300866060272
APO-PSO,9,2078,1100,0.013244483523139932
APO-PSO,9,2078,1200,0.013244483523139932
APO-PSO,9,2078,1300,0.013224926901982386
APO-PSO,9,2078,1400,0.013224926901982386
APO-PSO,9,2078,1500,0.013224926901982386
APO-PSO,9,2078,1600,0.013224926901982386
APO-PSO,9,2078,1700,0.013224926901982386
APO-PSO,9,2078,1800,0.013224926901982386
APO-PSO,9,2078,1900,0.013224926901982386
APO-PSO,9,2078,2000,0.013224926901982386
APO-PSO,9,2078,2100,0.013224926901982386
APO-PSO,9,2078,2200,0.013224926901982386
APO-PSO,9,2078,2300,0.013224926901982386
APO-PSO,9,2078,2400,0.013224926901982386
APO-PSO,9,2078,2500,0.013224926901982386
APO-PSO,9,2078,2600,0.013224926901982386
APO-PSO,9,2078,2700,0.013224926901982386
APO-PSO,9,2078,2800,0.013224926901982386
APO-PSO,9,2078,2900,0.013224926901982386
APO-PSO,9,2078,3000,0.01320460621966667
APO-PSO,9,2078,3100,0.01320460621966667
APO-PSO,9,2078,3200,0.01320460621966667
APO-PSO,9,2078,3300,0.01320460621966667
APO-PSO,9,2078,3400,0.01320460621966667
APO-PSO,9,2078,3500,0.01320460621966667
APO-PSO,9,2078,3600,0.01320460621966667
APO-PSO,9,2078,3700,0.01320460621966667
APO-PSO,9,2078,3800,0.01320460621966667
APO-PSO,9,2078,3900,0.01320460621966667
APO-PSO,9,2078,4000,0.01320460621966667
APO-PSO,9,2078,4100,0.013196848792019994
APO-PSO,9,2078,4200,0.013196848792019994
APO-PSO,9,2078,4300,0.013196848792019994
APO-PSO,9,2078,4400,0.01306841879312018
APO-PSO,9,2078,4500,0.01306841879312018
APO-PSO,9,2078,4600,0.01306841879312018
APO-PSO,9,2078,4700,0.01306841879312018
APO-PSO,9,2078,4800,0.01306841879312018
APO-PSO,9,2078,4900,0.01306841879312018
APO-PSO,9,2078,5000,0.01306841879312018
APO-PSO,9,2078,5100,0.01306841879312018
APO-PSO,9,2078,5200,0.01306841879312018
APO-PSO,9,2078,5300,0.01306841879312018
APO-PSO,9,2078,5400,0.01306841879312018
APO-PSO,9,2078,5500,0.01306841879312018
APO-PSO,9,2078,5600,0.01306841879312018
APO-PSO,9,2078,5700,0.013050319523366946
APO-PSO,9,2078,5800,0.013050319523366946
APO-PSO,9,2078,5900,0.013019533806206338
APO-PSO,9,2078,6000,0.012962395958949276
APO-PSO,9,2078,6100,0.012962395958949276
APO-PSO,9,2078,6200,0.012962395958949276
APO-PSO,9,2078,6300,0.012962395958949276
APO-PSO,9,2078,6400,0.012889555196360822
APO-PSO,9,2078,6500,0.01284600672812973
APO-PSO,9,2078,6600,0.01284600672812973
APO-PSO,9,2078,6700,0.012838548788051057
APO-PSO,9,2078,6800,0.012838548788051057
APO-PSO,9,2078,6900,0.012838548788051057
APO-PSO,9,2078,7000,0.012838548788051057
APO-PSO,9,2078,7100,0.012838548788051057
APO-PSO,9,2078,7200,0.012838548788051057
APO-PSO,9,2078,7300,0.012838548788051057
APO-PSO,9,2078,7400,0.012838548788051057
APO-PSO,9,2078,7500,0.012838548788051057
APO-PSO,9,2078,7600,0.012838548788051057
APO-PSO,9,2078,7700,0.012800209964104643
APO-PSO,9,2078,7800,0.012800209964104643
APO-PSO,9,2078,7900,0.012779273406163234
APO-PSO,9,2078,8000,0.012737731749026822
APO-PSO,9,2078,8100,0.012737731749026822
APO-PSO,9,2078,8200,0.012737731749026822
APO-PSO,9,2078,8300,0.012737731749026822
APO-PSO,9,2078,8400,0.012737731749026822
APO-PSO,9,2078,8500,0.012737731749026822
APO-PSO,9,2078,8600,0.012737731749026822
APO-PSO,9,2078,8700,0.012737731749026822
APO-PSO,9,2078,8800,0.012737731749026822
APO-PSO,9,2078,8900,0.012737731749026822
APO-PSO,9,2078,9000,0.012737731749026822
APO-PSO,9,2078,9100,0.012737731749026822
APO-PSO,9,2078,9200,0.012737731749026822
APO-PSO,9,2078,9300,0.012737731749026822
APO-PSO,9,2078,9400,0.012737731749026822
APO-PSO,9,2078,9500,0.01272762688635272
APO-PSO,9,2078,9600,0.01272762688635272
APO-PSO,9,2078,9700,0.01272762688635272
APO-PSO,9,2078,9800,0.01272762688635272
APO-PSO,9,2078,9900,0.01272762688635272
APO-PSO,9,2078,10000,0.01272762688635272
APO-wr-DE,9,2078,100,617.3321378733887
APO-wr-DE,9,2078,200,617.3321378733887
APO-wr-DE,9,2078,300,617.3321378733887
APO-wr-DE,9,2078,400,0.024908902705776666
APO-wr-DE,9,2078,500,0.024908902705776666
APO-wr-DE,9,2078,600,0.024908902705776666
APO-wr-DE,9,2078,700,0.024908902705776666
APO-wr-DE,9,2078,800,0.013414205248828494
APO-wr-DE,9,2078,900,0.013240975913979405
APO-wr-DE,9,2078,1000,0.013240975913979405
APO-wr-DE,9,2078,1100,0.013240975913979405
APO-wr-DE,9,2078,1200,0.013240975913979405
APO-wr-DE,9,2078,1300,0.013240975913979405
APO-wr-DE,9,2078,1400,0.013240975913979405
APO-wr-DE,9,2078,1500,0.013240975913979405
APO-wr-DE,9,2078,1600,0.013240975913979405
APO-wr-DE,9,2078,1700,0.013240975913979405
APO-wr-DE,9,2078,1800,0.013240975913979405
APO-wr-DE,9,2078,1900,0.013240975913979405
APO-wr-DE,9,2078,2000,0.013240975913979405
APO-wr-DE,9,2078,2100,0.013240975913979405
APO-wr-DE,9,2078,2200,0.013240975913979405
APO-wr-DE,9,2078,2300,0.013240975913979405
APO-wr-DE,9,2078,2400,0.013240975913979405
APO-wr-DE,9,2078,2500,0.013240975913979405
APO-wr-DE,9,2078,2600,0.013240975913979405
APO-wr-DE,9,2078,2700,0.013240975913979405
APO-wr-DE,9,2078,2800,0.013240975913979405
APO-wr-DE,9,2078,2900,0.013240975913979405
APO-wr-DE,9,2078,3000,0.013240975913979405
APO-wr-DE,9,2078,3100,0.013240975913979405
APO-wr-DE,9,2078,3200,0.013240975913979405
APO-wr-DE,9,2078,3300,0.013240975913979405
APO-wr-DE,9,2078,3400,0.013240975913979405
APO-wr-DE,9,2078,3500,0.013240975913979405
APO-wr-DE,9,2078,3600,0.013240975913979405
APO-wr-DE,9,2078,3700,0.013240975913979405
APO-wr-DE,9,2078,3800,0.013240975913979405
APO-wr-DE,9,2078,3900,0.013240975913979405
APO-wr-DE,9,2078,4000,0.013240975913979405
APO-wr-DE,9,2078,4100,0.013240975913979405
APO-wr-DE,9,2078,4200,0.013240975913979405
APO-wr-DE,9,2078,4300,0.013240975913979405
APO-wr-DE,9,2078,4400,0.013240975913979405
APO-wr-DE,9,2078,4500,0.013240975913979405
APO-wr-DE,9,2078,4600,0.013240975913979405
APO-wr-DE,9,2078,4700,0.013240975913979405
APO-wr-DE,9,2078,4800,0.013240975913979405
APO-wr-DE,9,2078,4900,0.013198641538599388
APO-wr-DE,9,2078,5000,0.013198641538599388
APO-wr-DE,9,2078,5100,0.013198641538599388
APO-wr-DE,9,2078,5200,0.012832672184508736
APO-wr-DE,9,2078,5300,0.012832672184508736
APO-wr-DE,9,2078,5400,0.012832672184508736
APO-wr-DE,9,2078,5500,0.012832672184508736
APO-wr-DE,9,2078,5600,0.012832672184508736
APO-wr-DE,9,2078,5700,0.012832672184508736
APO-wr-DE,9,2078,5800,0.012832672184508736
APO-wr-DE,9,2078,5900,0.012832672184508736
APO-wr-DE,9,2078,6000,0.012832672184508736
APO-wr-DE,9,2078,6100,0.012832672184508736
APO-wr-DE,9,2078,6200,0.012832672184508736
APO-wr-DE,9,2078,6300,0.012832672184508736
APO-wr-DE,9,2078,6400,0.012832672184508736
APO-wr-DE,9,2078,6500,0.012832672184508736
APO-wr-DE,9,2078,6600,0.012832672184508736
APO-wr-DE,9,2078,6700,0.012832672184508736
APO-wr-DE,9,2078,6800,0.012832672184508736
APO-wr-DE,9,2078,6900,0.012832672184508736
APO-wr-DE,9,2078,7000,0.012832672184508736
APO-wr-DE,9,2078,7100,0.012832672184508736
APO-wr-DE,9,2078,7200,0.012832672184508736
APO-wr-DE,9,2078,7300,0.012832672184508736
APO-wr-DE,9,2078,7400,0.012832672184508736
APO-wr-DE,9,2078,7500,0.012832316835138427
APO-wr-DE,9,2078,7600,0.012811172927809259
APO-wr-DE,9,2078,7700,0.012811172927809259
APO-wr-DE,9,2078,7800,0.012811172927809259
APO-wr-DE,9,2078,7900,0.012739905680605873
APO-wr-DE,9,2078,8000,0.012739905680605873
APO-wr-DE,9,2078,8100,0.012739905680605873
APO-wr-DE,9,2078,8200,0.012739905680605873
APO-wr-DE,9,2078,8300,0.012739905680605873
APO-wr-DE,9,2078,8400,0.012739905680605873
APO-wr-DE,9,2078,8500,0.012739905680605873
APO-wr-DE,9,2078,8600,0.012739905680605873
APO-wr-DE,9,2078,8700,0.012739905680605873
APO-wr-DE,9,2078,8800,0.012739905680605873
APO-wr-DE,9,2078,8900,0.012739905680605873
APO-wr-DE,9,2078,9000,0.012735278007839993
APO-wr-DE,9,2078,9100,0.012730885802256627
APO-wr-DE,9,2078,9200,0.012730885802256627
APO-wr-DE,9,2078,9300,0.012730885802256627
APO-wr-DE,9,2078,9400,0.012730885802256627
APO-wr-DE,9,2078,9500,0.012724966430721615
APO-wr-DE,9,2078,9600,0.012724966430721615
APO-wr-DE,9,2078,9700,0.012724966430721615
APO-wr-DE,9,2078,9800,0.012724966430721615
APO-wr-DE,9,2078,9900,0.012724966430721615
APO-wr-DE,9,2078,10000,0.012724478738917983
APO-wr-LS,9,2078,100,617.3321378733887
APO-wr-LS,9,2078,200,617.3321378733887
APO-wr-LS,9,2078,300,0.02473579247131127
APO-wr-LS,9,2078,400,0.02473579247131127
APO-wr-LS,9,2078,500,0.023666124939904925
APO-wr-LS,9,2078,600,0.023666124939904925
APO-wr-LS,9,2078,700,0.018320701264432766
APO-wr-LS,9,2078,800,0.018320701264432766
APO-wr-LS,9,2078,900,0.016130457548627762
APO-wr-LS,9,2078,1000,0.016130457548627762
APO-wr-LS,9,2078,1100,0.015558964744449504
APO-wr-LS,9,2078,1200,0.01549073734727456
APO-wr-LS,9,2078,1300,0.01549073734727456
APO-wr-LS,9,2078,1400,0.015402399022865032
APO-wr-LS,9,2078,1500,0.015402399022865032
APO-wr-LS,9,2078,1600,0.014909231192420123
APO-wr-LS,9,2078,1700,0.013307862724737886
APO-wr-LS,9,2078,1800,0.013307862724737886
APO-wr-LS,9,2078,1900,0.013307862724737886
APO-wr-LS,9,2078,2000,0.013307862724737886
APO-wr-LS,9,2078,2100,0.013307862724737886
APO-wr-LS,9,2078,2200,0.013307862724737886
APO-wr-LS,9,2078,2300,0.013307862724737886
APO-wr-LS,9,2078,2400,0.013307862724737886
APO-wr-LS,9,2078,2500,0.013307862724737886
APO-wr-LS,9,2078,2600,0.013307862724737886
APO-wr-LS,9,2078,2700,0.013307862724737886
APO-wr-LS,9,2078,2800,0.013263346467565513
APO-wr-LS,9,2078,2900,0.013263346467565513
APO-wr-LS,9,2078,3000,0.013263346467565513
APO-wr-LS,9,2078,3100,0.013263346467565513
APO-wr-LS,9,2078,3200,0.013263346467565513
APO-wr-LS,9,2078,3300,0.013263346467565513
APO-wr-LS,9,2078,3400,0.013263346467565513
APO-wr-LS,9,2078,3500,0.013263346467565513
APO-wr-LS,9,2078,3600,0.013263346467565513
APO-wr-LS,9,2078,3700,0.013263346467565513
APO-wr-LS,9,2078,3800,0.013263346467565513
APO-wr-LS,9,2078,3900,0.013263346467565513
APO-wr-LS,9,2078,4000,0.013263346467565513
APO-wr-LS,9,2078,4100,0.013263346467565513
APO-wr-LS,9,2078,4200,0.013263346467565513
APO-wr-LS,9,2078,4300,0.013263346467565513
APO-wr-LS,9,2078,4400,0.013263346467565513
APO-wr-LS,9,2078,4500,0.013263346467565513
APO-wr-LS,9,2078,4600,0.013217526080919728
APO-wr-LS,9,2078,4700,0.013217526080919728
APO-wr-LS,9,2078,4800,0.013217526080919728
APO-wr-LS,9,2078,4900,0.01315983802269593
APO-wr-LS,9,2078,5000,0.01301974480209243
APO-wr-LS,9,2078,5100,0.01301974480209243
APO-wr-LS,9,2078,5200,0.01301974480209243
APO-wr-LS,9,2078,5300,0.01301974480209243
APO-wr-LS,9,2078,5400,0.01301974480209243
APO-wr-LS,9,2078,5500,0.012987073800918328
APO-wr-LS,9,2078,5600,0.012987073800918328
APO-wr-LS,9,2078,5700,0.012987073800918328
APO-wr-LS,9,2078,5800,0.012987073800918328
APO-wr-LS,9,2078,5900,0.012987073800918328
APO-wr-LS,9,2078,6000,0.012987073800918328
APO-wr-LS,9,2078,6100,0.012987073800918328
APO-wr-LS,9,2078,6200,0.012987073800918328
APO-wr-LS,9,2078,6300,0.012987073800918328
APO-wr-LS,9,2078,6400,0.012987073800918328
APO-wr-LS,9,2078,6500,0.012987073800918328
APO-wr-LS,9,2078,6600,0.012987073800918328
APO-wr-LS,9,2078,6700,0.012987073800918328
APO-wr-LS,9,2078,6800,0.012987073800918328
APO-wr-LS,9,2078,6900,0.012975179640577324
APO-wr-LS,9,2078,7000,0.012942534306450584
APO-wr-LS,9,2078,7100,0.012942534306450584
APO-wr-LS,9,2078,7200,0.012942534306450584
APO-wr-LS,9,2078,7300,0.012942534306450584
APO-wr-LS,9,2078,7400,0.012942534306450584
APO-wr-LS,9,2078,7500,0.012942534306450584
APO-wr-LS,9,2078,7600,0.012942534306450584
APO-wr-LS,9,2078,7700,0.012942534306450584
APO-wr-LS,9,2078,7800,0.012942534306450584
APO-wr-LS,9,2078,7900,0.012942534306450584
APO-wr-LS,9,2078,8000,0.012942534306450584
APO-wr-LS,9,2078,8100,0.012942534306450584
APO-wr-LS,9,2078,8200,0.012942534306450584
APO-wr-LS,9,2078,8300,0.012942534306450584
APO-wr-LS,9,2078,8400,0.012942534306450584
APO-wr-LS,9,2078,8500,0.012942534306450584
APO-wr-LS,9,2078,8600,0.012913124154963804
APO-wr-LS,9,2078,8700,0.012913124154963804
APO-wr-LS,9,2078,8800,0.012903968310659247
APO-wr-LS,9,2078,8900,0.012903968310659247
APO-wr-LS,9,2078,9000,0.012903968310659247
APO-wr-LS,9,2078,9100,0.012903968310659247
APO-wr-LS,9,2078,9200,0.012903968310659247
APO-wr-LS,9,2078,9300,0.012903968310659247
APO-wr-LS,9,2078,9400,0.012902357233571728
APO-wr-LS,9,2078,9500,0.012902357233571728
APO-wr-LS,9,2078,9600,0.012902091092543639
APO-wr-LS,9,2078,9700,0.012902091092543639
APO-wr-LS,9,2078,9800,0.012901835371557056
APO-wr-LS,9,2078,9900,0.012901835371557056
APO-wr-LS,9,2078,10000,0.012901673093243818
APO-wr-PSO,9,2078,100,617.3321378733887
APO-wr-PSO,9,2078,200,617.3321378733887
APO-wr-PSO,9,2078,300,617.3321378733887
APO-wr-PSO,9,2078,400,617.3321378733887
APO-wr-PSO,9,2078,500,0.039482323330877346
APO-wr-PSO,9,2078,600,0.02539620638753328
APO-wr-PSO,9,2078,700,0.016423377970277264
APO-wr-PSO,9,2078,800,0.016423377970277264
APO-wr-PSO,9,2078,900,0.016423377970277264
APO-wr-PSO,9,2078,1000,0.016423377970277264
APO-wr-PSO,9,2078,1100,0.01611308317856383
APO-wr-PSO,9,2078,1200,0.01335124019858591
APO-wr-PSO,9,2078,1300,0.01335124019858591
APO-wr-PSO,9,2078,1400,0.01335124019858591
APO-wr-PSO,9,2078,1500,0.01335124019858591
APO-wr-PSO,9,2078,1600,0.01335124019858591
APO-wr-PSO,9,2078,1700,0.01335124019858591
APO-wr-PSO,9,2078,1800,0.01335124019858591
APO-wr-PSO,9,2078,1900,0.01335124019858591
APO-wr-PSO,9,2078,2000,0.01335124019858591
APO-wr-PSO,9,2078,2100,0.01335124019858591
APO-wr-PSO,9,2078,2200,0.01332670715731797
APO-wr-PSO,9,2078,2300,0.01332670715731797
APO-wr-PSO,9,2078,2400,0.01332670715731797
APO-wr-PSO,9,2078,2500,0.013289992956086936
APO-wr-PSO,9,2078,2600,0.013289992956086936
APO-wr-PSO,9,2078,2700,0.012964964816082067
APO-wr-PSO,9,2078,2800,0.012964964816082067
APO-wr-PSO,9,2078,2900,0.012964964816082067
APO-wr-PSO,9,2078,3000,0.012964964816082067
APO-wr-PSO,9,2078,3100,0.012964964816082067
APO-wr-PSO,9,2078,3200,0.012964964816082067
APO-wr-PSO,9,2078,3300,0.012964964816082067
APO-wr-PSO,9,2078,3400,0.012964964816082067
APO-wr-PSO,9,2078,3500,0.012964964816082067
APO-wr-PSO,9,2078,3600,0.012964964816082067
APO-wr-PSO,9,2078,3700,0.012964964816082067
APO-wr-PSO,9,2078,3800,0.012964964816082067
APO-wr-PSO,9,2078,3900,0.012964964816082067
APO-wr-PSO,9,2078,4000,0.012964964816082067
APO-wr-PSO,9,2078,4100,0.012964964816082067
APO-wr-PSO,9,2078,4200,0.012964964816082067
APO-wr-PSO,9,2078,4300,0.012964964816082067
APO-wr-PSO,9,2078,4400,0.012964964816082067
APO-wr-PSO,9,2078,4500,0.012964964816082067
APO-wr-PSO,9,2078,4600,0.012964964816082067
APO-wr-PSO,9,2078,4700,0.012964964816082067
APO-wr-PSO,9,2078,4800,0.012964964816082067
APO-wr-PSO,9,2078,4900,0.012964964816082067
APO-wr-PSO,9,2078,5000,0.012964964816082067
APO-wr-PSO,9,2078,5100,0.012964964816082067
APO-wr-PSO,9,2078,5200,0.012964964816082067
APO-wr-PSO,9,2078,5300,0.012964964816082067
APO-wr-PSO,9,2078,5400,0.012964964816082067
APO-wr-PSO,9,2078,5500,0.012964964816082067
APO-wr-PSO,9,2078,5600,0.012964964816082067
APO-wr-PSO,9,2078,5700,0.012964964816082067
APO-wr-PSO,9,2078,5800,0.012930872362745323
APO-wr-PSO,9,2078,5900,0.012930872362745323
APO-wr-PSO,9,2078,6000,0.012930872362745323
APO-wr-PSO,9,2078,6100,0.012930872362745323
APO-wr-PSO,9,2078,6200,0.012930872362745323
APO-wr-PSO,9,2078,6300,0.012930872362745323
APO-wr-PSO,9,2078,6400,0.012930872362745323
APO-wr-PSO,9,2078,6500,0.012930872362745323
APO-wr-PSO,9,2078,6600,0.012829321573410568
APO-wr-PSO,9,2078,6700,0.012829321573410568
APO-wr-PSO,9,2078,6800,0.012829321573410568
APO-wr-PSO,9,2078,6900,0.012829321573410568
APO-wr-PSO,9,2078,7000,0.012829321573410568
APO-wr-PSO,9,2078,7100,0.012829321573410568
APO-wr-PSO,9,2078,7200,0.012829321573410568
APO-wr-PSO,9,2078,7300,0.012829321573410568
APO-wr-PSO,9,2078,7400,0.012829321573410568
APO-wr-PSO,9,2078,7500,0.012829321573410568
APO-wr-PSO,9,2078,7600,0.012829321573410568
APO-wr-PSO,9,2078,7700,0.012795856149887949
APO-wr-PSO,9,2078,7800,0.012795856149887949
APO-wr-PSO,9,2078,7900,0.012795856149887949
APO-wr-PSO,9,2078,8000,0.012795856149887949
APO-wr-PSO,9,2078,8100,0.012795856149887949
APO-wr-PSO,9,2078,8200,0.012795856149887949
APO-wr-PSO,9,2078,8300,0.012795856149887949
APO-wr-PSO,9,2078,8400,0.012795856149887949
APO-wr-PSO,9,2078,8500,0.012795856149887949
APO-wr-PSO,9,2078,8600,0.012795856149887949
APO-wr-PSO,9,2078,8700,0.012795856149887949
APO-wr-PSO,9,2078,8800,0.012795856149887949
APO-wr-PSO,9,2078,8900,0.012795856149887949
APO-wr-PSO,9,2078,9000,0.012795856149887949
APO-wr-PSO,9,2078,9100,0.012795856149887949
APO-wr-PSO,9,2078,9200,0.012795856149887949
APO-wr-PSO,9,2078,9300,0.012795856149887949
APO-wr-PSO,9,2078,9400,0.012795856149887949
APO-wr-PSO,9,2078,9500,0.012795856149887949
APO-wr-PSO,9,2078,9600,0.012794638033713557
APO-wr-PSO,9,2078,9700,0.012794638033713557
APO-wr-PSO,9,2078,9800,0.012794638033713557
APO-wr-PSO,9,2078,9900,0.012794400539111591
APO-wr-PSO,9,2078,10000,0.012794400539111591
APO,10,2085,100,829.7381141632283
APO,10,2085,200,829.7381141632283
APO,10,2085,300,0.013241130953113698
APO,10,2085,400,0.013241130953113698
APO,10,2085,500,0.013241130953113698
APO,10,2085,600,0.013241130953113698
APO,10,2085,700,0.013241130953113698
APO,10,2085,800,0.013241130953113698
APO,10,2085,900,0.013241130953113698
APO,10,2085,1000,0.013126539814101772
APO,10,2085,1100,0.013126539814101772
APO,10,2085,1200,0.013126539814101772
APO,10,2085,1300,0.013126539814101772
APO,10,2085,1400,0.013126539814101772
APO,10,2085,1500,0.013126539814101772
APO,10,2085,1600,0.013126539814101772
APO,10,2085,1700,0.013126539814101772
APO,10,2085,1800,0.013126539814101772
APO,10,2085,1900,0.013126539814101772
APO,10,2085,2000,0.013126539814101772
APO,10,2085,2100,0.013126539814101772
APO,10,2085,2200,0.013126539814101772
APO,10,2085,2300,0.013126539814101772
APO,10,2085,2400,0.013126539814101772
APO,10,2085,2500,0.013126539814101772
APO,10,2085,2600,0.013126539814101772
APO,10,2085,2700,0.013126539814101772
APO,10,2085,2800,0.013126539814101772
APO,10,2085,2900,0.013126539814101772
APO,10,2085,3000,0.013126539814101772
APO,10,2085,3100,0.013126539814101772
APO,10,2085,3200,0.013126539814101772
APO,10,2085,3300,0.013126539814101772
APO,10,2085,3400,0.013126539814101772
APO,10,2085,3500,0.01296808015128537
APO,10,2085,3600,0.01296808015128537
APO,10,2085,3700,0.01296808015128537
APO,10,2085,3800,0.01296808015128537
APO,10,2085,3900,0.01296808015128537
APO,10,2085,4000,0.01296808015128537
APO,10,2085,4100,0.01296808015128537
APO,10,2085,4200,0.01296808015128537
APO,10,2085,4300,0.01296808015128537
APO,10,2085,4400,0.01296808015128537
APO,10,2085,4500,0.01296808015128537
APO,10,2085,4600,0.01296808015128537
APO,10,2085,4700,0.01296808015128537
APO,10,2085,4800,0.01296808015128537
APO,10,2085,4900,0.01296808015128537
APO,10,2085,5000,0.01296808015128537
APO,10,2085,5100,0.01290518365737495
APO,10,2085,5200,0.01290518365737495
APO,10,2085,5300,0.01290518365737495
APO,10,2085,5400,0.01290518365737495
APO,10,2085,5500,0.01290518365737495
APO,10,2085,5600,0.01290518365737495
APO,10,2085,5700,0.01290518365737495
APO,10,2085,5800,0.01290518365737495
APO,10,2085,5900,0.01290518365737495
APO,10,2085,6000,0.01290518365737495
APO,10,2085,6100,0.01290518365737495
APO,10,2085,6200,0.012839943029082522
APO,10,2085,6300,0.012839943029082522
APO,10,2085,6400,0.012839943029082522
APO,10,2085,6500,0.012839943029082522
APO,10,2085,6600,0.012839943029082522
APO,10,2085,6700,0.012839943029082522
APO,10,2085,6800,0.012839943029082522
APO,10,2085,6900,0.012839943029082522
APO,10,2085,7000,0.012839943029082522
APO,10,2085,7100,0.012812145892064962
APO,10,2085,7200,0.012812145892064962
APO,10,2085,7300,0.012812145892064962
APO,10,2085,7400,0.012794387591536775
APO,10,2085,7500,0.012794387591536775
APO,10,2085,7600,0.012794387591536775
APO,10,2085,7700,0.012794387591536775
APO,10,2085,7800,0.012789303567895972
APO,10,2085,7900,0.012789303567895972
APO,10,2085,8000,0.012775572242493512
APO,10,2085,8100,0.012775572242493512
APO,10,2085,8200,0.012775572242493512
APO,10,2085,8300,0.012775572242493512
APO,10,2085,8400,0.012775572242493512
APO,10,2085,8500,0.012775572242493512
APO,10,2085,8600,0.012775572242493512
APO,10,2085,8700,0.012775572242493512
APO,10,2085,8800,0.01271589360974316
APO,10,2085,8900,0.01271589360974316
APO,10,2085,9000,0.01271589360974316
APO,10,2085,9100,0.01271589360974316
APO,10,2085,9200,0.01271589360974316
APO,10,2085,9300,0.01271589360974316
APO,10,2085,9400,0.01271589360974316
APO,10,2085,9500,0.01271589360974316
APO,10,2085,9600,0.012710986909290232
APO,10,2085,9700,0.012710986909290232
APO,10,2085,9800,0.012710986909290232
APO,10,2085,9900,0.012710829721034938
APO,10,2085,10000,0.012710829721034938
APO-wr,10,2085,100,829.7381141632283
APO-wr,10,2085,200,829.7381141632283
APO-wr,10,2085,300,0.20891425791717594
APO-wr,10,2085,400,0.16583751079323006
APO-wr,10,2085,500,0.022315515562327394
APO-wr,10,2085,600,0.022315515562327394
APO-wr,10,2085,700,0.01323844668843637
APO-wr,10,2085,800,0.01323844668843637
APO-wr,10,2085,900,0.01323844668843637
APO-wr,10,2085,1000,0.01323844668843637
APO-wr,10,2085,1100,0.01323844668843637
APO-wr,10,2085,1200,0.01323844668843637
APO-wr,10,2085,1300,0.01323844668843637
APO-wr,10,2085,1400,0.01323844668843637
APO-wr,10,2085,1500,0.01323844668843637
APO-wr,10,2085,1600,0.01323844668843637
APO-wr,10,2085,1700,0.01323844668843637
APO-wr,10,2085,1800,0.01323844668843637
APO-wr,10,2085,1900,0.01323844668843637
APO-wr,10,2085,2000,0.01323844668843637
APO-wr,10,2085,2100,0.01323844668843637
APO-wr,10,2085,2200,0.01323844668843637
APO-wr,10,2085,2300,0.01323844668843637
APO-wr,10,2085,2400,0.01323844668843637
APO-wr,10,2085,2500,0.01323844668843637
APO-wr,10,2085,2600,0.01323844668843637
APO-wr,10,2085,2700,0.01323844668843637
APO-wr,10,2085,2800,0.01323844668843637
APO-wr,10,2085,2900,0.01323844668843637
APO-wr,10,2085,3000,0.01323844668843637
APO-wr,10,2085,3100,0.01323844668843637
APO-wr,10,2085,3200,0.01323844668843637
APO-wr,10,2085,3300,0.01323844668843637
APO-wr,10,2085,3400,0.01323844668843637
APO-wr,10,2085,3500,0.01323844668843637
APO-wr,10,2085,3600,0.01323844668843637
APO-wr,10,2085,3700,0.01323844668843637
APO-wr,10,2085,3800,0.01323844668843637
APO-wr,10,2085,3900,0.01323844668843637
APO-wr,10,2085,4000,0.01323844668843637
APO-wr,10,2085,4100,0.01323844668843637
APO-wr,10,2085,4200,0.01323844668843637
APO-wr,10,2085,4300,0.013205517492940555
APO-wr,10,2085,4400,0.013205517492940555
APO-wr,10,2085,4500,0.013205517492940555
APO-wr,10,2085,4600,0.013205517492940555
APO-wr,10,2085,4700,0.013205517492940555
APO-wr,10,2085,4800,0.013205517492940555
APO-wr,10,2085,4900,0.013205517492940555
APO-wr,10,2085,5000,0.013205517492940555
APO-wr,10,2085,5100,0.013205517492940555
APO-wr,10,2085,5200,0.013205517492940555
APO-wr,10,2085,5300,0.013205517492940555
APO-wr,10,2085,5400,0.013205517492940555
APO-wr,10,2085,5500,0.013205517492940555
APO-wr,10,2085,5600,0.013205517492940555
APO-wr,10,2085,5700,0.013205517492940555
APO-wr,10,2085,5800,0.012922011774339524
APO-wr,10,2085,5900,0.012922011774339524
APO-wr,10,2085,6000,0.012922011774339524
APO-wr,10,2085,6100,0.012922011774339524
APO-wr,10,2085,6200,0.012922011774339524
APO-wr,10,2085,6300,0.012922011774339524
APO-wr,10,2085,6400,0.012922011774339524
APO-wr,10,2085,6500,0.012922011774339524
APO-wr,10,2085,6600,0.012922011774339524
APO-wr,10,2085,6700,0.012922011774339524
APO-wr,10,2085,6800,0.012922011774339524
APO-wr,10,2085,6900,0.012922011774339524
APO-wr,10,2085,7000,0.012922011774339524
APO-wr,10,2085,7100,0.012850977316507006
APO-wr,10,2085,7200,0.012850977316507006
APO-wr,10,2085,7300,0.012850977316507006
APO-wr,10,2085,7400,0.012845990725082596
APO-wr,10,2085,7500,0.012845990725082596
APO-wr,10,2085,7600,0.012845990725082596
APO-wr,10,2085,7700,0.012845990725082596
APO-wr,10,2085,7800,0.012838140960316236
APO-wr,10,2085,7900,0.012838140960316236
APO-wr,10,2085,8000,0.01281631932191205
APO-wr,10,2085,8100,0.01281631932191205
APO-wr,10,2085,8200,0.01281631932191205
APO-wr,10,2085,8300,0.01281631932191205
APO-wr,10,2085,8400,0.01281631932191205
APO-wr,10,2085,8500,0.012793920365155715
APO-wr,10,2085,8600,0.012793920365155715
APO-wr,10,2085,8700,0.012793920365155715
APO-wr,10,2085,8800,0.012793920365155715
APO-wr,10,2085,8900,0.012793920365155715
APO-wr,10,2085,9000,0.012792911054149734
APO-wr,10,2085,9100,0.012792911054149734
APO-wr,10,2085,9200,0.012792911054149734
APO-wr,10,2085,9300,0.012792911054149734
APO-wr,10,2085,9400,0.012792911054149734
APO-wr,10,2085,9500,0.012792911054149734
APO-wr,10,2085,9600,0.012788628446000028
APO-wr,10,2085,9700,0.012788628446000028
APO-wr,10,2085,9800,0.012788628446000028
APO-wr,10,2085,9900,0.012788514912427629
APO-wr,10,2085,10000,0.012788514912427629
APO-DE,10,2085,100,829.7381141632283
APO-DE,10,2085,200,829.7381141632283
APO-DE,10,2085,300,829.7381141632283
APO-DE,10,2085,400,0.04948384020281735
APO-DE,10,2085,500,0.04948384020281735
APO-DE,10,2085,600,0.04948384020281735
APO-DE,10,2085,700,0.013319871132911958
APO-DE,10,2085,800,0.013319871132911958
APO-DE,10,2085,900,0.013319871132911958
APO-DE,10,2085,1000,0.013319871132911958
APO-DE,10,2085,1100,0.013319871132911958
APO-DE,10,2085,1200,0.013115404160388373
APO-DE,10,2085,1300,0.013115404160388373
APO-DE,10,2085,1400,0.013115404160388373
APO-DE,10,2085,1500,0.013002160044559778
APO-DE,10,2085,1600,0.013002160044559778
APO-DE,10,2085,1700,0.013002160044559778
APO-DE,10,2085,1800,0.013002160044559778
APO-DE,10,2085,1900,0.013002160044559778
APO-DE,10,2085,2000,0.013002160044559778
APO-DE,10,2085,2100,0.013002160044559778
APO-DE,10,2085,2200,0.013002160044559778
APO-DE,10,2085,2300,0.013002160044559778
APO-DE,10,2085,2400,0.013002160044559778
APO-DE,10,2085,2500,0.013002160044559778
APO-DE,10,2085,2600,0.013002160044559778
APO-DE,10,2085,2700,0.013002160044559778
APO-DE,10,2085,2800,0.013002160044559778
APO-DE,10,2085,2900,0.013002160044559778
APO-DE,10,2085,3000,0.013002160044559778
APO-DE,10,2085,3100,0.013002160044559778
APO-DE,10,2085,3200,0.013002160044559778
APO-DE,10,2085,3300,0.013002160044559778
APO-DE,10,2085,3400,0.013002160044559778
APO-DE,10,2085,3500,0.013002160044559778
APO-DE,10,2085,3600,0.013002160044559778
APO-DE,10,2085,3700,0.013002160044559778
APO-DE,10,2085,3800,0.013002160044559778
APO-DE,10,2085,3900,0.013002160044559778
APO-DE,10,2085,4000,0.01289040154631733
APO-DE,10,2085,4100,0.01289040154631733
APO-DE,10,2085,4200,0.01289040154631733
APO-DE,10,2085,4300,0.01289040154631733
APO-DE,10,2085,4400,0.01289040154631733
APO-DE,10,2085,4500,0.01289040154631733
APO-DE,10,2085,4600,0.01289040154631733
APO-DE,10,2085,4700,0.01289040154631733
APO-DE,10,2085,4800,0.01289040154631733
APO-DE,10,2085,4900,0.01289040154631733
APO-DE,10,2085,5000,0.01289040154631733
APO-DE,10,2085,5100,0.01289040154631733
APO-DE,10,2085,5200,0.01289040154631733
APO-DE,10,2085,5300,0.012840285166250121
APO-DE,10,2085,5400,0.01282567525896268
APO-DE,10,2085,5500,0.01282567525896268
APO-DE,10,2085,5600,0.01282567525896268
APO-DE,10,2085,5700,0.01282567525896268
APO-DE,10,2085,5800,0.01282567525896268
APO-DE,10,2085,5900,0.012797847433230845
APO-DE,10,2085,6000,0.012797847433230845
APO-DE,10,2085,6100,0.012797847433230845
APO-DE,10,2085,6200,0.012797847433230845
APO-DE,10,2085,6300,0.012797847433230845
APO-DE,10,2085,6400,0.012797847433230845
APO-DE,10,2085,6500,0.012781643298523535
APO-DE,10,2085,6600,0.012781643298523535
APO-DE,10,2085,6700,0.012781643298523535
APO-DE,10,2085,6800,0.012781643298523535
APO-DE,10,2085,6900,0.012781643298523535
APO-DE,10,2085,7000,0.012781643298523535
APO-DE,10,2085,7100,0.012781643298523535
APO-DE,10,2085,7200,0.012781643298523535
APO-DE,10,2085,7300,0.012733084762654381
APO-DE,10,2085,7400,0.012699497600787221
APO-DE,10,2085,7500,0.012699497600787221
APO-DE,10,2085,7600,0.012699497600787221
APO-DE,10,2085,7700,0.01269388572801692
APO-DE,10,2085,7800,0.01269388572801692
APO-DE,10,2085,7900,0.01269388572801692
APO-DE,10,2085,8000,0.01269388572801692
APO-DE,10,2085,8100,0.01269388572801692
APO-DE,10,2085,8200,0.012692146201114448
APO-DE,10,2085,8300,0.012692146201114448
APO-DE,10,2085,8400,0.012692146201114448
APO-DE,10,2085,8500,0.012692146201114448
APO-DE,10,2085,8600,0.012692146201114448
APO-DE,10,2085,8700,0.012692146201114448
APO-DE,10,2085,8800,0.012692146201114448
APO-DE,10,2085,8900,0.012692146201114448
APO-DE,10,2085,9000,0.012691208579222901
APO-DE,10,2085,9100,0.012691208579222901
APO-DE,10,2085,9200,0.012691208579222901
APO-DE,10,2085,9300,0.012691208579222901
APO-DE,10,2085,9400,0.012691208579222901
APO-DE,10,2085,9500,0.012691208579222901
APO-DE,10,2085,9600,0.012691208579222901
APO-DE,10,2085,9700,0.012690704098786573
APO-DE,10,2085,9800,0.012690704098786573
APO-DE,10,2085,9900,0.012690704098786573
APO-DE,10,2085,10000,0.012690704098786573
APO-LS,10,2085,100,829.7381141632283
APO-LS,10,2085,200,829.7381141632283
APO-LS,10,2085,300,0.057773592266161015
APO-LS,10,2085,400,0.03681952715281029
APO-LS,10,2085,500,0.03681952715281029
APO-LS,10,2085,600,0.03433505499304927
APO-LS,10,2085,700,0.019272616779771365
APO-LS,10,2085,800,0.01829965266632668
APO-LS,10,2085,900,0.01336442963858226
APO-LS,10,2085,1000,0.01336442963858226
APO-LS,10,2085,1100,0.01336442963858226
APO-LS,10,2085,1200,0.01336442963858226
APO-LS,10,2085,1300,0.013057928821315
APO-LS,10,2085,1400,0.013057928821315
APO-LS,10,2085,1500,0.013057928821315
APO-LS,10,2085,1600,0.013057928821315
APO-LS,10,2085,1700,0.013057928821315
APO-LS,10,2085,1800,0.013057928821315
APO-LS,10,2085,1900,0.013004319160721055
APO-LS,10,2085,2000,0.013004319160721055
APO-LS,10,2085,2100,0.013004319160721055
APO-LS,10,2085,2200,0.013004319160721055
APO-LS,10,2085,2300,0.013004319160721055
APO-LS,10,2085,2400,0.013004319160721055
APO-LS,10,2085,2500,0.013004319160721055
APO-LS,10,2085,2600,0.012987177785847107
APO-LS,10,2085,2700,0.012987177785847107
APO-LS,10,2085,2800,0.012987177785847107
APO-LS,10,2085,2900,0.012987177785847107
APO-LS,10,2085,3000,0.012987177785847107
APO-LS,10,2085,3100,0.012987177785847107
APO-LS,10,2085,3200,0.012987177785847107
APO-LS,10,2085,3300,0.012987177785847107
APO-LS,10,2085,3400,0.012987177785847107
APO-LS,10,2085,3500,0.012987177785847107
APO-LS,10,2085,3600,0.012987177785847107
APO-LS,10,2085,3700,0.01272092061728944
APO-LS,10,2085,3800,0.01272092061728944
APO-LS,10,2085,3900,0.01272092061728944
APO-LS,10,2085,4000,0.01272092061728944
APO-LS,10,2085,4100,0.01272092061728944
APO-LS,10,2085,4200,0.01272092061728944
APO-LS,10,2085,4300,0.01272092061728944
APO-LS,10,2085,4400,0.01272092061728944
APO-LS,10,2085,4500,0.01272092061728944
APO-LS,10,2085,4600,0.01272092061728944
APO-LS,10,2085,4700,0.01272092061728944
APO-LS,10,2085,4800,0.01272092061728944
APO-LS,10,2085,4900,0.01272092061728944
APO-LS,10,2085,5000,0.01272092061728944
APO-LS,10,2085,5100,0.01272092061728944
APO-LS,10,2085,5200,0.01272092061728944
APO-LS,10,2085,5300,0.01272092061728944
APO-LS,10,2085,5400,0.01272092061728944
APO-LS,10,2085,5500,0.01272092061728944
APO-LS,10,2085,5600,0.01272092061728944
APO-LS,10,2085,5700,0.01272092061728944
APO-LS,10,2085,5800,0.01272092061728944
APO-LS,10,2085,5900,0.01272092061728944
APO-LS,10,2085,6000,0.01272092061728944
APO-LS,10,2085,6100,0.01272092061728944
APO-LS,10,2085,6200,0.01272092061728944
APO-LS,10,2085,6300,0.01272092061728944
APO-LS,10,2085,6400,0.01272092061728944
APO-LS,10,2085,6500,0.01272092061728944
APO-LS,10,2085,6600,0.01272092061728944
APO-LS,10,2085,6700,0.01272092061728944
APO-LS,10,2085,6800,0.01272092061728944
APO-LS,10,2085,6900,0.01272092061728944
APO-LS,10,2085,7000,0.01272092061728944
APO-LS,10,2085,7100,0.01272092061728944
APO-LS,10,2085,7200,0.01272092061728944
APO-LS,10,2085,7300,0.01272092061728944
APO-LS,10,2085,7400,0.01272092061728944
APO-LS,10,2085,7500,0.01272092061728944
APO-LS,10,2085,7600,0.01272092061728944
APO-LS,10,2085,7700,0.01272092061728944
APO-LS,10,2085,7800,0.01272092061728944
APO-LS,10,2085,7900,0.01272092061728944
APO-LS,10,2085,8000,0.01272092061728944
APO-LS,10,2085,8100,0.01272092061728944
APO-LS,10,2085,8200,0.012670282318370125
APO-LS,10,2085,8300,0.012670282318370125
APO-LS,10,2085,8400,0.012670282318370125
APO-LS,10,2085,8500,0.012670282318370125
APO-LS,10,2085,8600,0.012670282318370125
APO-LS,10,2085,8700,0.012670282318370125
APO-LS,10,2085,8800,0.012670282318370125
APO-LS,10,2085,8900,0.012670282318370125
APO-LS,10,2085,9000,0.012670282318370125
APO-LS,10,2085,9100,0.012670282318370125
APO-LS,10,2085,9200,0.012670282318370125
APO-LS,10,2085,9300,0.012670282318370125
APO-LS,10,2085,9400,0.012670282318370125
APO-LS,10,2085,9500,0.012670282318370125
APO-LS,10,2085,9600,0.012670282318370125
APO-LS,10,2085,9700,0.012670282318370125
APO-LS,10,2085,9800,0.012670282318370125
APO-LS,10,2085,9900,0.012670087126205735
APO-LS,10,2085,10000,0.012670087126205735
APO-PSO,10,2085,100,829.7381141632283
APO-PSO,10,2085,200,829.7381141632283
APO-PSO,10,2085,300,0.026070419764451146
APO-PSO,10,2085,400,0.024317113326128
APO-PSO,10,2085,500,0.024317113326128
APO-PSO,10,2085,600,0.014958760341627969
APO-PSO,10,2085,700,0.014958760341627969
APO-PSO,10,2085,800,0.013964778953994374
APO-PSO,10,2085,900,0.013964778953994374
APO-PSO,10,2085,1000,0.013964778953994374
APO-PSO,10,2085,1100,0.013964778953994374
APO-PSO,10,2085,1200,0.013964778953994374
APO-PSO,10,2085,1300,0.013964778953994374
APO-PSO,10,2085,1400,0.013964778953994374
APO-PSO,10,2085,1500,0.013964778953994374
APO-PSO,10,2085,1600,0.013964778953994374
APO-PSO,10,2085,1700,0.013964778953994374
APO-PSO,10,2085,1800,0.013964778953994374
APO-PSO,10,2085,1900,0.013964778953994374
APO-PSO,10,2085,2000,0.013450374370616329
APO-PSO,10,2085,2100,0.013450374370616329
APO-PSO,10,2085,2200,0.013450374370616329
APO-PSO,10,2085,2300,0.013450374370616329
APO-PSO,10,2085,2400,0.013450374370616329
APO-PSO,10,2085,2500,0.013450374370616329
APO-PSO,10,2085,2600,0.013450374370616329
APO-PSO,10,2085,2700,0.013450374370616329
APO-PSO,10,2085,2800,0.013450374370616329
APO-PSO,10,2085,2900,0.013450374370616329
APO-PSO,10,2085,3000,0.013450374370616329
APO-PSO,10,2085,3100,0.013450374370616329
APO-PSO,10,2085,3200,0.013450374370616329
APO-PSO,10,2085,3300,0.013450374370616329
APO-PSO,10,2085,3400,0.013450374370616329
APO-PSO,10,2085,3500,0.013356339753838988
APO-PSO,10,2085,3600,0.013356339753838988
APO-PSO,10,2085,3700,0.013356339753838988
APO-PSO,10,2085,3800,0.013356339753838988
APO-PSO,10,2085,3900,0.013356339753838988
APO-PSO,10,2085,4000,0.013356339753838988
APO-PSO,10,2085,4100,0.013356339753838988
APO-PSO,10,2085,4200,0.013232421634143454
APO-PSO,10,2085,4300,0.013232421634143454
APO-PSO,10,2085,4400,0.013232421634143454
APO-PSO,10,2085,4500,0.013232421634143454
APO-PSO,10,2085,4600,0.013232421634143454
APO-PSO,10,2085,4700,0.013232421634143454
APO-PSO,10,2085,4800,0.013232421634143454
APO-PSO,10,2085,4900,0.013232421634143454
APO-PSO,10,2085,5000,0.013232421634143454
APO-PSO,10,2085,5100,0.013136599701059034
APO-PSO,10,2085,5200,0.013136599701059034
APO-PSO,10,2085,5300,0.013136599701059034
APO-PSO,10,2085,5400,0.013136599701059034
APO-PSO,10,2085,5500,0.013136599701059034
APO-PSO,10,2085,5600,0.013136599701059034
APO-PSO,10,2085,5700,0.013135988748054347
APO-PSO,10,2085,5800,0.01300129142511651
APO-PSO,10,2085,5900,0.012918180943920478
APO-PSO,10,2085,6000,0.012820771146266553
APO-PSO,10,2085,6100,0.012820771146266553
APO-PSO,10,2085,6200,0.012820771146266553
APO-PSO,10,2085,6300,0.012820771146266553
APO-PSO,10,2085,6400,0.012820771146266553
APO-PSO,10,2085,6500,0.012820771146266553
APO-PSO,10,2085,6600,0.012820771146266553
APO-PSO,10,2085,6700,0.012820771146266553
APO-PSO,10,2085,6800,0.012820771146266553
APO-PSO,10,2085,6900,0.012820771146266553
APO-PSO,10,2085,7000,0.012820771146266553
APO-PSO,10,2085,7100,0.012820771146266553
APO-PSO,10,2085,7200,0.012820771146266553
APO-PSO,10,2085,7300,0.012820771146266553
APO-PSO,10,2085,7400,0.012820771146266553
APO-PSO,10,2085,7500,0.012816436274996661
APO-PSO,10,2085,7600,0.012816436274996661
APO-PSO,10,2085,7700,0.012816436274996661
APO-PSO,10,2085,7800,0.012816436274996661
APO-PSO,10,2085,7900,0.012816436274996661
APO-PSO,10,2085,8000,0.012816436274996661
APO-PSO,10,2085,8100,0.012816436274996661
APO-PSO,10,2085,8200,0.012816436274996661
APO-PSO,10,2085,8300,0.012816436274996661
APO-PSO,10,2085,8400,0.012816436274996661
APO-PSO,10,2085,8500,0.012816436274996661
APO-PSO,10,2085,8600,0.012816436274996661
APO-PSO,10,2085,8700,0.012786172162175043
APO-PSO,10,2085,8800,0.012786172162175043
APO-PSO,10,2085,8900,0.012786172162175043
APO-PSO,10,2085,9000,0.012786172162175043
APO-PSO,10,2085,9100,0.012786172162175043
APO-PSO,10,2085,9200,0.012782176399326878
APO-PSO,10,2085,9300,0.012782176399326878
APO-PSO,10,2085,9400,0.012782176399326878
APO-PSO,10,2085,9500,0.012782176399326878
APO-PSO,10,2085,9600,0.012782121055018658
APO-PSO,10,2085,9700,0.012778786580542585
APO-PSO,10,2085,9800,0.01274346099049282
APO-PSO,10,2085,9900,0.012743376063341014
APO-PSO,10,2085,10000,0.012743365056402277
APO-wr-DE,10,2085,100,829.7381141632283
APO-wr-DE,10,2085,200,829.7381141632283
APO-wr-DE,10,2085,300,0.04420852356389413
APO-wr-DE,10,2085,400,0.04420852356389413
APO-wr-DE,10,2085,500,0.04420852356389413
APO-wr-DE,10,2085,600,0.04420852356389413
APO-wr-DE,10,2085,700,0.01984791916783948
APO-wr-DE,10,2085,800,0.01984791916783948
APO-wr-DE,10,2085,900,0.01707607803032434
APO-wr-DE,10,2085,1000,0.01623626194637478
APO-wr-DE,10,2085,1100,0.01623626194637478
APO-wr-DE,10,2085,1200,0.01623626194637478
APO-wr-DE,10,2085,1300,0.01516479756593713
APO-wr-DE,10,2085,1400,0.01516479756593713
APO-wr-DE,10,2085,1500,0.01516479756593713
APO-wr-DE,10,2085,1600,0.01516479756593713
APO-wr-DE,10,2085,1700,0.01516479756593713
APO-wr-DE,10,2085,1800,0.01516479756593713
APO-wr-DE,10,2085,1900,0.01516479756593713
APO-wr-DE,10,2085,2000,0.015148238731878103
APO-wr-DE,10,2085,2100,0.015148238731878103
APO-wr-DE,10,2085,2200,0.015148238731878103
APO-wr-DE,10,2085,2300,0.012738075230233197
APO-wr-DE,10,2085,2400,0.012738075230233197
APO-wr-DE,10,2085,2500,0.012737369265477317
APO-wr-DE,10,2085,2600,0.012737369265477317
APO-wr-DE,10,2085,2700,0.012737369265477317
APO-wr-DE,10,2085,2800,0.012737369265477317
APO-wr-DE,10,2085,2900,0.012737369265477317
APO-wr-DE,10,2085,3000,0.012737369265477317
APO-wr-DE,10,2085,3100,0.012737369265477317
APO-wr-DE,10,2085,3200,0.012737369265477317
APO-wr-DE,10,2085,3300,0.012737369265477317
APO-wr-DE,10,2085,3400,0.012737369265477317
APO-wr-DE,10,2085,3500,0.012737369265477317
APO-wr-DE,10,2085,3600,0.012737369265477317
APO-wr-DE,10,2085,3700,0.012737369265477317
APO-wr-DE,10,2085,3800,0.012737369265477317
APO-wr-DE,10,2085,3900,0.012737369265477317
APO-wr-DE,10,2085,4000,0.012737369265477317
APO-wr-DE,10,2085,4100,0.012737369265477317
APO-wr-DE,10,2085,4200,0.012737369265477317
APO-wr-DE,10,2085,4300,0.012737369265477317
APO-wr-DE,10,2085,4400,0.012737369265477317
APO-wr-DE,10,2085,4500,0.012737369265477317
APO-wr-DE,10,2085,4600,0.012737369265477317
APO-wr-DE,10,2085,4700,0.012737369265477317
APO-wr-DE,10,2085,4800,0.012737369265477317
APO-wr-DE,10,2085,4900,0.012737369265477317
APO-wr-DE,10,2085,5000,0.012737369265477317
APO-wr-DE,10,2085,5100,0.012737369265477317
APO-wr-DE,10,2085,5200,0.012737369265477317
APO-wr-DE,10,2085,5300,0.012737369265477317
APO-wr-DE,10,2085,5400,0.012737369265477317
APO-wr-DE,10,2085,5500,0.012737369265477317
APO-wr-DE,10,2085,5600,0.012737369265477317
APO-wr-DE,10,2085,5700,0.012737369265477317
APO-wr-DE,10,2085,5800,0.012737369265477317
APO-wr-DE,10,2085,5900,0.012737369265477317
APO-wr-DE,10,2085,6000,0.012737369265477317
APO-wr-DE,10,2085,6100,0.012737369265477317
APO-wr-DE,10,2085,6200,0.012737369265477317
APO-wr-DE,10,2085,6300,0.012737369265477317
APO-wr-DE,10,2085,6400,0.012690348786059149
APO-wr-DE,10,2085,6500,0.012690348786059149
APO-wr-DE,10,2085,6600,0.012690348786059149
APO-wr-DE,10,2085,6700,0.012690348786059149
APO-wr-DE,10,2085,6800,0.012690348786059149
APO-wr-DE,10,2085,6900,0.012690348786059149
APO-wr-DE,10,2085,7000,0.012690348786059149
APO-wr-DE,10,2085,7100,0.012690348786059149
APO-wr-DE,10,2085,7200,0.012690348786059149
APO-wr-DE,10,2085,7300,0.012690348786059149
APO-wr-DE,10,2085,7400,0.012690348786059149
APO-wr-DE,10,2085,7500,0.012690348786059149
APO-wr-DE,10,2085,7600,0.012690348786059149
APO-wr-DE,10,2085,7700,0.012690348786059149
APO-wr-DE,10,2085,7800,0.012690348786059149
APO-wr-DE,10,2085,7900,0.012690348786059149
APO-wr-DE,10,2085,8000,0.012690348786059149
APO-wr-DE,10,2085,8100,0.012690348786059149
APO-wr-DE,10,2085,8200,0.012688971903674835
APO-wr-DE,10,2085,8300,0.012688971903674835
APO-wr-DE,10,2085,8400,0.012688971903674835
APO-wr-DE,10,2085,8500,0.012688971903674835
APO-wr-DE,10,2085,8600,0.012688971903674835
APO-wr-DE,10,2085,8700,0.012688971903674835
APO-wr-DE,10,2085,8800,0.012688971903674835
APO-wr-DE,10,2085,8900,0.012688971903674835
APO-wr-DE,10,2085,9000,0.012688971903674835
APO-wr-DE,10,2085,9100,0.012688971903674835
APO-wr-DE,10,2085,9200,0.012688971903674835
APO-wr-DE,10,2085,9300,0.012685536852180877
APO-wr-DE,10,2085,9400,0.012685536852180877
APO-wr-DE,10,2085,9500,0.012685536852180877
APO-wr-DE,10,2085,9600,0.012681544532414832
APO-wr-DE,10,2085,9700,0.012681544532414832
APO-wr-DE,10,2085,9800,0.012681544532414832
APO-wr-DE,10,2085,9900,0.012681544532414832
APO-wr-DE,10,2085,10000,0.01268147388194185
APO-wr-LS,10,2085,100,829.7381141632283
APO-wr-LS,10,2085,200,829.7381141632283
APO-wr-LS,10,2085,300,0.057773592266161015
APO-wr-LS,10,2085,400,0.03681952715281029
APO-wr-LS,10,2085,500,0.03681952715281029
APO-wr-LS,10,2085,600,0.03068113436787683
APO-wr-LS,10,2085,700,0.024892391481330937
APO-wr-LS,10,2085,800,0.013201885880566516
APO-wr-LS,10,2085,900,0.012871553676089685
APO-wr-LS,10,2085,1000,0.012871553676089685
APO-wr-LS,10,2085,1100,0.012871553676089685
APO-wr-LS,10,2085,1200,0.012871553676089685
APO-wr-LS,10,2085,1300,0.012871553676089685
APO-wr-LS,10,2085,1400,0.012871553676089685
APO-wr-LS,10,2085,1500,0.012871553676089685
APO-wr-LS,10,2085,1600,0.012871553676089685
APO-wr-LS,10,2085,1700,0.012871553676089685
APO-wr-LS,10,2085,1800,0.012871553676089685
APO-wr-LS,10,2085,1900,0.012871553676089685
APO-wr-LS,10,2085,2000,0.012871553676089685
APO-wr-LS,10,2085,2100,0.012871553676089685
APO-wr-LS,10,2085,2200,0.012871553676089685
APO-wr-LS,10,2085,2300,0.012871553676089685
APO-wr-LS,10,2085,2400,0.012871553676089685
APO-wr-LS,10,2085,2500,0.012871553676089685
APO-wr-LS,10,2085,2600,0.012871553676089685
APO-wr-LS,10,2085,2700,0.012871553676089685
APO-wr-LS,10,2085,2800,0.012871553676089685
APO-wr-LS,10,2085,2900,0.012852372727524212
APO-wr-LS,10,2085,3000,0.012852372727524212
APO-wr-LS,10,2085,3100,0.012852372727524212
APO-wr-LS,10,2085,3200,0.012852372727524212
APO-wr-LS,10,2085,3300,0.012852372727524212
APO-wr-LS,10,2085,3400,0.012852372727524212
APO-wr-LS,10,2085,3500,0.012852372727524212
APO-wr-LS,10,2085,3600,0.01284656690462111
APO-wr-LS,10,2085,3700,0.01284656690462111
APO-wr-LS,10,2085,3800,0.01284656690462111
APO-wr-LS,10,2085,3900,0.01284656690462111
APO-wr-LS,10,2085,4000,0.01284656690462111
APO-wr-LS,10,2085,4100,0.01284656690462111
APO-wr-LS,10,2085,4200,0.01284656690462111
APO-wr-LS,10,2085,4300,0.01284656690462111
APO-wr-LS,10,2085,4400,0.01284656690462111
APO-wr-LS,10,2085,4500,0.01284656690462111
APO-wr-LS,10,2085,4600,0.01284656690462111
APO-wr-LS,10,2085,4700,0.01284656690462111
APO-wr-LS,10,2085,4800,0.012783421389012062
APO-wr-LS,10,2085,4900,0.012783421389012062
APO-wr-LS,10,2085,5000,0.012783421389012062
APO-wr-LS,10,2085,5100,0.012783421389012062
APO-wr-LS,10,2085,5200,0.012783421389012062
APO-wr-LS,10,2085,5300,0.012783421389012062
APO-wr-LS,10,2085,5400,0.012783421389012062
APO-wr-LS,10,2085,5500,0.012783421389012062
APO-wr-LS,10,2085,5600,0.012783421389012062
APO-wr-LS,10,2085,5700,0.012783421389012062
APO-wr-LS,10,2085,5800,0.012783421389012062
APO-wr-LS,10,2085,5900,0.012783421389012062
APO-wr-LS,10,2085,6000,0.012783421389012062
APO-wr-LS,10,2085,6100,0.012783421389012062
APO-wr-LS,10,2085,6200,0.012783421389012062
APO-wr-LS,10,2085,6300,0.012783421389012062
APO-wr-LS,10,2085,6400,0.012783421389012062
APO-wr-LS,10,2085,6500,0.012783421389012062
APO-wr-LS,10,2085,6600,0.012783421389012062
APO-wr-LS,10,2085,6700,0.012783421389012062
APO-wr-LS,10,2085,6800,0.012783421389012062
APO-wr-LS,10,2085,6900,0.012783421389012062
APO-wr-LS,10,2085,7000,0.012764424772857722
APO-wr-LS,10,2085,7100,0.012764424772857722
APO-wr-LS,10,2085,7200,0.012764424772857722
APO-wr-LS,10,2085,7300,0.012760996381398349
APO-wr-LS,10,2085,7400,0.012760996381398349
APO-wr-LS,10,2085,7500,0.012760996381398349
APO-wr-LS,10,2085,7600,0.012760996381398349
APO-wr-LS,10,2085,7700,0.012760996381398349
APO-wr-LS,10,2085,7800,0.012760996381398349
APO-wr-LS,10,2085,7900,0.012760996381398349
APO-wr-LS,10,2085,8000,0.012760996381398349
APO-wr-LS,10,2085,8100,0.012760996381398349
APO-wr-LS,10,2085,8200,0.012760996381398349
APO-wr-LS,10,2085,8300,0.012760996381398349
APO-wr-LS,10,2085,8400,0.012760996381398349
APO-wr-LS,10,2085,8500,0.012760996381398349
APO-wr-LS,10,2085,8600,0.012760996381398349
APO-wr-LS,10,2085,8700,0.012742491721819623
APO-wr-LS,10,2085,8800,0.012742491721819623
APO-wr-LS,10,2085,8900,0.012742491721819623
APO-wr-LS,10,2085,9000,0.012742491721819623
APO-wr-LS,10,2085,9100,0.012742491721819623
APO-wr-LS,10,2085,9200,0.012742491721819623
APO-wr-LS,10,2085,9300,0.012724511648007565
APO-wr-LS,10,2085,9400,0.012724511648007565
APO-wr-LS,10,2085,9500,0.012724511648007565
APO-wr-LS,10,2085,9600,0.012724511648007565
APO-wr-LS,10,2085,9700,0.012724511648007565
APO-wr-LS,10,2085,9800,0.012724511648007565
APO-wr-LS,10,2085,9900,0.012724467183543555
APO-wr-LS,10,2085,10000,0.012724467183543555
APO-wr-PSO,10,2085,100,829.7381141632283
APO-wr-PSO,10,2085,200,829.7381141632283
APO-wr-PSO,10,2085,300,0.036304566376259846
APO-wr-PSO,10,2085,400,0.01906397346439184
APO-wr-PSO,10,2085,500,0.01906397346439184
APO-wr-PSO,10,2085,600,0.01906397346439184
APO-wr-PSO,10,2085,700,0.01839423811783153
APO-wr-PSO,10,2085,800,0.017706947844703967
APO-wr-PSO,10,2085,900,0.013431345227078598
APO-wr-PSO,10,2085,1000,0.013385896501179707
APO-wr-PSO,10,2085,1100,0.013385896501179707
APO-wr-PSO,10,2085,1200,0.013385896501179707
APO-wr-PSO,10,2085,1300,0.013385896501179707
APO-wr-PSO,10,2085,1400,0.013001802693897844
APO-wr-PSO,10,2085,1500,0.013001802693897844
APO-wr-PSO,10,2085,1600,0.013001802693897844
APO-wr-PSO,10,2085,1700,0.012994711122923537
APO-wr-PSO,10,2085,1800,0.012994711122923537
APO-wr-PSO,10,2085,1900,0.012994711122923537
APO-wr-PSO,10,2085,2000,0.012994711122923537
APO-wr-PSO,10,2085,2100,0.012994711122923537
APO-wr-PSO,10,2085,2200,0.012994711122923537
APO-wr-PSO,10,2085,2300,0.012994711122923537
APO-wr-PSO,10,2085,2400,0.012994711122923537
APO-wr-PSO,10,2085,2500,0.012994711122923537
APO-wr-PSO,10,2085,2600,0.012994711122923537
APO-wr-PSO,10,2085,2700,0.012994711122923537
APO-wr-PSO,10,2085,2800,0.012994711122923537
APO-wr-PSO,10,2085,2900,0.012994711122923537
APO-wr-PSO,10,2085,3000,0.012994711122923537
APO-wr-PSO,10,2085,3100,0.012994711122923537
APO-wr-PSO,10,2085,3200,0.012994711122923537
APO-wr-PSO,10,2085,3300,0.012994711122923537
APO-wr-PSO,10,2085,3400,0.012994711122923537
APO-wr-PSO,10,2085,3500,0.012994711122923537
APO-wr-PSO,10,2085,3600,0.012994711122923537
APO-wr-PSO,10,2085,3700,0.012994711122923537
APO-wr-PSO,10,2085,3800,0.012994711122923537
APO-wr-PSO,10,2085,3900,0.012994711122923537
APO-wr-PSO,10,2085,4000,0.012994711122923537
APO-wr-PSO,10,2085,4100,0.012994711122923537
APO-wr-PSO,10,2085,4200,0.012994711122923537
APO-wr-PSO,10,2085,4300,0.012994711122923537
APO-wr-PSO,10,2085,4400,0.012994711122923537
APO-wr-PSO,10,2085,4500,0.012994711122923537
APO-wr-PSO,10,2085,4600,0.01299068085534788
APO-wr-PSO,10,2085,4700,0.012985959217518828
APO-wr-PSO,10,2085,4800,0.012926114914069494
APO-wr-PSO,10,2085,4900,0.012817007106559431
APO-wr-PSO,10,2085,5000,0.012817007106559431
APO-wr-PSO,10,2085,5100,0.012817007106559431
APO-wr-PSO,10,2085,5200,0.012817007106559431
APO-wr-PSO,10,2085,5300,0.012718852918267564
APO-wr-PSO,10,2085,5400,0.012718852918267564
APO-wr-PSO,10,2085,5500,0.012718852918267564
APO-wr-PSO,10,2085,5600,0.012718852918267564
APO-wr-PSO,10,2085,5700,0.012718852918267564
APO-wr-PSO,10,2085,5800,0.012718852918267564
APO-wr-PSO,10,2085,5900,0.012718852918267564
APO-wr-PSO,10,2085,6000,0.012718852918267564
APO-wr-PSO,10,2085,6100,0.012718852918267564
APO-wr-PSO,10,2085,6200,0.012718852918267564
APO-wr-PSO,10,2085,6300,0.012718852918267564
APO-wr-PSO,10,2085,6400,0.012718852918267564
APO-wr-PSO,10,2085,6500,0.012718852918267564
APO-wr-PSO,10,2085,6600,0.012718852918267564
APO-wr-PSO,10,2085,6700,0.012718852918267564
APO-wr-PSO,10,2085,6800,0.012718852918267564
APO-wr-PSO,10,2085,6900,0.012718852918267564
APO-wr-PSO,10,2085,7000,0.012718852918267564
APO-wr-PSO,10,2085,7100,0.012718852918267564
APO-wr-PSO,10,2085,7200,0.012718852918267564
APO-wr-PSO,10,2085,7300,0.012718852918267564
APO-wr-PSO,10,2085,7400,0.012718852918267564
APO-wr-PSO,10,2085,7500,0.012712806572619511
APO-wr-PSO,10,2085,7600,0.012712806572619511
APO-wr-PSO,10,2085,7700,0.012712806572619511
APO-wr-PSO,10,2085,7800,0.012712806572619511
APO-wr-PSO,10,2085,7900,0.012712806572619511
APO-wr-PSO,10,2085,8000,0.012712806572619511
APO-wr-PSO,10,2085,8100,0.012712806572619511
APO-wr-PSO,10,2085,8200,0.012712806572619511
APO-wr-PSO,10,2085,8300,0.012712806572619511
APO-wr-PSO,10,2085,8400,0.012712806572619511
APO-wr-PSO,10,2085,8500,0.012712806572619511
APO-wr-PSO,10,2085,8600,0.012712806572619511
APO-wr-PSO,10,2085,8700,0.012712806572619511
APO-wr-PSO,10,2085,8800,0.012712806572619511
APO-wr-PSO,10,2085,8900,0.012712806572619511
APO-wr-PSO,10,2085,9000,0.012712806572619511
APO-wr-PSO,10,2085,9100,0.012712806572619511
APO-wr-PSO,10,2085,9200,0.012712806572619511
APO-wr-PSO,10,2085,9300,0.012712806572619511
APO-wr-PSO,10,2085,9400,0.012712806572619511
APO-wr-PSO,10,2085,9500,0.012712806572619511
APO-wr-PSO,10,2085,9600,0.012712806572619511
APO-wr-PSO,10,2085,9700,0.01271091390388518
APO-wr-PSO,10,2085,9800,0.01271091390388518
APO-wr-PSO,10,2085,9900,0.012710558580263086
APO-wr-PSO,10,2085,10000,0.012710558580263086
APO,11,2092,100,0.06307384818642826
APO,11,2092,200,0.06307384818642826
APO,11,2092,300,0.06307384818642826
APO,11,2092,400,0.06307384818642826
APO,11,2092,500,0.06307384818642826
APO,11,2092,600,0.06307374087531761
APO,11,2092,700,0.032101494437563244
APO,11,2092,800,0.032101494437563244
APO,11,2092,900,0.022912381560690292
APO,11,2092,1000,0.02172025584983955
APO,11,2092,1100,0.02138022073005301
APO,11,2092,1200,0.02138022073005301
APO,11,2092,1300,0.014223042911705636
APO,11,2092,1400,0.014223042911705636
APO,11,2092,1500,0.014223042911705636
APO,11,2092,1600,0.014223042911705636
APO,11,2092,1700,0.014005520429767604
APO,11,2092,1800,0.014005520429767604
APO,11,2092,1900,0.014005520429767604
APO,11,2092,2000,0.014005520429767604
APO,11,2092,2100,0.013683768779038711
APO,11,2092,2200,0.013683768779038711
APO,11,2092,2300,0.013683768779038711
APO,11,2092,2400,0.013539860839287108
APO,11,2092,2500,0.013539860839287108
APO,11,2092,2600,0.012980410478984225
APO,11,2092,2700,0.012980410478984225
APO,11,2092,2800,0.012980410478984225
APO,11,2092,2900,0.012980410478984225
APO,11,2092,3000,0.012980410478984225
APO,11,2092,3100,0.012980410478984225
APO,11,2092,3200,0.012980410478984225
APO,11,2092,3300,0.012980410478984225
APO,11,2092,3400,0.012980410478984225
APO,11,2092,3500,0.012980410478984225
APO,11,2092,3600,0.012980410478984225
APO,11,2092,3700,0.012980410478984225
APO,11,2092,3800,0.012980410478984225
APO,11,2092,3900,0.012980410478984225
APO,11,2092,4000,0.012980410478984225
APO,11,2092,4100,0.012980410478984225
APO,11,2092,4200,0.012980410478984225
APO,11,2092,4300,0.012980410478984225
APO,11,2092,4400,0.012980410478984225
APO,11,2092,4500,0.012980410478984225
APO,11,2092,4600,0.012980410478984225
APO,11,2092,4700,0.012980410478984225
APO,11,2092,4800,0.012980410478984225
APO,11,2092,4900,0.012980410478984225
APO,11,2092,5000,0.012980410478984225
APO,11,2092,5100,0.012980410478984225
APO,11,2092,5200,0.012980410478984225
APO,11,2092,5300,0.012980410478984225
APO,11,2092,5400,0.012980410478984225
APO,11,2092,5500,0.012980410478984225
APO,11,2092,5600,0.012980410478984225
APO,11,2092,5700,0.012980410478984225
APO,11,2092,5800,0.012980410478984225
APO,11,2092,5900,0.012980410478984225
APO,11,2092,6000,0.012980410478984225
APO,11,2092,6100,0.012980410478984225
APO,11,2092,6200,0.012980410478984225
APO,11,2092,6300,0.012980410478984225
APO,11,2092,6400,0.012980410478984225
APO,11,2092,6500,0.012973064263270832
APO,11,2092,6600,0.01287444833510865
APO,11,2092,6700,0.01287444833510865
APO,11,2092,6800,0.01287444833510865
APO,11,2092,6900,0.01287444833510865
APO,11,2092,7000,0.01287444833510865
APO,11,2092,7100,0.012866333842257644
APO,11,2092,7200,0.012866333842257644
APO,11,2092,7300,0.012866333842257644
APO,11,2092,7400,0.012866333842257644
APO,11,2092,7500,0.012866333842257644
APO,11,2092,7600,0.012866333842257644
APO,11,2092,7700,0.012859042154107094
APO,11,2092,7800,0.012859042154107094
APO,11,2092,7900,0.012859042154107094
APO,11,2092,8000,0.01284236439516164
APO,11,2092,8100,0.01284236439516164
APO,11,2092,8200,0.01284236439516164
APO,11,2092,8300,0.01284236439516164
APO,11,2092,8400,0.01284236439516164
APO,11,2092,8500,0.012839142613776628
APO,11,2092,8600,0.012839142613776628
APO,11,2092,8700,0.012820348728596076
APO,11,2092,8800,0.012820348728596076
APO,11,2092,8900,0.012820348728596076
APO,11,2092,9000,0.012820348728596076
APO,11,2092,9100,0.012820348728596076
APO,11,2092,9200,0.012820348728596076
APO,11,2092,9300,0.01281705055705082
APO,11,2092,9400,0.01281057569789383
APO,11,2092,9500,0.012807783289853585
APO,11,2092,9600,0.012807783289853585
APO,11,2092,9700,0.012806787117241068
APO,11,2092,9800,0.012806787117241068
APO,11,2092,9900,0.012806309828181352
APO,11,2092,10000,0.012806309828181352
APO-wr,11,2092,100,0.06307384818642826
APO-wr,11,2092,200,0.06307384818642826
APO-wr,11,2092,300,0.06307384818642826
APO-wr,11,2092,400,0.05364112340525091
APO-wr,11,2092,500,0.05364112340525091
APO-wr,11,2092,600,0.05364112340525091
APO-wr,11,2092,700,0.05364112340525091
APO-wr,11,2092,800,0.028458340367246183
APO-wr,11,2092,900,0.017459168397213946
APO-wr,11,2092,1000,0.017459168397213946
APO-wr,11,2092,1100,0.017459168397213946
APO-wr,11,2092,1200,0.015697177607586203
APO-wr,11,2092,1300,0.015279602455334556
APO-wr,11,2092,1400,0.015279602455334556
APO-wr,11,2092,1500,0.013949738478958232
APO-wr,11,2092,1600,0.013949738478958232
APO-wr,11,2092,1700,0.013949738478958232
APO-wr,11,2092,1800,0.013949738478958232
APO-wr,11,2092,1900,0.013949738478958232
APO-wr,11,2092,2000,0.013949738478958232
APO-wr,11,2092,2100,0.013949738478958232
APO-wr,11,2092,2200,0.013949738478958232
APO-wr,11,2092,2300,0.013949738478958232
APO-wr,11,2092,2400,0.013949738478958232
APO-wr,11,2092,2500,0.013949738478958232
APO-wr,11,2092,2600,0.013949738478958232
APO-wr,11,2092,2700,0.013949738478958232
APO-wr,11,2092,2800,0.013524684117436745
APO-wr,11,2092,2900,0.013524684117436745
APO-wr,11,2092,3000,0.013524684117436745
APO-wr,11,2092,3100,0.013524684117436745
APO-wr,11,2092,3200,0.013524684117436745
APO-wr,11,2092,3300,0.013524684117436745
APO-wr,11,2092,3400,0.013524684117436745
APO-wr,11,2092,3500,0.013524684117436745
APO-wr,11,2092,3600,0.013524684117436745
APO-wr,11,2092,3700,0.013524684117436745
APO-wr,11,2092,3800,0.013524684117436745
APO-wr,11,2092,3900,0.013524684117436745
APO-wr,11,2092,4000,0.013524684117436745
APO-wr,11,2092,4100,0.013524684117436745
APO-wr,11,2092,4200,0.013524684117436745
APO-wr,11,2092,4300,0.013524684117436745
APO-wr,11,2092,4400,0.013524684117436745
APO-wr,11,2092,4500,0.013524684117436745
APO-wr,11,2092,4600,0.013524684117436745
APO-wr,11,2092,4700,0.013524684117436745
APO-wr,11,2092,4800,0.013201339971986551
APO-wr,11,2092,4900,0.013201339971986551
APO-wr,11,2092,5000,0.013201339971986551
APO-wr,11,2092,5100,0.013201339971986551
APO-wr,11,2092,5200,0.013201339971986551
APO-wr,11,2092,5300,0.013201339971986551
APO-wr,11,2092,5400,0.012846863503653513
APO-wr,11,2092,5500,0.012846863503653513
APO-wr,11,2092,5600,0.012846863503653513
APO-wr,11,2092,5700,0.012846863503653513
APO-wr,11,2092,5800,0.012846863503653513
APO-wr,11,2092,5900,0.012846863503653513
APO-wr,11,2092,6000,0.012845023658871553
APO-wr,11,2092,6100,0.012845023658871553
APO-wr,11,2092,6200,0.012695374385818796
APO-wr,11,2092,6300,0.012695374385818796
APO-wr,11,2092,6400,0.012695374385818796
APO-wr,11,2092,6500,0.012695374385818796
APO-wr,11,2092,6600,0.012695374385818796
APO-wr,11,2092,6700,0.012695374385818796
APO-wr,11,2092,6800,0.012695374385818796
APO-wr,11,2092,6900,0.012695374385818796
APO-wr,11,2092,7000,0.012695374385818796
APO-wr,11,2092,7100,0.012695374385818796
APO-wr,11,2092,7200,0.012695374385818796
APO-wr,11,2092,7300,0.012695374385818796
APO-wr,11,2092,7400,0.012695374385818796
APO-wr,11,2092,7500,0.012695374385818796
APO-wr,11,2092,7600,0.012695374385818796
APO-wr,11,2092,7700,0.012695374385818796
APO-wr,11,2092,7800,0.012695374385818796
APO-wr,11,2092,7900,0.012695374385818796
APO-wr,11,2092,8000,0.012695374385818796
APO-wr,11,2092,8100,0.012695374385818796
APO-wr,11,2092,8200,0.012693424594277273
APO-wr,11,2092,8300,0.012693424594277273
APO-wr,11,2092,8400,0.012693424594277273
APO-wr,11,2092,8500,0.012693424594277273
APO-wr,11,2092,8600,0.012693424594277273
APO-wr,11,2092,8700,0.012693424594277273
APO-wr,11,2092,8800,0.012693424594277273
APO-wr,11,2092,8900,0.012693424594277273
APO-wr,11,2092,9000,0.012693424594277273
APO-wr,11,2092,9100,0.012693424594277273
APO-wr,11,2092,9200,0.012693424594277273
APO-wr,11,2092,9300,0.012693424594277273
APO-wr,11,2092,9400,0.012693424594277273
APO-wr,11,2092,9500,0.012693424594277273
APO-wr,11,2092,9600,0.012693424594277273
APO-wr,11,2092,9700,0.01269245133424634
APO-wr,11,2092,9800,0.01269245133424634
APO-wr,11,2092,9900,0.012691992387177654
APO-wr,11,2092,10000,0.012691992387177654
APO-DE,11,2092,100,0.06307384818642826
APO-DE,11,2092,200,0.06307384818642826
APO-DE,11,2092,300,0.06307384818642826
APO-DE,11,2092,400,0.06307384818642826
APO-DE,11,2092,500,0.0630738424420013
APO-DE,11,2092,600,0.0630738424420013
APO-DE,11,2092,700,0.054844516517419235
APO-DE,11,2092,800,0.03755388519899269
APO-DE,11,2092,900,0.031132457388168777
APO-DE,11,2092,1000,0.01799223304823998
APO-DE,11,2092,1100,0.013455629541987604
APO-DE,11,2092,1200,0.013455629541987604
APO-DE,11,2092,1300,0.013455629541987604
APO-DE,11,2092,1400,0.013455629541987604
APO-DE,11,2092,1500,0.013455629541987604
APO-DE,11,2092,1600,0.012852673989151223
APO-DE,11,2092,1700,0.012852673989151223
APO-DE,11,2092,1800,0.012852673989151223
APO-DE,11,2092,1900,0.012852673989151223
APO-DE,11,2092,2000,0.012852673989151223
APO-DE,11,2092,2100,0.012852673989151223
APO-DE,11,2092,2200,0.012852673989151223
APO-DE,11,2092,2300,0.012852673989151223
APO-DE,11,2092,2400,0.012852673989151223
APO-DE,11,2092,2500,0.012852673989151223
APO-DE,11,2092,2600,0.012852673989151223
APO-DE,11,2092,2700,0.012852673989151223
APO-DE,11,2092,2800,0.012852673989151223
APO-DE,11,2092,2900,0.012852673989151223
APO-DE,11,2092,3000,0.012852673989151223
APO-DE,11,2092,3100,0.012852673989151223
APO-DE,11,2092,3200,0.012852673989151223
APO-DE,11,2092,3300,0.012852673989151223
APO-DE,11,2092,3400,0.012852673989151223
APO-DE,11,2092,3500,0.012852673989151223
APO-DE,11,2092,3600,0.012852673989151223
APO-DE,11,2092,3700,0.012852673989151223
APO-DE,11,2092,3800,0.012852673989151223
APO-DE,11,2092,3900,0.012852673989151223
APO-DE,11,2092,4000,0.012852673989151223
APO-DE,11,2092,4100,0.012852673989151223
APO-DE,11,2092,4200,0.012852673989151223
APO-DE,11,2092,4300,0.012852673989151223
APO-DE,11,2092,4400,0.012852673989151223
APO-DE,11,2092,4500,0.012852673989151223
APO-DE,11,2092,4600,0.012852673989151223
APO-DE,11,2092,4700,0.012852673989151223
APO-DE,11,2092,4800,0.012852673989151223
APO-DE,11,2092,4900,0.012852673989151223
APO-DE,11,2092,5000,0.012852673989151223
APO-DE,11,2092,5100,0.012852673989151223
APO-DE,11,2092,5200,0.012852673989151223
APO-DE,11,2092,5300,0.012852673989151223
APO-DE,11,2092,5400,0.012852673989151223
APO-DE,11,2092,5500,0.012852673989151223
APO-DE,11,2092,5600,0.012852673989151223
APO-DE,11,2092,5700,0.012852673989151223
APO-DE,11,2092,5800,0.012852673989151223
APO-DE,11,2092,5900,0.012852673989151223
APO-DE,11,2092,6000,0.012852673989151223
APO-DE,11,2092,6100,0.012852673989151223
APO-DE,11,2092,6200,0.012852673989151223
APO-DE,11,2092,6300,0.012852673989151223
APO-DE,11,2092,6400,0.012852673989151223
APO-DE,11,2092,6500,0.012852673989151223
APO-DE,11,2092,6600,0.012852673989151223
APO-DE,11,2092,6700,0.012852673989151223
APO-DE,11,2092,6800,0.012852673989151223
APO-DE,11,2092,6900,0.012852673989151223
APO-DE,11,2092,7000,0.012852673989151223
APO-DE,11,2092,7100,0.012852673989151223
APO-DE,11,2092,7200,0.012852673989151223
APO-DE,11,2092,7300,0.012852673989151223
APO-DE,11,2092,7400,0.012852673989151223
APO-DE,11,2092,7500,0.012852673989151223
APO-DE,11,2092,7600,0.012852673989151223
APO-DE,11,2092,7700,0.012852673989151223
APO-DE,11,2092,7800,0.012852673989151223
APO-DE,11,2092,7900,0.012852673989151223
APO-DE,11,2092,8000,0.012766035895602105
APO-DE,11,2092,8100,0.012766035895602105
APO-DE,11,2092,8200,0.012766035895602105
APO-DE,11,2092,8300,0.012766035895602105
APO-DE,11,2092,8400,0.012766035895602105
APO-DE,11,2092,8500,0.012766035895602105
APO-DE,11,2092,8600,0.012766035895602105
APO-DE,11,2092,8700,0.012766035895602105
APO-DE,11,2092,8800,0.012766035895602105
APO-DE,11,2092,8900,0.012766035895602105
APO-DE,11,2092,9000,0.012766035895602105
APO-DE,11,2092,9100,0.012766035895602105
APO-DE,11,2092,9200,0.012766035895602105
APO-DE,11,2092,9300,0.012766035895602105
APO-DE,11,2092,9400,0.012766035895602105
APO-DE,11,2092,9500,0.01273914867128827
APO-DE,11,2092,9600,0.012737107912144779
APO-DE,11,2092,9700,0.012737107912144779
APO-DE,11,2092,9800,0.012737107912144779
APO-DE,11,2092,9900,0.012737107912144779
APO-DE,11,2092,10000,0.012737107912144779
APO-LS,11,2092,100,0.06307384818642826
APO-LS,11,2092,200,0.06307384818642826
APO-LS,11,2092,300,0.06307384818642826
APO-LS,11,2092,400,0.06307384818642826
APO-LS,11,2092,500,0.05904323641916261
APO-LS,11,2092,600,0.04466832766322353
APO-LS,11,2092,700,0.03993083479842812
APO-LS,11,2092,800,0.01338508368667854
APO-LS,11,2092,900,0.01338508368667854
APO-LS,11,2092,1000,0.012923331195108809
APO-LS,11,2092,1100,0.012922308996283709
APO-LS,11,2092,1200,0.012922308996283709
APO-LS,11,2092,1300,0.012922308996283709
APO-LS,11,2092,1400,0.012922308996283709
APO-LS,11,2092,1500,0.012922308996283709
APO-LS,11,2092,1600,0.012922308996283709
APO-LS,11,2092,1700,0.012922308996283709
APO-LS,11,2092,1800,0.012922308996283709
APO-LS,11,2092,1900,0.012922308996283709
APO-LS,11,2092,2000,0.012922308996283709
APO-LS,11,2092,2100,0.012922308996283709
APO-LS,11,2092,2200,0.012922308996283709
APO-LS,11,2092,2300,0.012922308996283709
APO-LS,11,2092,2400,0.012922308996283709
APO-LS,11,2092,2500,0.012922308996283709
APO-LS,11,2092,2600,0.012922308996283709
APO-LS,11,2092,2700,0.012922308996283709
APO-LS,11,2092,2800,0.012922308996283709
APO-LS,11,2092,2900,0.012922308996283709
APO-LS,11,2092,3000,0.012922308996283709
APO-LS,11,2092,3100,0.012922308996283709
APO-LS,11,2092,3200,0.012922308996283709
APO-LS,11,2092,3300,0.012922308996283709
APO-LS,11,2092,3400,0.012922308996283709
APO-LS,11,2092,3500,0.012922308996283709
APO-LS,11,2092,3600,0.012922308996283709
APO-LS,11,2092,3700,0.012922308996283709
APO-LS,11,2092,3800,0.012922308996283709
APO-LS,11,2092,3900,0.012922308996283709
APO-LS,11,2092,4000,0.012922308996283709
APO-LS,11,2092,4100,0.012922308996283709
APO-LS,11,2092,4200,0.012922308996283709
APO-LS,11,2092,4300,0.012899039878226166
APO-LS,11,2092,4400,0.012899039878226166
APO-LS,11,2092,4500,0.012899039878226166
APO-LS,11,2092,4600,0.012899039878226166
APO-LS,11,2092,4700,0.012899039878226166
APO-LS,11,2092,4800,0.012899039878226166
APO-LS,11,2092,4900,0.012899039878226166
APO-LS,11,2092,5000,0.012898030326148058
APO-LS,11,2092,5100,0.012898030326148058
APO-LS,11,2092,5200,0.012898030326148058
APO-LS,11,2092,5300,0.012898030326148058
APO-LS,11,2092,5400,0.012898030326148058
APO-LS,11,2092,5500,0.012898030326148058
APO-LS,11,2092,5600,0.012898030326148058
APO-LS,11,2092,5700,0.012898030326148058
APO-LS,11,2092,5800,0.012898030326148058
APO-LS,11,2092,5900,0.012898030326148058
APO-LS,11,2092,6000,0.012898030326148058
APO-LS,11,2092,6100,0.012898030326148058
APO-LS,11,2092,6200,0.012898030326148058
APO-LS,11,2092,6300,0.012898030326148058
APO-LS,11,2092,6400,0.012898030326148058
APO-LS,11,2092,6500,0.012898030326148058
APO-LS,11,2092,6600,0.012898030326148058
APO-LS,11,2092,6700,0.012898030326148058
APO-LS,11,2092,6800,0.012898030326148058
APO-LS,11,2092,6900,0.012898030326148058
APO-LS,11,2092,7000,0.012898030326148058
APO-LS,11,2092,7100,0.012898030326148058
APO-LS,11,2092,7200,0.012898030326148058
APO-LS,11,2092,7300,0.012898030326148058
APO-LS,11,2092,7400,0.012898030326148058
APO-LS,11,2092,7500,0.012884261234148106
APO-LS,11,2092,7600,0.012884261234148106
APO-LS,11,2092,7700,0.012884261234148106
APO-LS,11,2092,7800,0.012884261234148106
APO-LS,11,2092,7900,0.012884261234148106
APO-LS,11,2092,8000,0.012884261234148106
APO-LS,11,2092,8100,0.012884261234148106
APO-LS,11,2092,8200,0.012884261234148106
APO-LS,11,2092,8300,0.012884261234148106
APO-LS,11,2092,8400,0.012882446518428394
APO-LS,11,2092,8500,0.012882446518428394
APO-LS,11,2092,8600,0.012882446518428394
APO-LS,11,2092,8700,0.012882446518428394
APO-LS,11,2092,8800,0.012882446518428394
APO-LS,11,2092,8900,0.012848747898244802
APO-LS,11,2092,9000,0.012848747898244802
APO-LS,11,2092,9100,0.012848747898244802
APO-LS,11,2092,9200,0.012848747898244802
APO-LS,11,2092,9300,0.012848747898244802
APO-LS,11,2092,9400,0.012848747002034642
APO-LS,11,2092,9500,0.012848747002034642
APO-LS,11,2092,9600,0.012848747002034642
APO-LS,11,2092,9700,0.012848747002034642
APO-LS,11,2092,9800,0.012848747002034642
APO-LS,11,2092,9900,0.012848747002034642
APO-LS,11,2092,10000,0.012842656676061102
APO-PSO,11,2092,100,0.06307384818642826
APO-PSO,11,2092,200,0.06307384818642826
APO-PSO,11,2092,300,0.03870200994779696
APO-PSO,11,2092,400,0.0195242078400747
APO-PSO,11,2092,500,0.0195242078400747
APO-PSO,11,2092,600,0.0195242078400747
APO-PSO,11,2092,700,0.013782332940216005
APO-PSO,11,2092,800,0.013782332940216005
APO-PSO,11,2092,900,0.013782332940216005
APO-PSO,11,2092,1000,0.013782332940216005
APO-PSO,11,2092,1100,0.013782332940216005
APO-PSO,11,2092,1200,0.013782332940216005
APO-PSO,11,2092,1300,0.013782332940216005
APO-PSO,11,2092,1400,0.013782332940216005
APO-PSO,11,2092,1500,0.013782332940216005
APO-PSO,11,2092,1600,0.013782332940216005
APO-PSO,11,2092,1700,0.013782332940216005
APO-PSO,11,2092,1800,0.013762833498691797
APO-PSO,11,2092,1900,0.013762833498691797
APO-PSO,11,2092,2000,0.013762833498691797
APO-PSO,11,2092,2100,0.013585873047298481
APO-PSO,11,2092,2200,0.013585873047298481
APO-PSO,11,2092,2300,0.013585873047298481
APO-PSO,11,2092,2400,0.013585873047298481
APO-PSO,11,2092,2500,0.013585873047298481
APO-PSO,11,2092,2600,0.013585873047298481
APO-PSO,11,2092,2700,0.013585873047298481
APO-PSO,11,2092,2800,0.013585873047298481
APO-PSO,11,2092,2900,0.013585873047298481
APO-PSO,11,2092,3000,0.013585873047298481
APO-PSO,11,2092,3100,0.013585873047298481
APO-PSO,11,2092,3200,0.013585873047298481
APO-PSO,11,2092,3300,0.013585873047298481
APO-PSO,11,2092,3400,0.013585873047298481
APO-PSO,11,2092,3500,0.013585873047298481
APO-PSO,11,2092,3600,0.012889476459974356
APO-PSO,11,2092,3700,0.012889476459974356
APO-PSO,11,2092,3800,0.012889476459974356
APO-PSO,11,2092,3900,0.012889476459974356
APO-PSO,11,2092,4000,0.012889476459974356
APO-PSO,11,2092,4100,0.012889476459974356
APO-PSO,11,2092,4200,0.012889476459974356
APO-PSO,11,2092,4300,0.012889476459974356
APO-PSO,11,2092,4400,0.012889476459974356
APO-PSO,11,2092,4500,0.012889476459974356
APO-PSO,11,2092,4600,0.012889476459974356
APO-PSO,11,2092,4700,0.012889476459974356
APO-PSO,11,2092,4800,0.012889476459974356
APO-PSO,11,2092,4900,0.012889476459974356
APO-PSO,11,2092,5000,0.012889476459974356
APO-PSO,11,2092,5100,0.012889476459974356
APO-PSO,11,2092,5200,0.012889476459974356
APO-PSO,11,2092,5300,0.012889476459974356
APO-PSO,11,2092,5400,0.012889476459974356
APO-PSO,11,2092,5500,0.012889476459974356
APO-PSO,11,2092,5600,0.012889476459974356
APO-PSO,11,2092,5700,0.012889476459974356
APO-PSO,11,2092,5800,0.012889476459974356
APO-PSO,11,2092,5900,0.012889476459974356
APO-PSO,11,2092,6000,0.012889476459974356
APO-PSO,11,2092,6100,0.012889476459974356
APO-PSO,11,2092,6200,0.012833596435048764
APO-PSO,11,2092,6300,0.012833596435048764
APO-PSO,11,2092,6400,0.012833596435048764
APO-PSO,11,2092,6500,0.012832125887207073
APO-PSO,11,2092,6600,0.012832125887207073
APO-PSO,11,2092,6700,0.012832125887207073
APO-PSO,11,2092,6800,0.012832125887207073
APO-PSO,11,2092,6900,0.012775382004992146
APO-PSO,11,2092,7000,0.012775382004992146
APO-PSO,11,2092,7100,0.012748662487066846
APO-PSO,11,2092,7200,0.01274139922740014
APO-PSO,11,2092,7300,0.01274139922740014
APO-PSO,11,2092,7400,0.01274139922740014
APO-PSO,11,2092,7500,0.01274139922740014
APO-PSO,11,2092,7600,0.01274139922740014
APO-PSO,11,2092,7700,0.012730337041367338
APO-PSO,11,2092,7800,0.012730337041367338
APO-PSO,11,2092,7900,0.012730337041367338
APO-PSO,11,2092,8000,0.012730337041367338
APO-PSO,11,2092,8100,0.012730337041367338
APO-PSO,11,2092,8200,0.012730337041367338
APO-PSO,11,2092,8300,0.012730337041367338
APO-PSO,11,2092,8400,0.01272943215823163
APO-PSO,11,2092,8500,0.01272943215823163
APO-PSO,11,2092,8600,0.01272943215823163
APO-PSO,11,2092,8700,0.012728024959007565
APO-PSO,11,2092,8800,0.012728024959007565
APO-PSO,11,2092,8900,0.012728024959007565
APO-PSO,11,2092,9000,0.012728024959007565
APO-PSO,11,2092,9100,0.012728024959007565
APO-PSO,11,2092,9200,0.012728024959007565
APO-PSO,11,2092,9300,0.012728024959007565
APO-PSO,11,2092,9400,0.012720064841927201
APO-PSO,11,2092,9500,0.012720064841927201
APO-PSO,11,2092,9600,0.012715146873684703
APO-PSO,11,2092,9700,0.012714860369841586
APO-PSO,11,2092,9800,0.012714497957594363
APO-PSO,11,2092,9900,0.01271409483672457
APO-PSO,11,2092,10000,0.012714041757609705
APO-wr-DE,11,2092,100,0.06307384818642826
APO-wr-DE,11,2092,200,0.06307384818642826
APO-wr-DE,11,2092,300,0.06307384818642826
APO-wr-DE,11,2092,400,0.017677612590073274
APO-wr-DE,11,2092,500,0.017677612590073274
APO-wr-DE,11,2092,600,0.013235398131616375
APO-wr-DE,11,2092,700,0.013235398131616375
APO-wr-DE,11,2092,800,0.013235398131616375
APO-wr-DE,11,2092,900,0.013235398131616375
APO-wr-DE,11,2092,1000,0.013235398131616375
APO-wr-DE,11,2092,1100,0.013235398131616375
APO-wr-DE,11,2092,1200,0.013235398131616375
APO-wr-DE,11,2092,1300,0.013235398131616375
APO-wr-DE,11,2092,1400,0.01322745590199841
APO-wr-DE,11,2092,1500,0.01322745590199841
APO-wr-DE,11,2092,1600,0.01322745590199841
APO-wr-DE,11,2092,1700,0.01322745590199841
APO-wr-DE,11,2092,1800,0.01322745590199841
APO-wr-DE,11,2092,1900,0.013206338307539731
APO-wr-DE,11,2092,2000,0.013206338307539731
APO-wr-DE,11,2092,2100,0.013206338307539731
APO-wr-DE,11,2092,2200,0.013206338307539731
APO-wr-DE,11,2092,2300,0.013206338307539731
APO-wr-DE,11,2092,2400,0.013206338307539731
APO-wr-DE,11,2092,2500,0.013206338307539731
APO-wr-DE,11,2092,2600,0.013206338307539731
APO-wr-DE,11,2092,2700,0.013206338307539731
APO-wr-DE,11,2092,2800,0.013206338307539731
APO-wr-DE,11,2092,2900,0.013206338307539731
APO-wr-DE,11,2092,3000,0.013206338307539731
APO-wr-DE,11,2092,3100,0.013206338307539731
APO-wr-DE,11,2092,3200,0.013206338307539731
APO-wr-DE,11,2092,3300,0.013206338307539731
APO-wr-DE,11,2092,3400,0.013206338307539731
APO-wr-DE,11,2092,3500,0.013206338307539731
APO-wr-DE,11,2092,3600,0.013206338307539731
APO-wr-DE,11,2092,3700,0.013206338307539731
APO-wr-DE,11,2092,3800,0.013187985992770932
APO-wr-DE,11,2092,3900,0.013187985992770932
APO-wr-DE,11,2092,4000,0.013187985992770932
APO-wr-DE,11,2092,4100,0.013026386505263235
APO-wr-DE,11,2092,4200,0.013026386505263235
APO-wr-DE,11,2092,4300,0.013026386505263235
APO-wr-DE,11,2092,4400,0.013026386505263235
APO-wr-DE,11,2092,4500,0.013026386505263235
APO-wr-DE,11,2092,4600,0.013026386505263235
APO-wr-DE,11,2092,4700,0.013026386505263235
APO-wr-DE,11,2092,4800,0.013022552612987235
APO-wr-DE,11,2092,4900,0.013022552612987235
APO-wr-DE,11,2092,5000,0.013022552612987235
APO-wr-DE,11,2092,5100,0.013022552612987235
APO-wr-DE,11,2092,5200,0.013022552612987235
APO-wr-DE,11,2092,5300,0.013022552612987235
APO-wr-DE,11,2092,5400,0.013022552612987235
APO-wr-DE,11,2092,5500,0.013022552612987235
APO-wr-DE,11,2092,5600,0.012983423705308786
APO-wr-DE,11,2092,5700,0.012965236732306745
APO-wr-DE,11,2092,5800,0.012946283393851043
APO-wr-DE,11,2092,5900,0.012946283393851043
APO-wr-DE,11,2092,6000,0.012946283393851043
APO-wr-DE,11,2092,6100,0.012946283393851043
APO-wr-DE,11,2092,6200,0.012946283393851043
APO-wr-DE,11,2092,6300,0.012946283393851043
APO-wr-DE,11,2092,6400,0.012854648256002245
APO-wr-DE,11,2092,6500,0.01278357238807607
APO-wr-DE,11,2092,6600,0.01278357238807607
APO-wr-DE,11,2092,6700,0.01278357238807607
APO-wr-DE,11,2092,6800,0.012775914005992603
APO-wr-DE,11,2092,6900,0.012775914005992603
APO-wr-DE,11,2092,7000,0.012775914005992603
APO-wr-DE,11,2092,7100,0.012775914005992603
APO-wr-DE,11,2092,7200,0.012775914005992603
APO-wr-DE,11,2092,7300,0.012775914005992603
APO-wr-DE,11,2092,7400,0.012775914005992603
APO-wr-DE,11,2092,7500,0.012775914005992603
APO-wr-DE,11,2092,7600,0.012775914005992603
APO-wr-DE,11,2092,7700,0.012775914005992603
APO-wr-DE,11,2092,7800,0.012775914005992603
APO-wr-DE,11,2092,7900,0.012775914005992603
APO-wr-DE,11,2092,8000,0.012775914005992603
APO-wr-DE,11,2092,8100,0.01272621645039613
APO-wr-DE,11,2092,8200,0.01272621645039613
APO-wr-DE,11,2092,8300,0.01272621645039613
APO-wr-DE,11,2092,8400,0.01272621645039613
APO-wr-DE,11,2092,8500,0.01272621645039613
APO-wr-DE,11,2092,8600,0.01272621645039613
APO-wr-DE,11,2092,8700,0.01272621645039613
APO-wr-DE,11,2092,8800,0.012711614879797028
APO-wr-DE,11,2092,8900,0.012711614879797028
APO-wr-DE,11,2092,9000,0.012711614879797028
APO-wr-DE,11,2092,9100,0.012711614879797028
APO-wr-DE,11,2092,9200,0.012711614879797028
APO-wr-DE,11,2092,9300,0.012711614879797028
APO-wr-DE,11,2092,9400,0.012711614879797028
APO-wr-DE,11,2092,9500,0.012707710245745484
APO-wr-DE,11,2092,9600,0.012707404871191702
APO-wr-DE,11,2092,9700,0.012707404871191702
APO-wr-DE,11,2092,9800,0.012706669853638167
APO-wr-DE,11,2092,9900,0.01270663213017419
APO-wr-DE,11,2092,10000,0.01270663213017419
APO-wr-LS,11,2092,100,0.06307384818642826
APO-wr-LS,11,2092,200,0.06307384818642826
APO-wr-LS,11,2092,300,0.05642489170515034
APO-wr-LS,11,2092,400,0.05642489170515034
APO-wr-LS,11,2092,500,0.045218380615023895
APO-wr-LS,11,2092,600,0.045218380615023895
APO-wr-LS,11,2092,700,0.037887122745872144
APO-wr-LS,11,2092,800,0.037887122745872144
APO-wr-LS,11,2092,900,0.017164219249791064
APO-wr-LS,11,2092,1000,0.017164219249791064
APO-wr-LS,11,2092,1100,0.016354753279793997
APO-wr-LS,11,2092,1200,0.016354753279793997
APO-wr-LS,11,2092,1300,0.016354753279793997
APO-wr-LS,11,2092,1400,0.016354753279793997
APO-wr-LS,11,2092,1500,0.016354753279793997
APO-wr-LS,11,2092,1600,0.016354753279793997
APO-wr-LS,11,2092,1700,0.015524302392369264
APO-wr-LS,11,2092,1800,0.015524302392369264
APO-wr-LS,11,2092,1900,0.015524302392369264
APO-wr-LS,11,2092,2000,0.015524302392369264
APO-wr-LS,11,2092,2100,0.015524302392369264
APO-wr-LS,11,2092,2200,0.015524302392369264
APO-wr-LS,11,2092,2300,0.015524302392369264
APO-wr-LS,11,2092,2400,0.014945186972277669
APO-wr-LS,11,2092,2500,0.014945186972277669
APO-wr-LS,11,2092,2600,0.014945186972277669
APO-wr-LS,11,2092,2700,0.014945186972277669
APO-wr-LS,11,2092,2800,0.014945186972277669
APO-wr-LS,11,2092,2900,0.01459089725242868
APO-wr-LS,11,2092,3000,0.01459089725242868
APO-wr-LS,11,2092,3100,0.01459089725242868
APO-wr-LS,11,2092,3200,0.01438352730590827
APO-wr-LS,11,2092,3300,0.01438352730590827
APO-wr-LS,11,2092,3400,0.01438352730590827
APO-wr-LS,11,2092,3500,0.01438352730590827
APO-wr-LS,11,2092,3600,0.014311558576690055
APO-wr-LS,11,2092,3700,0.014076730978239518
APO-wr-LS,11,2092,3800,0.014076730978239518
APO-wr-LS,11,2092,3900,0.014076730978239518
APO-wr-LS,11,2092,4000,0.014076730978239518
APO-wr-LS,11,2092,4100,0.014076730978239518
APO-wr-LS,11,2092,4200,0.014076730978239518
APO-wr-LS,11,2092,4300,0.01397593636193597
APO-wr-LS,11,2092,4400,0.01397593636193597
APO-wr-LS,11,2092,4500,0.01397593636193597
APO-wr-LS,11,2092,4600,0.01397593636193597
APO-wr-LS,11,2092,4700,0.013871412980651891
APO-wr-LS,11,2092,4800,0.013871412980651891
APO-wr-LS,11,2092,4900,0.01358484006860328
APO-wr-LS,11,2092,5000,0.013420675511197307
APO-wr-LS,11,2092,5100,0.013420675511197307
APO-wr-LS,11,2092,5200,0.013420675511197307
APO-wr-LS,11,2092,5300,0.013420675511197307
APO-wr-LS,11,2092,5400,0.013420675511197307
APO-wr-LS,11,2092,5500,0.013420675511197307
APO-wr-LS,11,2092,5600,0.01317707688777471
APO-wr-LS,11,2092,5700,0.01317707688777471
APO-wr-LS,11,2092,5800,0.01317707688777471
APO-wr-LS,11,2092,5900,0.01317707688777471
APO-wr-LS,11,2092,6000,0.01317707688777471
APO-wr-LS,11,2092,6100,0.01317707688777471
APO-wr-LS,11,2092,6200,0.013106193200482544
APO-wr-LS,11,2092,6300,0.013106193200482544
APO-wr-LS,11,2092,6400,0.013106193200482544
APO-wr-LS,11,2092,6500,0.013106193200482544
APO-wr-LS,11,2092,6600,0.013106193200482544
APO-wr-LS,11,2092,6700,0.013106193200482544
APO-wr-LS,11,2092,6800,0.013106193200482544
APO-wr-LS,11,2092,6900,0.013106193200482544
APO-wr-LS,11,2092,7000,0.013106193200482544
APO-wr-LS,11,2092,7100,0.013106193200482544
APO-wr-LS,11,2092,7200,0.013106193200482544
APO-wr-LS,11,2092,7300,0.013106193200482544
APO-wr-LS,11,2092,7400,0.013106193200482544
APO-wr-LS,11,2092,7500,0.013088277028734186
APO-wr-LS,11,2092,7600,0.013088277028734186
APO-wr-LS,11,2092,7700,0.013088277028734186
APO-wr-LS,11,2092,7800,0.01308016881325783
APO-wr-LS,11,2092,7900,0.01308016881325783
APO-wr-LS,11,2092,8000,0.013059954387511532
APO-wr-LS,11,2092,8100,0.013059954387511532
APO-wr-LS,11,2092,8200,0.013059954387511532
APO-wr-LS,11,2092,8300,0.013059954387511532
APO-wr-LS,11,2092,8400,0.013059954387511532
APO-wr-LS,11,2092,8500,0.013035981107385455
APO-wr-LS,11,2092,8600,0.013035981107385455
APO-wr-LS,11,2092,8700,0.013035981107385455
APO-wr-LS,11,2092,8800,0.012969095328303286
APO-wr-LS,11,2092,8900,0.012898640994575048
APO-wr-LS,11,2092,9000,0.012898640994575048
APO-wr-LS,11,2092,9100,0.012898640994575048
APO-wr-LS,11,2092,9200,0.012898640994575048
APO-wr-LS,11,2092,9300,0.012898640994575048
APO-wr-LS,11,2092,9400,0.012898638597199644
APO-wr-LS,11,2092,9500,0.0128936114054903
APO-wr-LS,11,2092,9600,0.01289139528794182
APO-wr-LS,11,2092,9700,0.01289139528794182
APO-wr-LS,11,2092,9800,0.01289139528794182
APO-wr-LS,11,2092,9900,0.01289139528794182
APO-wr-LS,11,2092,10000,0.01289139528794182
APO-wr-PSO,11,2092,100,0.06307384818642826
APO-wr-PSO,11,2092,200,0.06307384818642826
APO-wr-PSO,11,2092,300,0.06307384818642826
APO-wr-PSO,11,2092,400,0.039652658059141865
APO-wr-PSO,11,2092,500,0.01397587656065159
APO-wr-PSO,11,2092,600,0.01397587656065159
APO-wr-PSO,11,2092,700,0.01397587656065159
APO-wr-PSO,11,2092,800,0.01397587656065159
APO-wr-PSO,11,2092,900,0.01397587656065159
APO-wr-PSO,11,2092,1000,0.01397587656065159
APO-wr-PSO,11,2092,1100,0.01397587656065159
APO-wr-PSO,11,2092,1200,0.01346555003758813
APO-wr-PSO,11,2092,1300,0.013327316002157199
APO-wr-PSO,11,2092,1400,0.01328918640782545
APO-wr-PSO,11,2092,1500,0.01328918640782545
APO-wr-PSO,11,2092,1600,0.01328918640782545
APO-wr-PSO,11,2092,1700,0.01328918640782545
APO-wr-PSO,11,2092,1800,0.01328918640782545
APO-wr-PSO,11,2092,1900,0.01328918640782545
APO-wr-PSO,11,2092,2000,0.01328918640782545
APO-wr-PSO,11,2092,2100,0.01328918640782545
APO-wr-PSO,11,2092,2200,0.01328918640782545
APO-wr-PSO,11,2092,2300,0.01328918640782545
APO-wr-PSO,11,2092,2400,0.01328918640782545
APO-wr-PSO,11,2092,2500,0.01328918640782545
APO-wr-PSO,11,2092,2600,0.01328918640782545
APO-wr-PSO,11,2092,2700,0.01328918640782545
APO-wr-PSO,11,2092,2800,0.01328918640782545
APO-wr-PSO,11,2092,2900,0.01328918640782545
APO-wr-PSO,11,2092,3000,0.01328918640782545
APO-wr-PSO,11,2092,3100,0.013014561627673747
APO-wr-PSO,11,2092,3200,0.013014561627673747
APO-wr-PSO,11,2092,3300,0.013001638609547615
APO-wr-PSO,11,2092,3400,0.013001638609547615
APO-wr-PSO,11,2092,3500,0.013001638609547615
APO-wr-PSO,11,2092,3600,0.013001638609547615
APO-wr-PSO,11,2092,3700,0.013001638609547615
APO-wr-PSO,11,2092,3800,0.013001638609547615
APO-wr-PSO,11,2092,3900,0.013001638609547615
APO-wr-PSO,11,2092,4000,0.013001638609547615
APO-wr-PSO,11,2092,4100,0.013001638609547615
APO-wr-PSO,11,2092,4200,0.013001638609547615
APO-wr-PSO,11,2092,4300,0.013001638609547615
APO-wr-PSO,11,2092,4400,0.013001638609547615
APO-wr-PSO,11,2092,4500,0.013001638609547615
APO-wr-PSO,11,2092,4600,0.012995013433714802
APO-wr-PSO,11,2092,4700,0.012995013433714802
APO-wr-PSO,11,2092,4800,0.012995013433714802
APO-wr-PSO,11,2092,4900,0.012995013433714802
APO-wr-PSO,11,2092,5000,0.012989847630636252
APO-wr-PSO,11,2092,5100,0.012989847630636252
APO-wr-PSO,11,2092,5200,0.012989847630636252
APO-wr-PSO,11,2092,5300,0.012989847630636252
APO-wr-PSO,11,2092,5400,0.01278099167208975
APO-wr-PSO,11,2092,5500,0.01278099167208975
APO-wr-PSO,11,2092,5600,0.01278099167208975
APO-wr-PSO,11,2092,5700,0.01278099167208975
APO-wr-PSO,11,2092,5800,0.01278099167208975
APO-wr-PSO,11,2092,5900,0.01278099167208975
APO-wr-PSO,11,2092,6000,0.01278099167208975
APO-wr-PSO,11,2092,6100,0.01278099167208975
APO-wr-PSO,11,2092,6200,0.01276417341568772
APO-wr-PSO,11,2092,6300,0.01276417341568772
APO-wr-PSO,11,2092,6400,0.01276417341568772
APO-wr-PSO,11,2092,6500,0.01276417341568772
APO-wr-PSO,11,2092,6600,0.01276417341568772
APO-wr-PSO,11,2092,6700,0.01276417341568772
APO-wr-PSO,11,2092,6800,0.01276417341568772
APO-wr-PSO,11,2092,6900,0.012718843864809629
APO-wr-PSO,11,2092,7000,0.012718843864809629
APO-wr-PSO,11,2092,7100,0.012708170534981621
APO-wr-PSO,11,2092,7200,0.012697347642411561
APO-wr-PSO,11,2092,7300,0.012692289528753533
APO-wr-PSO,11,2092,7400,0.012692289528753533
APO-wr-PSO,11,2092,7500,0.012692289528753533
APO-wr-PSO,11,2092,7600,0.012692289528753533
APO-wr-PSO,11,2092,7700,0.012692289528753533
APO-wr-PSO,11,2092,7800,0.012692289528753533
APO-wr-PSO,11,2092,7900,0.012692289528753533
APO-wr-PSO,11,2092,8000,0.012692289528753533
APO-wr-PSO,11,2092,8100,0.012692289528753533
APO-wr-PSO,11,2092,8200,0.012692289528753533
APO-wr-PSO,11,2092,8300,0.012692289528753533
APO-wr-PSO,11,2092,8400,0.012692289528753533
APO-wr-PSO,11,2092,8500,0.012692289528753533
APO-wr-PSO,11,2092,8600,0.012692289528753533
APO-wr-PSO,11,2092,8700,0.012692289528753533
APO-wr-PSO,11,2092,8800,0.012692289528753533
APO-wr-PSO,11,2092,8900,0.012683128177030246
APO-wr-PSO,11,2092,9000,0.012683128177030246
APO-wr-PSO,11,2092,9100,0.012683128177030246
APO-wr-PSO,11,2092,9200,0.012683128177030246
APO-wr-PSO,11,2092,9300,0.012683128177030246
APO-wr-PSO,11,2092,9400,0.012683128177030246
APO-wr-PSO,11,2092,9500,0.012679019511367478
APO-wr-PSO,11,2092,9600,0.012678134949678614
APO-wr-PSO,11,2092,9700,0.012678134949678614
APO-wr-PSO,11,2092,9800,0.012678134949678614
APO-wr-PSO,11,2092,9900,0.012677990514376842
APO-wr-PSO,11,2092,10000,0.012677990514376842
APO,12,2099,100,0.11105440448174977
APO,12,2099,200,0.09047095470565196
APO,12,2099,300,0.09047095470565196
APO,12,2099,400,0.020088676371304116
APO,12,2099,500,0.020088676371304116
APO,12,2099,600,0.0179524861339483
APO,12,2099,700,0.017952486107442503
APO,12,2099,800,0.013352202571386031
APO,12,2099,900,0.013352202571386031
APO,12,2099,1000,0.013352202571386031
APO,12,2099,1100,0.013352202571386031
APO,12,2099,1200,0.013352202571386031
APO,12,2099,1300,0.013352202571386031
APO,12,2099,1400,0.013352202571386031
APO,12,2099,1500,0.013352202571386031
APO,12,2099,1600,0.013352202571386031
APO,12,2099,1700,0.013352202571386031
APO,12,2099,1800,0.013352202571386031
APO,12,2099,1900,0.013352202571386031
APO,12,2099,2000,0.013352202571386031
APO,12,2099,2100,0.013352202571386031
APO,12,2099,2200,0.013352202571386031
APO,12,2099,2300,0.013352202571386031
APO,12,2099,2400,0.013352202571386031
APO,12,2099,2500,0.013352202571386031
APO,12,2099,2600,0.013352202571386031
APO,12,2099,2700,0.013352202571386031
APO,12,2099,2800,0.013343397625894269
APO,12,2099,2900,0.013343397625894269
APO,12,2099,3000,0.013310351649250244
APO,12,2099,3100,0.01328777502111285
APO,12,2099,3200,0.01328777502111285
APO,12,2099,3300,0.01328777502111285
APO,12,2099,3400,0.012992860646419071
APO,12,2099,3500,0.012992860646419071
APO,12,2099,3600,0.012992860646419071
APO,12,2099,3700,0.012992860646419071
APO,12,2099,3800,0.012992860646419071
APO,12,2099,3900,0.012992860646419071
APO,12,2099,4000,0.012992860646419071
APO,12,2099,4100,0.012992860646419071
APO,12,2099,4200,0.012992860646419071
APO,12,2099,4300,0.012992860646419071
APO,12,2099,4400,0.012992860646419071
APO,12,2099,4500,0.012906339969598474
APO,12,2099,4600,0.012906339969598474
APO,12,2099,4700,0.012818925708589205
APO,12,2099,4800,0.012818925708589205
APO,12,2099,4900,0.012818925708589205
APO,12,2099,5000,0.012818925708589205
APO,12,2099,5100,0.012818925708589205
APO,12,2099,5200,0.012818925708589205
APO,12,2099,5300,0.012818925708589205
APO,12,2099,5400,0.012818925708589205
APO,12,2099,5500,0.012818925708589205
APO,12,2099,5600,0.012818925708589205
APO,12,2099,5700,0.012818925708589205
APO,12,2099,5800,0.012818925708589205
APO,12,2099,5900,0.012818925708589205
APO,12,2099,6000,0.012818925708589205
APO,12,2099,6100,0.012818925708589205
APO,12,2099,6200,0.012818925708589205
APO,12,2099,6300,0.012804484287512187
APO,12,2099,6400,0.012804484287512187
APO,12,2099,6500,0.012804484287512187
APO,12,2099,6600,0.012804484287512187
APO,12,2099,6700,0.012804484287512187
APO,12,2099,6800,0.012804484287512187
APO,12,2099,6900,0.012803581701958094
APO,12,2099,7000,0.012803541306165404
APO,12,2099,7100,0.012803541306165404
APO,12,2099,7200,0.012803541306165404
APO,12,2099,7300,0.012803541306165404
APO,12,2099,7400,0.012803541306165404
APO,12,2099,7500,0.012787532145272801
APO,12,2099,7600,0.012787532145272801
APO,12,2099,7700,0.012787532145272801
APO,12,2099,7800,0.012787532145272801
APO,12,2099,7900,0.012787532145272801
APO,12,2099,8000,0.012787532145272801
APO,12,2099,8100,0.012787532145272801
APO,12,2099,8200,0.012787532145272801
APO,12,2099,8300,0.012787532145272801
APO,12,2099,8400,0.012779513325874799
APO,12,2099,8500,0.01276206622818063
APO,12,2099,8600,0.01276206622818063
APO,12,2099,8700,0.012761882996954292
APO,12,2099,8800,0.012761882996954292
APO,12,2099,8900,0.01274519430341072
APO,12,2099,9000,0.01274519430341072
APO,12,2099,9100,0.012743459939215258
APO,12,2099,9200,0.012743355708401068
APO,12,2099,9300,0.012728871670972652
APO,12,2099,9400,0.012726494582253646
APO,12,2099,9500,0.012726494582253646
APO,12,2099,9600,0.012726494582253646
APO,12,2099,9700,0.012726494582253646
APO,12,2099,9800,0.012725681235451817
APO,12,2099,9900,0.012725434096204111
APO,12,2099,10000,0.012725434096204111
APO-wr,12,2099,100,0.11105440448174977
APO-wr,12,2099,200,0.11105440448174977
APO-wr,12,2099,300,0.10625853242042152
APO-wr,12,2099,400,0.10625853242042152
APO-wr,12,2099,500,0.021199235101199972
APO-wr,12,2099,600,0.021199235101199972
APO-wr,12,2099,700,0.021199235101199972
APO-wr,12,2099,800,0.021199235101199972
APO-wr,12,2099,900,0.021199235101199972
APO-wr,12,2099,1000,0.016001802915073016
APO-wr,12,2099,1100,0.014346635394093034
APO-wr,12,2099,1200,0.014346635394093034
APO-wr,12,2099,1300,0.014346635394093034
APO-wr,12,2099,1400,0.014346635394093034
APO-wr,12,2099,1500,0.014346635394093034
APO-wr,12,2099,1600,0.014346635394093034
APO-wr,12,2099,1700,0.014346635394093034
APO-wr,12,2099,1800,0.014346635394093034
APO-wr,12,2099,1900,0.014346635394093034
APO-wr,12,2099,2000,0.014346635394093034
APO-wr,12,2099,2100,0.014346635394093034
APO-wr,12,2099,2200,0.013902520250582941
APO-wr,12,2099,2300,0.013902520250582941
APO-wr,12,2099,2400,0.013902520250582941
APO-wr,12,2099,2500,0.013902520250582941
APO-wr,12,2099,2600,0.013902520250582941
APO-wr,12,2099,2700,0.013902520250582941
APO-wr,12,2099,2800,0.013902520250582941
APO-wr,12,2099,2900,0.013902520250582941
APO-wr,12,2099,3000,0.013902520250582941
APO-wr,12,2099,3100,0.013902520250582941
APO-wr,12,2099,3200,0.013902520250582941
APO-wr,12,2099,3300,0.013902520250582941
APO-wr,12,2099,3400,0.013468773246964898
APO-wr,12,2099,3500,0.013468773246964898
APO-wr,12,2099,3600,0.013468773246964898
APO-wr,12,2099,3700,0.013468773246964898
APO-wr,12,2099,3800,0.013468773246964898
APO-wr,12,2099,3900,0.013468773246964898
APO-wr,12,2099,4000,0.013468773246964898
APO-wr,12,2099,4100,0.012858096137110123
APO-wr,12,2099,4200,0.012841573425640998
APO-wr,12,2099,4300,0.012841573425640998
APO-wr,12,2099,4400,0.012841573425640998
APO-wr,12,2099,4500,0.012841573425640998
APO-wr,12,2099,4600,0.012841573425640998
APO-wr,12,2099,4700,0.012841573425640998
APO-wr,12,2099,4800,0.012841573425640998
APO-wr,12,2099,4900,0.012841573425640998
APO-wr,12,2099,5000,0.012841573425640998
APO-wr,12,2099,5100,0.012841573425640998
APO-wr,12,2099,5200,0.012841573425640998
APO-wr,12,2099,5300,0.012841573425640998
APO-wr,12,2099,5400,0.012841573425640998
APO-wr,12,2099,5500,0.012841573425640998
APO-wr,12,2099,5600,0.012841573425640998
APO-wr,12,2099,5700,0.012841573425640998
APO-wr,12,2099,5800,0.012821244224788204
APO-wr,12,2099,5900,0.012821244224788204
APO-wr,12,2099,6000,0.012821244224788204
APO-wr,12,2099,6100,0.012821244224788204
APO-wr,12,2099,6200,0.012821244224788204
APO-wr,12,2099,6300,0.012821244224788204
APO-wr,12,2099,6400,0.012821244224788204
APO-wr,12,2099,6500,0.012821244224788204
APO-wr,12,2099,6600,0.012821244224788204
APO-wr,12,2099,6700,0.012821244224788204
APO-wr,12,2099,6800,0.012817033132072705
APO-wr,12,2099,6900,0.012817033132072705
APO-wr,12,2099,7000,0.012817033132072705
APO-wr,12,2099,7100,0.012817033132072705
APO-wr,12,2099,7200,0.012817033132072705
APO-wr,12,2099,7300,0.012817033132072705
APO-wr,12,2099,7400,0.012817033132072705
APO-wr,12,2099,7500,0.012790208672557027
APO-wr,12,2099,7600,0.012790208672557027
APO-wr,12,2099,7700,0.012790208672557027
APO-wr,12,2099,7800,0.012790208672557027
APO-wr,12,2099,7900,0.012790208672557027
APO-wr,12,2099,8000,0.012790208672557027
APO-wr,12,2099,8100,0.012790208672557027
APO-wr,12,2099,8200,0.012782732684968127
APO-wr,12,2099,8300,0.012782732684968127
APO-wr,12,2099,8400,0.012782732684968127
APO-wr,12,2099,8500,0.012782357961879423
APO-wr,12,2099,8600,0.012782357961879423
APO-wr,12,2099,8700,0.012782357961879423
APO-wr,12,2099,8800,0.012782357961879423
APO-wr,12,2099,8900,0.012782357961879423
APO-wr,12,2099,9000,0.012782357961879423
APO-wr,12,2099,9100,0.01277560532815121
APO-wr,12,2099,9200,0.012768458454934102
APO-wr,12,2099,9300,0.01274971657107763
APO-wr,12,2099,9400,0.01274971657107763
APO-wr,12,2099,9500,0.012749618211413015
APO-wr,12,2099,9600,0.012748676208885121
APO-wr,12,2099,9700,0.012748555287712836
APO-wr,12,2099,9800,0.012748555287712836
APO-wr,12,2099,9900,0.012748555287712836
APO-wr,12,2099,10000,0.01274852264622868
APO-DE,12,2099,100,0.11105440448174977
APO-DE,12,2099,200,0.09047095470565196
APO-DE,12,2099,300,0.09047095470565196
APO-DE,12,2099,400,0.023476166353665045
APO-DE,12,2099,500,0.023476166353665045
APO-DE,12,2099,600,0.023476166353665045
APO-DE,12,2099,700,0.013339840616156146
APO-DE,12,2099,800,0.013339840616156146
APO-DE,12,2099,900,0.013339840616156146
APO-DE,12,2099,1000,0.013339840616156146
APO-DE,12,2099,1100,0.013339840616156146
APO-DE,12,2099,1200,0.013339840616156146
APO-DE,12,2099,1300,0.013339840616156146
APO-DE,12,2099,1400,0.013339840616156146
APO-DE,12,2099,1500,0.013339840616156146
APO-DE,12,2099,1600,0.013339840616156146
APO-DE,12,2099,1700,0.013339840616156146
APO-DE,12,2099,1800,0.013339840616156146
APO-DE,12,2099,1900,0.013339840616156146
APO-DE,12,2099,2000,0.013339840616156146
APO-DE,12,2099,2100,0.013339840616156146
APO-DE,12,2099,2200,0.013339840616156146
APO-DE,12,2099,2300,0.013339840616156146
APO-DE,12,2099,2400,0.013339840616156146
APO-DE,12,2099,2500,0.013339840616156146
APO-DE,12,2099,2600,0.013339840616156146
APO-DE,12,2099,2700,0.013339840616156146
APO-DE,12,2099,2800,0.013339840616156146
APO-DE,12,2099,2900,0.013339840616156146
APO-DE,12,2099,3000,0.013339840616156146
APO-DE,12,2099,3100,0.013339840616156146
APO-DE,12,2099,3200,0.012973060213170542
APO-DE,12,2099,3300,0.012973060213170542
APO-DE,12,2099,3400,0.012973060213170542
APO-DE,12,2099,3500,0.012973060213170542
APO-DE,12,2099,3600,0.012973060213170542
APO-DE,12,2099,3700,0.012973060213170542
APO-DE,12,2099,3800,0.012973060213170542
APO-DE,12,2099,3900,0.012973060213170542
APO-DE,12,2099,4000,0.012973060213170542
APO-DE,12,2099,4100,0.012973060213170542
APO-DE,12,2099,4200,0.012973060213170542
APO-DE,12,2099,4300,0.012973060213170542
APO-DE,12,2099,4400,0.012972604249195507
APO-DE,12,2099,4500,0.012830582316500729
APO-DE,12,2099,4600,0.012830582316500729
APO-DE,12,2099,4700,0.012830582316500729
APO-DE,12,2099,4800,0.012830582316500729
APO-DE,12,2099,4900,0.012830582316500729
APO-DE,12,2099,5000,0.012830582316500729
APO-DE,12,2099,5100,0.012830582316500729
APO-DE,12,2099,5200,0.012830582316500729
APO-DE,12,2099,5300,0.012830582316500729
APO-DE,12,2099,5400,0.012830582316500729
APO-DE,12,2099,5500,0.012830582316500729
APO-DE,12,2099,5600,0.012830582316500729
APO-DE,12,2099,5700,0.012830582316500729
APO-DE,12,2099,5800,0.012830582316500729
APO-DE,12,2099,5900,0.012830582316500729
APO-DE,12,2099,6000,0.012830582316500729
APO-DE,12,2099,6100,0.012830582316500729
APO-DE,12,2099,6200,0.012830582316500729
APO-DE,12,2099,6300,0.012830582316500729
APO-DE,12,2099,6400,0.012830582316500729
APO-DE,12,2099,6500,0.012818524803051174
APO-DE,12,2099,6600,0.012818524803051174
APO-DE,12,2099,6700,0.012806046544741833
APO-DE,12,2099,6800,0.012806046544741833
APO-DE,12,2099,6900,0.012806046544741833
APO-DE,12,2099,7000,0.012801286946307486
APO-DE,12,2099,7100,0.012791933112328239
APO-DE,12,2099,7200,0.012791933112328239
APO-DE,12,2099,7300,0.012791933112328239
APO-DE,12,2099,7400,0.012791933112328239
APO-DE,12,2099,7500,0.012791933112328239
APO-DE,12,2099,7600,0.012791933112328239
APO-DE,12,2099,7700,0.01276707810123177
APO-DE,12,2099,7800,0.01276707810123177
APO-DE,12,2099,7900,0.01276707810123177
APO-DE,12,2099,8000,0.01276707810123177
APO-DE,12,2099,8100,0.01276707810123177
APO-DE,12,2099,8200,0.012717580697879241
APO-DE,12,2099,8300,0.012717580697879241
APO-DE,12,2099,8400,0.012717580697879241
APO-DE,12,2099,8500,0.01271311770987168
APO-DE,12,2099,8600,0.012709831058856277
APO-DE,12,2099,8700,0.012709831058856277
APO-DE,12,2099,8800,0.012709831058856277
APO-DE,12,2099,8900,0.012709436657696669
APO-DE,12,2099,9000,0.012709436657696669
APO-DE,12,2099,9100,0.012709436657696669
APO-DE,12,2099,9200,0.012709436657696669
APO-DE,12,2099,9300,0.012709436657696669
APO-DE,12,2099,9400,0.012709436657696669
APO-DE,12,2099,9500,0.012697518174656251
APO-DE,12,2099,9600,0.012697518174656251
APO-DE,12,2099,9700,0.01269698284840479
APO-DE,12,2099,9800,0.01269698284840479
APO-DE,12,2099,9900,0.012696904008053306
APO-DE,12,2099,10000,0.012696904008053306
APO-LS,12,2099,100,0.11105440448174977
APO-LS,12,2099,200,0.09047095470565196
APO-LS,12,2099,300,0.0718404940246588
APO-LS,12,2099,400,0.03020446566517352
APO-LS,12,2099,500,0.03020446566517352
APO-LS,12,2099,600,0.02322660809369074
APO-LS,12,2099,700,0.02322660809369074
APO-LS,12,2099,800,0.02322660809369074
APO-LS,12,2099,900,0.01896413564075237
APO-LS,12,2099,1000,0.018130761570319964
APO-LS,12,2099,1100,0.018130761570319964
APO-LS,12,2099,1200,0.018130761570319964
APO-LS,12,2099,1300,0.0134131411304773
APO-LS,12,2099,1400,0.012856830715734029
APO-LS,12,2099,1500,0.012856830715734029
APO-LS,12,2099,1600,0.012856830715734029
APO-LS,12,2099,1700,0.012856830715734029
APO-LS,12,2099,1800,0.012856830715734029
APO-LS,12,2099,1900,0.012856830715734029
APO-LS,12,2099,2000,0.012856830715734029
APO-LS,12,2099,2100,0.012856830715734029
APO-LS,12,2099,2200,0.012856830715734029
APO-LS,12,2099,2300,0.012856830715734029
APO-LS,12,2099,2400,0.012856830715734029
APO-LS,12,2099,2500,0.012856830715734029
APO-LS,12,2099,2600,0.012856830715734029
APO-LS,12,2099,2700,0.012856830715734029
APO-LS,12,2099,2800,0.012856830715734029
APO-LS,12,2099,2900,0.012856830715734029
APO-LS,12,2099,3000,0.012856830715734029
APO-LS,12,2099,3100,0.012856830715734029
APO-LS,12,2099,3200,0.012856830715734029
APO-LS,12,2099,3300,0.012856830715734029
APO-LS,12,2099,3400,0.012856830715734029
APO-LS,12,2099,3500,0.012856830715734029
APO-LS,12,2099,3600,0.012856830715734029
APO-LS,12,2099,3700,0.012856830715734029
APO-LS,12,2099,3800,0.012856830715734029
APO-LS,12,2099,3900,0.012856830715734029
APO-LS,12,2099,4000,0.012856830715734029
APO-LS,12,2099,4100,0.012856830715734029
APO-LS,12,2099,4200,0.012856830715734029
APO-LS,12,2099,4300,0.012856830715734029
APO-LS,12,2099,4400,0.012856830715734029
APO-LS,12,2099,4500,0.012856830715734029
APO-LS,12,2099,4600,0.012856830715734029
APO-LS,12,2099,4700,0.012856830715734029
APO-LS,12,2099,4800,0.012856830715734029
APO-LS,12,2099,4900,0.012856830715734029
APO-LS,12,2099,5000,0.012856830715734029
APO-LS,12,2099,5100,0.012787602014682844
APO-LS,12,2099,5200,0.012787602014682844
APO-LS,12,2099,5300,0.012787602014682844
APO-LS,12,2099,5400,0.012787602014682844
APO-LS,12,2099,5500,0.012787602014682844
APO-LS,12,2099,5600,0.012787602014682844
APO-LS,12,2099,5700,0.012787602014682844
APO-LS,12,2099,5800,0.012787602014682844
APO-LS,12,2099,5900,0.012787602014682844
APO-LS,12,2099,6000,0.012787602014682844
APO-LS,12,2099,6100,0.012787602014682844
APO-LS,12,2099,6200,0.012787602014682844
APO-LS,12,2099,6300,0.012787602014682844
APO-LS,12,2099,6400,0.012787602014682844
APO-LS,12,2099,6500,0.012787602014682844
APO-LS,12,2099,6600,0.012787602014682844
APO-LS,12,2099,6700,0.012787602014682844
APO-LS,12,2099,6800,0.012787602014682844
APO-LS,12,2099,6900,0.012787602014682844
APO-LS,12,2099,7000,0.012787602014682844
APO-LS,12,2099,7100,0.012787602014682844
APO-LS,12,2099,7200,0.012787602014682844
APO-LS,12,2099,7300,0.012787602014682844
APO-LS,12,2099,7400,0.012773813820382214
APO-LS,12,2099,7500,0.012773813820382214
APO-LS,12,2099,7600,0.012773813820382214
APO-LS,12,2099,7700,0.012773813820382214
APO-LS,12,2099,7800,0.012773813820382214
APO-LS,12,2099,7900,0.012773813820382214
APO-LS,12,2099,8000,0.012773813820382214
APO-LS,12,2099,8100,0.012742842893706547
APO-LS,12,2099,8200,0.012742842893706547
APO-LS,12,2099,8300,0.012742842893706547
APO-LS,12,2099,8400,0.012707323587144093
APO-LS,12,2099,8500,0.012707323587144093
APO-LS,12,2099,8600,0.012707323587144093
APO-LS,12,2099,8700,0.012707323587144093
APO-LS,12,2099,8800,0.012707323587144093
APO-LS,12,2099,8900,0.012707323587144093
APO-LS,12,2099,9000,0.012707323587144093
APO-LS,12,2099,9100,0.012707323587144093
APO-LS,12,2099,9200,0.012706459221868667
APO-LS,12,2099,9300,0.012705624065449651
APO-LS,12,2099,9400,0.01269113484367545
APO-LS,12,2099,9500,0.01269113484367545
APO-LS,12,2099,9600,0.01268531168982094
APO-LS,12,2099,9700,0.01268531168982094
APO-LS,12,2099,9800,0.012684575637673395
APO-LS,12,2099,9900,0.012684138219534328
APO-LS,12,2099,10000,0.012683869809627145
APO-PSO,12,2099,100,0.11105440448174977
APO-PSO,12,2099,200,0.05717685708082531
APO-PSO,12,2099,300,0.03865002655652489
APO-PSO,12,2099,400,0.017518597432449604
APO-PSO,12,2099,500,0.017518597432449604
APO-PSO,12,2099,600,0.017518597432449604
APO-PSO,12,2099,700,0.017518597432449604
APO-PSO,12,2099,800,0.01626698343198977
APO-PSO,12,2099,900,0.01626698343198977
APO-PSO,12,2099,1000,0.01547280019883638
APO-PSO,12,2099,1100,0.01547280019883638
APO-PSO,12,2099,1200,0.01547280019883638
APO-PSO,12,2099,1300,0.01547280019883638
APO-PSO,12,2099,1400,0.01547280019883638
APO-PSO,12,2099,1500,0.01547280019883638
APO-PSO,12,2099,1600,0.01547280019883638
APO-PSO,12,2099,1700,0.01547280019883638
APO-PSO,12,2099,1800,0.014841846117306528
APO-PSO,12,2099,1900,0.014841846117306528
APO-PSO,12,2099,2000,0.014841846117306528
APO-PSO,12,2099,2100,0.014841846117306528
APO-PSO,12,2099,2200,0.014841846117306528
APO-PSO,12,2099,2300,0.014682384669873177
APO-PSO,12,2099,2400,0.014682384669873177
APO-PSO,12,2099,2500,0.014570552437999698
APO-PSO,12,2099,2600,0.014570552437999698
APO-PSO,12,2099,2700,0.014570552437999698
APO-PSO,12,2099,2800,0.014447968335404906
APO-PSO,12,2099,2900,0.01314771218160385
APO-PSO,12,2099,3000,0.01314771218160385
APO-PSO,12,2099,3100,0.01314771218160385
APO-PSO,12,2099,3200,0.01314771218160385
APO-PSO,12,2099,3300,0.01314771218160385
APO-PSO,12,2099,3400,0.01314771218160385
APO-PSO,12,2099,3500,0.01314771218160385
APO-PSO,12,2099,3600,0.01314771218160385
APO-PSO,12,2099,3700,0.01314771218160385
APO-PSO,12,2099,3800,0.01314771218160385
APO-PSO,12,2099,3900,0.01314771218160385
APO-PSO,12,2099,4000,0.01314771218160385
APO-PSO,12,2099,4100,0.01311757021448958
APO-PSO,12,2099,4200,0.01311757021448958
APO-PSO,12,2099,4300,0.01311757021448958
APO-PSO,12,2099,4400,0.01311757021448958
APO-PSO,12,2099,4500,0.01311757021448958
APO-PSO,12,2099,4600,0.01311757021448958
APO-PSO,12,2099,4700,0.01311757021448958
APO-PSO,12,2099,4800,0.01311757021448958
APO-PSO,12,2099,4900,0.01311757021448958
APO-PSO,12,2099,5000,0.01311757021448958
APO-PSO,12,2099,5100,0.01311757021448958
APO-PSO,12,2099,5200,0.01311757021448958
APO-PSO,12,2099,5300,0.01311757021448958
APO-PSO,12,2099,5400,0.01311757021448958
APO-PSO,12,2099,5500,0.01311757021448958
APO-PSO,12,2099,5600,0.01311757021448958
APO-PSO,12,2099,5700,0.01311757021448958
APO-PSO,12,2099,5800,0.01311757021448958
APO-PSO,12,2099,5900,0.01311757021448958
APO-PSO,12,2099,6000,0.01311757021448958
APO-PSO,12,2099,6100,0.012875409215676373
APO-PSO,12,2099,6200,0.012875409215676373
APO-PSO,12,2099,6300,0.012875409215676373
APO-PSO,12,2099,6400,0.012875409215676373
APO-PSO,12,2099,6500,0.012875409215676373
APO-PSO,12,2099,6600,0.012875409215676373
APO-PSO,12,2099,6700,0.012875409215676373
APO-PSO,12,2099,6800,0.012875409215676373
APO-PSO,12,2099,6900,0.012875409215676373
APO-PSO,12,2099,7000,0.012875409215676373
APO-PSO,12,2099,7100,0.012875409215676373
APO-PSO,12,2099,7200,0.012875409215676373
APO-PSO,12,2099,7300,0.012875409215676373
APO-PSO,12,2099,7400,0.012875409215676373
APO-PSO,12,2099,7500,0.012875409215676373
APO-PSO,12,2099,7600,0.012875409215676373
APO-PSO,12,2099,7700,0.012875409215676373
APO-PSO,12,2099,7800,0.012875409215676373
APO-PSO,12,2099,7900,0.012875409215676373
APO-PSO,12,2099,8000,0.012875409215676373
APO-PSO,12,2099,8100,0.012831676968384968
APO-PSO,12,2099,8200,0.012831676968384968
APO-PSO,12,2099,8300,0.012831676968384968
APO-PSO,12,2099,8400,0.012831676968384968
APO-PSO,12,2099,8500,0.012831676968384968
APO-PSO,12,2099,8600,0.012827453349333934
APO-PSO,12,2099,8700,0.012827453349333934
APO-PSO,12,2099,8800,0.012827453349333934
APO-PSO,12,2099,8900,0.012827453349333934
APO-PSO,12,2099,9000,0.012827453349333934
APO-PSO,12,2099,9100,0.012824838260724105
APO-PSO,12,2099,9200,0.012824838260724105
APO-PSO,12,2099,9300,0.012824838260724105
APO-PSO,12,2099,9400,0.012824838260724105
APO-PSO,12,2099,9500,0.012822399316406007
APO-PSO,12,2099,9600,0.012822399316406007
APO-PSO,12,2099,9700,0.012822399316406007
APO-PSO,12,2099,9800,0.01282161320394688
APO-PSO,12,2099,9900,0.012821507678549166
APO-PSO,12,2099,10000,0.01282145073758352
APO-wr-DE,12,2099,100,0.11105440448174977
APO-wr-DE,12,2099,200,0.11105440448174977
APO-wr-DE,12,2099,300,0.11105440448174977
APO-wr-DE,12,2099,400,0.03626299119930492
APO-wr-DE,12,2099,500,0.01615779146281623
APO-wr-DE,12,2099,600,0.01615779146281623
APO-wr-DE,12,2099,700,0.01615779146281623
APO-wr-DE,12,2099,800,0.01615779146281623
APO-wr-DE,12,2099,900,0.013241993953279222
APO-wr-DE,12,2099,1000,0.013241993953279222
APO-wr-DE,12,2099,1100,0.013241993953279222
APO-wr-DE,12,2099,1200,0.013241993953279222
APO-wr-DE,12,2099,1300,0.013241993953279222
APO-wr-DE,12,2099,1400,0.013241993953279222
APO-wr-DE,12,2099,1500,0.013241993953279222
APO-wr-DE,12,2099,1600,0.013241993953279222
APO-wr-DE,12,2099,1700,0.013241993953279222
APO-wr-DE,12,2099,1800,0.013241993953279222
APO-wr-DE,12,2099,1900,0.013241993953279222
APO-wr-DE,12,2099,2000,0.013134385221560676
APO-wr-DE,12,2099,2100,0.013134385221560676
APO-wr-DE,12,2099,2200,0.013134385221560676
APO-wr-DE,12,2099,2300,0.013134385221560676
APO-wr-DE,12,2099,2400,0.013134385221560676
APO-wr-DE,12,2099,2500,0.013134385221560676
APO-wr-DE,12,2099,2600,0.013080904269006278
APO-wr-DE,12,2099,2700,0.013080904269006278
APO-wr-DE,12,2099,2800,0.013080904269006278
APO-wr-DE,12,2099,2900,0.013080904269006278
APO-wr-DE,12,2099,3000,0.013080904269006278
APO-wr-DE,12,2099,3100,0.013080904269006278
APO-wr-DE,12,2099,3200,0.012931065729859194
APO-wr-DE,12,2099,3300,0.012931065729859194
APO-wr-DE,12,2099,3400,0.012931065729859194
APO-wr-DE,12,2099,3500,0.012931065729859194
APO-wr-DE,12,2099,3600,0.012931065729859194
APO-wr-DE,12,2099,3700,0.012931065729859194
APO-wr-DE,12,2099,3800,0.012931065729859194
APO-wr-DE,12,2099,3900,0.012931065729859194
APO-wr-DE,12,2099,4000,0.012931065729859194
APO-wr-DE,12,2099,4100,0.012931065729859194
APO-wr-DE,12,2099,4200,0.012931065729859194
APO-wr-DE,12,2099,4300,0.012931065729859194
APO-wr-DE,12,2099,4400,0.012931065729859194
APO-wr-DE,12,2099,4500,0.012931065729859194
APO-wr-DE,12,2099,4600,0.012777706896337523
APO-wr-DE,12,2099,4700,0.012777706896337523
APO-wr-DE,12,2099,4800,0.012777706896337523
APO-wr-DE,12,2099,4900,0.012777706896337523
APO-wr-DE,12,2099,5000,0.012777706896337523
APO-wr-DE,12,2099,5100,0.012777706896337523
APO-wr-DE,12,2099,5200,0.012777706896337523
APO-wr-DE,12,2099,5300,0.012777706896337523
APO-wr-DE,12,2099,5400,0.012777706896337523
APO-wr-DE,12,2099,5500,0.012777706896337523
APO-wr-DE,12,2099,5600,0.012777706896337523
APO-wr-DE,12,2099,5700,0.012777706896337523
APO-wr-DE,12,2099,5800,0.012777706896337523
APO-wr-DE,12,2099,5900,0.012777706896337523
APO-wr-DE,12,2099,6000,0.012777706896337523
APO-wr-DE,12,2099,6100,0.012777706896337523
APO-wr-DE,12,2099,6200,0.012777706896337523
APO-wr-DE,12,2099,6300,0.012777706896337523
APO-wr-DE,12,2099,6400,0.012777706896337523
APO-wr-DE,12,2099,6500,0.012777706896337523
APO-wr-DE,12,2099,6600,0.012777706896337523
APO-wr-DE,12,2099,6700,0.012777706896337523
APO-wr-DE,12,2099,6800,0.012777706896337523
APO-wr-DE,12,2099,6900,0.012777706896337523
APO-wr-DE,12,2099,7000,0.012727445667003968
APO-wr-DE,12,2099,7100,0.012727445667003968
APO-wr-DE,12,2099,7200,0.012727445667003968
APO-wr-DE,12,2099,7300,0.012727445667003968
APO-wr-DE,12,2099,7400,0.012727445667003968
APO-wr-DE,12,2099,7500,0.012727445667003968
APO-wr-DE,12,2099,7600,0.012727445667003968
APO-wr-DE,12,2099,7700,0.012727445667003968
APO-wr-DE,12,2099,7800,0.012727445667003968
APO-wr-DE,12,2099,7900,0.012727445667003968
APO-wr-DE,12,2099,8000,0.012727445667003968
APO-wr-DE,12,2099,8100,0.012727445667003968
APO-wr-DE,12,2099,8200,0.012717595079564985
APO-wr-DE,12,2099,8300,0.012689256074835542
APO-wr-DE,12,2099,8400,0.012689256074835542
APO-wr-DE,12,2099,8500,0.012676881943471587
APO-wr-DE,12,2099,8600,0.012676881943471587
APO-wr-DE,12,2099,8700,0.012676881943471587
APO-wr-DE,12,2099,8800,0.012676881943471587
APO-wr-DE,12,2099,8900,0.012676881943471587
APO-wr-DE,12,2099,9000,0.012676881943471587
APO-wr-DE,12,2099,9100,0.012676740021969694
APO-wr-DE,12,2099,9200,0.012676740021969694
APO-wr-DE,12,2099,9300,0.012676740021969694
APO-wr-DE,12,2099,9400,0.012676740021969694
APO-wr-DE,12,2099,9500,0.012676740021969694
APO-wr-DE,12,2099,9600,0.012676740021969694
APO-wr-DE,12,2099,9700,0.012675951990323243
APO-wr-DE,12,2099,9800,0.012675951990323243
APO-wr-DE,12,2099,9900,0.012675808070067286
APO-wr-DE,12,2099,10000,0.012675808070067286
APO-wr-LS,12,2099,100,0.11105440448174977
APO-wr-LS,12,2099,200,0.11105440448174977
APO-wr-LS,12,2099,300,0.11105440448174977
APO-wr-LS,12,2099,400,0.0653130499947059
APO-wr-LS,12,2099,500,0.020344251927027174
APO-wr-LS,12,2099,600,0.020344251927027174
APO-wr-LS,12,2099,700,0.020344251927027174
APO-wr-LS,12,2099,800,0.020344251927027174
APO-wr-LS,12,2099,900,0.020067055425212733
APO-wr-LS,12,2099,1000,0.019775667313219395
APO-wr-LS,12,2099,1100,0.015422724490822357
APO-wr-LS,12,2099,1200,0.015422724490822357
APO-wr-LS,12,2099,1300,0.015422724490822357
APO-wr-LS,12,2099,1400,0.015422724490822357
APO-wr-LS,12,2099,1500,0.014488791209087208
APO-wr-LS,12,2099,1600,0.014488791209087208
APO-wr-LS,12,2099,1700,0.014488791209087208
APO-wr-LS,12,2099,1800,0.014488791209087208
APO-wr-LS,12,2099,1900,0.014488791209087208
APO-wr-LS,12,2099,2000,0.014488791209087208
APO-wr-LS,12,2099,2100,0.013921073072479787
APO-wr-LS,12,2099,2200,0.013921073072479787
APO-wr-LS,12,2099,2300,0.013921073072479787
APO-wr-LS,12,2099,2400,0.013921073072479787
APO-wr-LS,12,2099,2500,0.013921073072479787
APO-wr-LS,12,2099,2600,0.013921073072479787
APO-wr-LS,12,2099,2700,0.013921073072479787
APO-wr-LS,12,2099,2800,0.013921073072479787
APO-wr-LS,12,2099,2900,0.013921073072479787
APO-wr-LS,12,2099,3000,0.013921073072479787
APO-wr-LS,12,2099,3100,0.013921073072479787
APO-wr-LS,12,2099,3200,0.013921073072479787
APO-wr-LS,12,2099,3300,0.013921073072479787
APO-wr-LS,12,2099,3400,0.013900055178582008
APO-wr-LS,12,2099,3500,0.013900055178582008
APO-wr-LS,12,2099,3600,0.013900055178582008
APO-wr-LS,12,2099,3700,0.013900055178582008
APO-wr-LS,12,2099,3800,0.013900055178582008
APO-wr-LS,12,2099,3900,0.013900055178582008
APO-wr-LS,12,2099,4000,0.013900055178582008
APO-wr-LS,12,2099,4100,0.013900055178582008
APO-wr-LS,12,2099,4200,0.013801052125996903
APO-wr-LS,12,2099,4300,0.013801052125996903
APO-wr-LS,12,2099,4400,0.013801052125996903
APO-wr-LS,12,2099,4500,0.013489461845632718
APO-wr-LS,12,2099,4600,0.013489461845632718
APO-wr-LS,12,2099,4700,0.013489461845632718
APO-wr-LS,12,2099,4800,0.013489461845632718
APO-wr-LS,12,2099,4900,0.013489461845632718
APO-wr-LS,12,2099,5000,0.013489461845632718
APO-wr-LS,12,2099,5100,0.013489461845632718
APO-wr-LS,12,2099,5200,0.013489461845632718
APO-wr-LS,12,2099,5300,0.013489461845632718
APO-wr-LS,12,2099,5400,0.013489461845632718
APO-wr-LS,12,2099,5500,0.013489461845632718
APO-wr-LS,12,2099,5600,0.013489461845632718
APO-wr-LS,12,2099,5700,0.013489461845632718
APO-wr-LS,12,2099,5800,0.013489461845632718
APO-wr-LS,12,2099,5900,0.013489461845632718
APO-wr-LS,12,2099,6000,0.0130543058359284
APO-wr-LS,12,2099,6100,0.0130543058359284
APO-wr-LS,12,2099,6200,0.0130543058359284
APO-wr-LS,12,2099,6300,0.0130543058359284
APO-wr-LS,12,2099,6400,0.0130543058359284
APO-wr-LS,12,2099,6500,0.0130543058359284
APO-wr-LS,12,2099,6600,0.0130543058359284
APO-wr-LS,12,2099,6700,0.0130543058359284
APO-wr-LS,12,2099,6800,0.012973618407783185
APO-wr-LS,12,2099,6900,0.012973618407783185
APO-wr-LS,12,2099,7000,0.012973618407783185
APO-wr-LS,12,2099,7100,0.01294815765727659
APO-wr-LS,12,2099,7200,0.0127794522039225
APO-wr-LS,12,2099,7300,0.0127794522039225
APO-wr-LS,12,2099,7400,0.0127794522039225
APO-wr-LS,12,2099,7500,0.0127794522039225
APO-wr-LS,12,2099,7600,0.0127794522039225
APO-wr-LS,12,2099,7700,0.0127794522039225
APO-wr-LS,12,2099,7800,0.0127794522039225
APO-wr-LS,12,2099,7900,0.0127794522039225
APO-wr-LS,12,2099,8000,0.0127794522039225
APO-wr-LS,12,2099,8100,0.0127794522039225
APO-wr-LS,12,2099,8200,0.0127794522039225
APO-wr-LS,12,2099,8300,0.0127794522039225
APO-wr-LS,12,2099,8400,0.0127794522039225
APO-wr-LS,12,2099,8500,0.0127794522039225
APO-wr-LS,12,2099,8600,0.0127794522039225
APO-wr-LS,12,2099,8700,0.0127794522039225
APO-wr-LS,12,2099,8800,0.0127794522039225
APO-wr-LS,12,2099,8900,0.0127794522039225
APO-wr-LS,12,2099,9000,0.012778660641335291
APO-wr-LS,12,2099,9100,0.012778660641335291
APO-wr-LS,12,2099,9200,0.012778189295616717
APO-wr-LS,12,2099,9300,0.012778189295616717
APO-wr-LS,12,2099,9400,0.012778189295616717
APO-wr-LS,12,2099,9500,0.012778189295616717
APO-wr-LS,12,2099,9600,0.012770075100679266
APO-wr-LS,12,2099,9700,0.012766639291435544
APO-wr-LS,12,2099,9800,0.012764999444580254
APO-wr-LS,12,2099,9900,0.012764999444580254
APO-wr-LS,12,2099,10000,0.012764999444580254
APO-wr-PSO,12,2099,100,0.11105440448174977
APO-wr-PSO,12,2099,200,0.05717685708082531
APO-wr-PSO,12,2099,300,0.04194658128334418
APO-wr-PSO,12,2099,400,0.022036843779630375
APO-wr-PSO,12,2099,500,0.013463135158056012
APO-wr-PSO,12,2099,600,0.013463135158056012
APO-wr-PSO,12,2099,700,0.013463135158056012
APO-wr-PSO,12,2099,800,0.013354865147081856
APO-wr-PSO,12,2099,900,0.013354865147081856
APO-wr-PSO,12,2099,1000,0.013354865147081856
APO-wr-PSO,12,2099,1100,0.013354865147081856
APO-wr-PSO,12,2099,1200,0.013354865147081856
APO-wr-PSO,12,2099,1300,0.013354865147081856
APO-wr-PSO,12,2099,1400,0.013354865147081856
APO-wr-PSO,12,2099,1500,0.013320853766821282
APO-wr-PSO,12,2099,1600,0.013320853766821282
APO-wr-PSO,12,2099,1700,0.013320853766821282
APO-wr-PSO,12,2099,1800,0.013320853766821282
APO-wr-PSO,12,2099,1900,0.013320853766821282
APO-wr-PSO,12,2099,2000,0.013320853766821282
APO-wr-PSO,12,2099,2100,0.013320853766821282
APO-wr-PSO,12,2099,2200,0.013320853766821282
APO-wr-PSO,12,2099,2300,0.013277792340978188
APO-wr-PSO,12,2099,2400,0.013277792340978188
APO-wr-PSO,12,2099,2500,0.013277792340978188
APO-wr-PSO,12,2099,2600,0.013277792340978188
APO-wr-PSO,12,2099,2700,0.013277792340978188
APO-wr-PSO,12,2099,2800,0.013277792340978188
APO-wr-PSO,12,2099,2900,0.013277792340978188
APO-wr-PSO,12,2099,3000,0.013277792340978188
APO-wr-PSO,12,2099,3100,0.01324596257224312
APO-wr-PSO,12,2099,3200,0.01324596257224312
APO-wr-PSO,12,2099,3300,0.01324596257224312
APO-wr-PSO,12,2099,3400,0.01324596257224312
APO-wr-PSO,12,2099,3500,0.01324596257224312
APO-wr-PSO,12,2099,3600,0.01324596257224312
APO-wr-PSO,12,2099,3700,0.013155674781175408
APO-wr-PSO,12,2099,3800,0.013155674781175408
APO-wr-PSO,12,2099,3900,0.013155674781175408
APO-wr-PSO,12,2099,4000,0.013155674781175408
APO-wr-PSO,12,2099,4100,0.013155674781175408
APO-wr-PSO,12,2099,4200,0.013155674781175408
APO-wr-PSO,12,2099,4300,0.013155674781175408
APO-wr-PSO,12,2099,4400,0.013155674781175408
APO-wr-PSO,12,2099,4500,0.013155674781175408
APO-wr-PSO,12,2099,4600,0.013155674781175408
APO-wr-PSO,12,2099,4700,0.013155674781175408
APO-wr-PSO,12,2099,4800,0.013155674781175408
APO-wr-PSO,12,2099,4900,0.013155674781175408
APO-wr-PSO,12,2099,5000,0.013155674781175408
APO-wr-PSO,12,2099,5100,0.013155674781175408
APO-wr-PSO,12,2099,5200,0.013155674781175408
APO-wr-PSO,12,2099,5300,0.013155674781175408
APO-wr-PSO,12,2099,5400,0.013120648673117439
APO-wr-PSO,12,2099,5500,0.013120648673117439
APO-wr-PSO,12,2099,5600,0.013120648673117439
APO-wr-PSO,12,2099,5700,0.013120648673117439
APO-wr-PSO,12,2099,5800,0.013120648673117439
APO-wr-PSO,12,2099,5900,0.013120648673117439
APO-wr-PSO,12,2099,6000,0.013120648673117439
APO-wr-PSO,12,2099,6100,0.013120648673117439
APO-wr-PSO,12,2099,6200,0.013120648673117439
APO-wr-PSO,12,2099,6300,0.013120648673117439
APO-wr-PSO,12,2099,6400,0.012948217751583242
APO-wr-PSO,12,2099,6500,0.012948217751583242
APO-wr-PSO,12,2099,6600,0.012948217751583242
APO-wr-PSO,12,2099,6700,0.012948217751583242
APO-wr-PSO,12,2099,6800,0.012948217751583242
APO-wr-PSO,12,2099,6900,0.012948217751583242
APO-wr-PSO,12,2099,7000,0.012948217751583242
APO-wr-PSO,12,2099,7100,0.012948217751583242
APO-wr-PSO,12,2099,7200,0.012948217751583242
APO-wr-PSO,12,2099,7300,0.012948217751583242
APO-wr-PSO,12,2099,7400,0.012948217751583242
APO-wr-PSO,12,2099,7500,0.012948217751583242
APO-wr-PSO,12,2099,7600,0.012948217751583242
APO-wr-PSO,12,2099,7700,0.012948217751583242
APO-wr-PSO,12,2099,7800,0.012948217751583242
APO-wr-PSO,12,2099,7900,0.012948217751583242
APO-wr-PSO,12,2099,8000,0.012844835273646047
APO-wr-PSO,12,2099,8100,0.012844835273646047
APO-wr-PSO,12,2099,8200,0.012834464187160973
APO-wr-PSO,12,2099,8300,0.012834464187160973
APO-wr-PSO,12,2099,8400,0.012834464187160973
APO-wr-PSO,12,2099,8500,0.012834464187160973
APO-wr-PSO,12,2099,8600,0.012834464187160973
APO-wr-PSO,12,2099,8700,0.012834464187160973
APO-wr-PSO,12,2099,8800,0.012834464187160973
APO-wr-PSO,12,2099,8900,0.012834464187160973
APO-wr-PSO,12,2099,9000,0.012834464187160973
APO-wr-PSO,12,2099,9100,0.012834464187160973
APO-wr-PSO,12,2099,9200,0.012834464187160973
APO-wr-PSO,12,2099,9300,0.012834464187160973
APO-wr-PSO,12,2099,9400,0.012834464187160973
APO-wr-PSO,12,2099,9500,0.012828071182997577
APO-wr-PSO,12,2099,9600,0.012821941639792469
APO-wr-PSO,12,2099,9700,0.012821915501411039
APO-wr-PSO,12,2099,9800,0.012819459145742439
APO-wr-PSO,12,2099,9900,0.012819459145742439
APO-wr-PSO,12,2099,10000,0.012819459145742439
APO,13,2106,100,0.0200612333350078
APO,13,2106,200,0.0200612333350078
APO,13,2106,300,0.020061232924600887
APO,13,2106,400,0.020061232924600887
APO,13,2106,500,0.020061232924600887
APO,13,2106,600,0.0200612323330098
APO,13,2106,700,0.020061231069467635
APO,13,2106,800,0.013990707108639538
APO,13,2106,900,0.013990707108639538
APO,13,2106,1000,0.013990707108639538
APO,13,2106,1100,0.013990707108639538
APO,13,2106,1200,0.013990707108639538
APO,13,2106,1300,0.013990707108639538
APO,13,2106,1400,0.013990707108639538
APO,13,2106,1500,0.01392140847188784
APO,13,2106,1600,0.01392140847188784
APO,13,2106,1700,0.013245109859108638
APO,13,2106,1800,0.013245109859108638
APO,13,2106,1900,0.013245109859108638
APO,13,2106,2000,0.013245109859108638
APO,13,2106,2100,0.013245109859108638
APO,13,2106,2200,0.013245109859108638
APO,13,2106,2300,0.013245109859108638
APO,13,2106,2400,0.013245109859108638
APO,13,2106,2500,0.013245109859108638
APO,13,2106,2600,0.013245109859108638
APO,13,2106,2700,0.013245109859108638
APO,13,2106,2800,0.013245109859108638
APO,13,2106,2900,0.013245109859108638
APO,13,2106,3000,0.013245109859108638
APO,13,2106,3100,0.013245109859108638
APO,13,2106,3200,0.013245109859108638
APO,13,2106,3300,0.013245109859108638
APO,13,2106,3400,0.013245109859108638
APO,13,2106,3500,0.013245109859108638
APO,13,2106,3600,0.013245109859108638
APO,13,2106,3700,0.013245109859108638
APO,13,2106,3800,0.013245109859108638
APO,13,2106,3900,0.013245109859108638
APO,13,2106,4000,0.013245109859108638
APO,13,2106,4100,0.013245109859108638
APO,13,2106,4200,0.01298584630576773
APO,13,2106,4300,0.01298584630576773
APO,13,2106,4400,0.012725233432398484
APO,13,2106,4500,0.012725233432398484
APO,13,2106,4600,0.012725233432398484
APO,13,2106,4700,0.012725233432398484
APO,13,2106,4800,0.012725233432398484
APO,13,2106,4900,0.012725233432398484
APO,13,2106,5000,0.012725233432398484
APO,13,2106,5100,0.012725233432398484
APO,13,2106,5200,0.012725233432398484
APO,13,2106,5300,0.012725233432398484
APO,13,2106,5400,0.012725233432398484
APO,13,2106,5500,0.012725233432398484
APO,13,2106,5600,0.012725233432398484
APO,13,2106,5700,0.012725233432398484
APO,13,2106,5800,0.012725233432398484
APO,13,2106,5900,0.012725233432398484
APO,13,2106,6000,0.012725233432398484
APO,13,2106,6100,0.012725233432398484
APO,13,2106,6200,0.012725233432398484
APO,13,2106,6300,0.012725233432398484
APO,13,2106,6400,0.012717823811125597
APO,13,2106,6500,0.012717823811125597
APO,13,2106,6600,0.012717823811125597
APO,13,2106,6700,0.012717823811125597
APO,13,2106,6800,0.012717823811125597
APO,13,2106,6900,0.012717823811125597
APO,13,2106,7000,0.012717823811125597
APO,13,2106,7100,0.012717823811125597
APO,13,2106,7200,0.012717823811125597
APO,13,2106,7300,0.012717823811125597
APO,13,2106,7400,0.012717823811125597
APO,13,2106,7500,0.012717823811125597
APO,13,2106,7600,0.012717823811125597
APO,13,2106,7700,0.012717823811125597
APO,13,2106,7800,0.012717823811125597
APO,13,2106,7900,0.012717823811125597
APO,13,2106,8000,0.012717823811125597
APO,13,2106,8100,0.012717823811125597
APO,13,2106,8200,0.012717823811125597
APO,13,2106,8300,0.012717823811125597
APO,13,2106,8400,0.0127142087964267
APO,13,2106,8500,0.012709439843283583
APO,13,2106,8600,0.012709439843283583
APO,13,2106,8700,0.012709439843283583
APO,13,2106,8800,0.012709439843283583
APO,13,2106,8900,0.012709439843283583
APO,13,2106,9000,0.012709439843283583
APO,13,2106,9100,0.012709439843283583
APO,13,2106,9200,0.012709439843283583
APO,13,2106,9300,0.012709439843283583
APO,13,2106,9400,0.012709439843283583
APO,13,2106,9500,0.01270499587667491
APO,13,2106,9600,0.01270499587667491
APO,13,2106,9700,0.012700702286877169
APO,13,2106,9800,0.012699585466325776
APO,13,2106,9900,0.012699113620713921
APO,13,2106,10000,0.012699113620713921
APO-wr,13,2106,100,0.0200612333350078
APO-wr,13,2106,200,0.0200612333350078
APO-wr,13,2106,300,0.0200612333350078
APO-wr,13,2106,400,0.0200612333350078
APO-wr,13,2106,500,0.017010124175856164
APO-wr,13,2106,600,0.017010124175856164
APO-wr,13,2106,700,0.017010124175856164
APO-wr,13,2106,800,0.013272845123130577
APO-wr,13,2106,900,0.013272845123130577
APO-wr,13,2106,1000,0.013272845123130577
APO-wr,13,2106,1100,0.013272845123130577
APO-wr,13,2106,1200,0.013272845123130577
APO-wr,13,2106,1300,0.013272845123130577
APO-wr,13,2106,1400,0.013272845123130577
APO-wr,13,2106,1500,0.013272845123130577
APO-wr,13,2106,1600,0.013272845123130577
APO-wr,13,2106,1700,0.013272845123130577
APO-wr,13,2106,1800,0.013272845123130577
APO-wr,13,2106,1900,0.013272845123130577
APO-wr,13,2106,2000,0.013272845123130577
APO-wr,13,2106,2100,0.013272845123130577
APO-wr,13,2106,2200,0.013272845123130577
APO-wr,13,2106,2300,0.012890364884250162
APO-wr,13,2106,2400,0.012890364884250162
APO-wr,13,2106,2500,0.012890364884250162
APO-wr,13,2106,2600,0.012890364884250162
APO-wr,13,2106,2700,0.012890364884250162
APO-wr,13,2106,2800,0.012890364884250162
APO-wr,13,2106,2900,0.012890364884250162
APO-wr,13,2106,3000,0.012890364884250162
APO-wr,13,2106,3100,0.012890364884250162
APO-wr,13,2106,3200,0.012890364884250162
APO-wr,13,2106,3300,0.012890364884250162
APO-wr,13,2106,3400,0.012890364884250162
APO-wr,13,2106,3500,0.012890364884250162
APO-wr,13,2106,3600,0.012890364884250162
APO-wr,13,2106,3700,0.012890364884250162
APO-wr,13,2106,3800,0.012890364884250162
APO-wr,13,2106,3900,0.012890364884250162
APO-wr,13,2106,4000,0.012890364884250162
APO-wr,13,2106,4100,0.012890364884250162
APO-wr,13,2106,4200,0.012890364884250162
APO-wr,13,2106,4300,0.012890364884250162
APO-wr,13,2106,4400,0.012890364884250162
APO-wr,13,2106,4500,0.012890364884250162
APO-wr,13,2106,4600,0.012890364884250162
APO-wr,13,2106,4700,0.012890364884250162
APO-wr,13,2106,4800,0.012890364884250162
APO-wr,13,2106,4900,0.012890364884250162
APO-wr,13,2106,5000,0.012890364884250162
APO-wr,13,2106,5100,0.012890364884250162
APO-wr,13,2106,5200,0.012890364884250162
APO-wr,13,2106,5300,0.012890364884250162
APO-wr,13,2106,5400,0.012890364884250162
APO-wr,13,2106,5500,0.012890364884250162
APO-wr,13,2106,5600,0.012890364884250162
APO-wr,13,2106,5700,0.012890364884250162
APO-wr,13,2106,5800,0.012890364884250162
APO-wr,13,2106,5900,0.012890364884250162
APO-wr,13,2106,6000,0.012890364884250162
APO-wr,13,2106,6100,0.012890364884250162
APO-wr,13,2106,6200,0.012890364884250162
APO-wr,13,2106,6300,0.012890364884250162
APO-wr,13,2106,6400,0.012890364884250162
APO-wr,13,2106,6500,0.012890364884250162
APO-wr,13,2106,6600,0.012890364884250162
APO-wr,13,2106,6700,0.012890364884250162
APO-wr,13,2106,6800,0.012890364884250162
APO-wr,13,2106,6900,0.012890364884250162
APO-wr,13,2106,7000,0.012890364884250162
APO-wr,13,2106,7100,0.012890364884250162
APO-wr,13,2106,7200,0.012890364884250162
APO-wr,13,2106,7300,0.012890364884250162
APO-wr,13,2106,7400,0.012890364884250162
APO-wr,13,2106,7500,0.012890364884250162
APO-wr,13,2106,7600,0.012890364884250162
APO-wr,13,2106,7700,0.012890364884250162
APO-wr,13,2106,7800,0.012890364884250162
APO-wr,13,2106,7900,0.012890364884250162
APO-wr,13,2106,8000,0.012890364884250162
APO-wr,13,2106,8100,0.012869703868284538
APO-wr,13,2106,8200,0.012869703868284538
APO-wr,13,2106,8300,0.012869703868284538
APO-wr,13,2106,8400,0.012869703868284538
APO-wr,13,2106,8500,0.012869703868284538
APO-wr,13,2106,8600,0.012749558941332307
APO-wr,13,2106,8700,0.012749558941332307
APO-wr,13,2106,8800,0.012749558941332307
APO-wr,13,2106,8900,0.012749558941332307
APO-wr,13,2106,9000,0.012749558941332307
APO-wr,13,2106,9100,0.012749558941332307
APO-wr,13,2106,9200,0.012749558941332307
APO-wr,13,2106,9300,0.012749558941332307
APO-wr,13,2106,9400,0.012749558941332307
APO-wr,13,2106,9500,0.012749558941332307
APO-wr,13,2106,9600,0.012749558941332307
APO-wr,13,2106,9700,0.012748839676292213
APO-wr,13,2106,9800,0.012748805567693896
APO-wr,13,2106,9900,0.012748805567693896
APO-wr,13,2106,10000,0.01274879890704899
APO-DE,13,2106,100,0.0200612333350078
APO-DE,13,2106,200,0.0200612333350078
APO-DE,13,2106,300,0.0200612333350078
APO-DE,13,2106,400,0.0200612333350078
APO-DE,13,2106,500,0.0200612333350078
APO-DE,13,2106,600,0.0200612333350078
APO-DE,13,2106,700,0.0200612333350078
APO-DE,13,2106,800,0.0200612333350078
APO-DE,13,2106,900,0.013151902026789538
APO-DE,13,2106,1000,0.013151902026789538
APO-DE,13,2106,1100,0.013151902026789538
APO-DE,13,2106,1200,0.013151902026789538
APO-DE,13,2106,1300,0.013151902026789538
APO-DE,13,2106,1400,0.013007458920040786
APO-DE,13,2106,1500,0.013007458920040786
APO-DE,13,2106,1600,0.013007458920040786
APO-DE,13,2106,1700,0.013007458920040786
APO-DE,13,2106,1800,0.013007458920040786
APO-DE,13,2106,1900,0.013007458920040786
APO-DE,13,2106,2000,0.013007458920040786
APO-DE,13,2106,2100,0.013007458920040786
APO-DE,13,2106,2200,0.013007458920040786
APO-DE,13,2106,2300,0.013007458920040786
APO-DE,13,2106,2400,0.013007458920040786
APO-DE,13,2106,2500,0.013007458920040786
APO-DE,13,2106,2600,0.013007458920040786
APO-DE,13,2106,2700,0.013007458920040786
APO-DE,13,2106,2800,0.013007458920040786
APO-DE,13,2106,2900,0.013007458920040786
APO-DE,13,2106,3000,0.013007458920040786
APO-DE,13,2106,3100,0.013007458920040786
APO-DE,13,2106,3200,0.013007458920040786
APO-DE,13,2106,3300,0.013007458920040786
APO-DE,13,2106,3400,0.013007458920040786
APO-DE,13,2106,3500,0.013007458920040786
APO-DE,13,2106,3600,0.013007458920040786
APO-DE,13,2106,3700,0.013007458920040786
APO-DE,13,2106,3800,0.013007458920040786
APO-DE,13,2106,3900,0.013007458920040786
APO-DE,13,2106,4000,0.013007458920040786
APO-DE,13,2106,4100,0.013007458920040786
APO-DE,13,2106,4200,0.013007458920040786
APO-DE,13,2106,4300,0.013007458920040786
APO-DE,13,2106,4400,0.012847572289550286
APO-DE,13,2106,4500,0.012847572289550286
APO-DE,13,2106,4600,0.012847572289550286
APO-DE,13,2106,4700,0.012847572289550286
APO-DE,13,2106,4800,0.012847572289550286
APO-DE,13,2106,4900,0.012847572289550286
APO-DE,13,2106,5000,0.012847572289550286
APO-DE,13,2106,5100,0.012847572289550286
APO-DE,13,2106,5200,0.012847572289550286
APO-DE,13,2106,5300,0.012847572289550286
APO-DE,13,2106,5400,0.012793400792187494
APO-DE,13,2106,5500,0.012793400792187494
APO-DE,13,2106,5600,0.012793400792187494
APO-DE,13,2106,5700,0.012793400792187494
APO-DE,13,2106,5800,0.012793400792187494
APO-DE,13,2106,5900,0.012793400792187494
APO-DE,13,2106,6000,0.012793400792187494
APO-DE,13,2106,6100,0.012786225405883592
APO-DE,13,2106,6200,0.012786225405883592
APO-DE,13,2106,6300,0.012786225405883592
APO-DE,13,2106,6400,0.012786225405883592
APO-DE,13,2106,6500,0.012786225405883592
APO-DE,13,2106,6600,0.012786225405883592
APO-DE,13,2106,6700,0.012786225405883592
APO-DE,13,2106,6800,0.012786225405883592
APO-DE,13,2106,6900,0.012786225405883592
APO-DE,13,2106,7000,0.012786225405883592
APO-DE,13,2106,7100,0.012786225405883592
APO-DE,13,2106,7200,0.012786225405883592
APO-DE,13,2106,7300,0.012786225405883592
APO-DE,13,2106,7400,0.012786225405883592
APO-DE,13,2106,7500,0.012786225405883592
APO-DE,13,2106,7600,0.012786225405883592
APO-DE,13,2106,7700,0.012729859701449896
APO-DE,13,2106,7800,0.012729859701449896
APO-DE,13,2106,7900,0.012729859701449896
APO-DE,13,2106,8000,0.012729859701449896
APO-DE,13,2106,8100,0.012729859701449896
APO-DE,13,2106,8200,0.01272829037065335
APO-DE,13,2106,8300,0.012706354329264239
APO-DE,13,2106,8400,0.012694105144544502
APO-DE,13,2106,8500,0.012694105144544502
APO-DE,13,2106,8600,0.012694105144544502
APO-DE,13,2106,8700,0.012694105144544502
APO-DE,13,2106,8800,0.012694105144544502
APO-DE,13,2106,8900,0.012694105144544502
APO-DE,13,2106,9000,0.012694105144544502
APO-DE,13,2106,9100,0.012694105144544502
APO-DE,13,2106,9200,0.012694105144544502
APO-DE,13,2106,9300,0.012693494909541051
APO-DE,13,2106,9400,0.012693494909541051
APO-DE,13,2106,9500,0.012693494909541051
APO-DE,13,2106,9600,0.012693494909541051
APO-DE,13,2106,9700,0.012690104910826342
APO-DE,13,2106,9800,0.01268950491056838
APO-DE,13,2106,9900,0.01268950491056838
APO-DE,13,2106,10000,0.01268949645232456
APO-LS,13,2106,100,0.0200612333350078
APO-LS,13,2106,200,0.0200612333350078
APO-LS,13,2106,300,0.01330067209659622
APO-LS,13,2106,400,0.01330067209659622
APO-LS,13,2106,500,0.013300672061859366
APO-LS,13,2106,600,0.013300672061859366
APO-LS,13,2106,700,0.013300672061859366
APO-LS,13,2106,800,0.013300672061859366
APO-LS,13,2106,900,0.013300672061859366
APO-LS,13,2106,1000,0.013300672061859366
APO-LS,13,2106,1100,0.013300672061859366
APO-LS,13,2106,1200,0.013300672061859366
APO-LS,13,2106,1300,0.013300672061859366
APO-LS,13,2106,1400,0.013300672061859366
APO-LS,13,2106,1500,0.013300672061859366
APO-LS,13,2106,1600,0.013300672061859366
APO-LS,13,2106,1700,0.013300672061859366
APO-LS,13,2106,1800,0.013300672061859366
APO-LS,13,2106,1900,0.013300672061859366
APO-LS,13,2106,2000,0.013300672061859366
APO-LS,13,2106,2100,0.013300672061859366
APO-LS,13,2106,2200,0.013300672061859366
APO-LS,13,2106,2300,0.012971341357391536
APO-LS,13,2106,2400,0.012971341357391536
APO-LS,13,2106,2500,0.012971341357391536
APO-LS,13,2106,2600,0.012971341357391536
APO-LS,13,2106,2700,0.012971341357391536
APO-LS,13,2106,2800,0.012971341357391536
APO-LS,13,2106,2900,0.012971341357391536
APO-LS,13,2106,3000,0.012971341357391536
APO-LS,13,2106,3100,0.012971341357391536
APO-LS,13,2106,3200,0.012971341357391536
APO-LS,13,2106,3300,0.012971341357391536
APO-LS,13,2106,3400,0.012971341357391536
APO-LS,13,2106,3500,0.012971341357391536
APO-LS,13,2106,3600,0.012971341357391536
APO-LS,13,2106,3700,0.012971341357391536
APO-LS,13,2106,3800,0.012971341357391536
APO-LS,13,2106,3900,0.012971341357391536
APO-LS,13,2106,4000,0.012971341357391536
APO-LS,13,2106,4100,0.012971341357391536
APO-LS,13,2106,4200,0.012885917646604595
APO-LS,13,2106,4300,0.012885917646604595
APO-LS,13,2106,4400,0.012885917646604595
APO-LS,13,2106,4500,0.012885917646604595
APO-LS,13,2106,4600,0.012885917646604595
APO-LS,13,2106,4700,0.012885917646604595
APO-LS,13,2106,4800,0.012885917646604595
APO-LS,13,2106,4900,0.012885917646604595
APO-LS,13,2106,5000,0.012885917646604595
APO-LS,13,2106,5100,0.012885917646604595
APO-LS,13,2106,5200,0.012885917646604595
APO-LS,13,2106,5300,0.012885917646604595
APO-LS,13,2106,5400,0.012885917646604595
APO-LS,13,2106,5500,0.012885917646604595
APO-LS,13,2106,5600,0.012885917646604595
APO-LS,13,2106,5700,0.012885917646604595
APO-LS,13,2106,5800,0.012885917646604595
APO-LS,13,2106,5900,0.012885917646604595
APO-LS,13,2106,6000,0.012885917646604595
APO-LS,13,2106,6100,0.012885917646604595
APO-LS,13,2106,6200,0.012861835623967045
APO-LS,13,2106,6300,0.012861835623967045
APO-LS,13,2106,6400,0.012861835623967045
APO-LS,13,2106,6500,0.012861835623967045
APO-LS,13,2106,6600,0.012861835623967045
APO-LS,13,2106,6700,0.012861835623967045
APO-LS,13,2106,6800,0.012861835623967045
APO-LS,13,2106,6900,0.012836080443129966
APO-LS,13,2106,7000,0.012836080443129966
APO-LS,13,2106,7100,0.012836080443129966
APO-LS,13,2106,7200,0.012836080443129966
APO-LS,13,2106,7300,0.012836080443129966
APO-LS,13,2106,7400,0.012836080443129966
APO-LS,13,2106,7500,0.012836080443129966
APO-LS,13,2106,7600,0.012836080443129966
APO-LS,13,2106,7700,0.012836080443129966
APO-LS,13,2106,7800,0.012836080443129966
APO-LS,13,2106,7900,0.012752281224845164
APO-LS,13,2106,8000,0.012752281224845164
APO-LS,13,2106,8100,0.012752281224845164
APO-LS,13,2106,8200,0.012752281224845164
APO-LS,13,2106,8300,0.012752281224845164
APO-LS,13,2106,8400,0.012752281224845164
APO-LS,13,2106,8500,0.012752281224845164
APO-LS,13,2106,8600,0.012752281224845164
APO-LS,13,2106,8700,0.012752281224845164
APO-LS,13,2106,8800,0.012752281224845164
APO-LS,13,2106,8900,0.012752281224845164
APO-LS,13,2106,9000,0.012752281224845164
APO-LS,13,2106,9100,0.012752281224845164
APO-LS,13,2106,9200,0.012752281224845164
APO-LS,13,2106,9300,0.012752281224845164
APO-LS,13,2106,9400,0.012752281224845164
APO-LS,13,2106,9500,0.012752281224845164
APO-LS,13,2106,9600,0.012744688371384023
APO-LS,13,2106,9700,0.012744688371384023
APO-LS,13,2106,9800,0.012741252231637256
APO-LS,13,2106,9900,0.012741252231637256
APO-LS,13,2106,10000,0.012741252231637256
APO-PSO,13,2106,100,0.0200612333350078
APO-PSO,13,2106,200,0.0200612333350078
APO-PSO,13,2106,300,0.0200612333350078
APO-PSO,13,2106,400,0.01759315977740767
APO-PSO,13,2106,500,0.015578066962655313
APO-PSO,13,2106,600,0.015578066962655313
APO-PSO,13,2106,700,0.015578066962655313
APO-PSO,13,2106,800,0.014130191755611315
APO-PSO,13,2106,900,0.014130191755611315
APO-PSO,13,2106,1000,0.014130191755611315
APO-PSO,13,2106,1100,0.014130191755611315
APO-PSO,13,2106,1200,0.014130191755611315
APO-PSO,13,2106,1300,0.014130191755611315
APO-PSO,13,2106,1400,0.014130191755611315
APO-PSO,13,2106,1500,0.014130191755611315
APO-PSO,13,2106,1600,0.014130191755611315
APO-PSO,13,2106,1700,0.014130191755611315
APO-PSO,13,2106,1800,0.014130191755611315
APO-PSO,13,2106,1900,0.013859473253143193
APO-PSO,13,2106,2000,0.013859473253143193
APO-PSO,13,2106,2100,0.013859473253143193
APO-PSO,13,2106,2200,0.013859473253143193
APO-PSO,13,2106,2300,0.013859473253143193
APO-PSO,13,2106,2400,0.013859473253143193
APO-PSO,13,2106,2500,0.013859473253143193
APO-PSO,13,2106,2600,0.013856003480376973
APO-PSO,13,2106,2700,0.013856003480376973
APO-PSO,13,2106,2800,0.013683791175800378
APO-PSO,13,2106,2900,0.013683791175800378
APO-PSO,13,2106,3000,0.013683791175800378
APO-PSO,13,2106,3100,0.013683791175800378
APO-PSO,13,2106,3200,0.013683791175800378
APO-PSO,13,2106,3300,0.013683791175800378
APO-PSO,13,2106,3400,0.013228178070504294
APO-PSO,13,2106,3500,0.013228178070504294
APO-PSO,13,2106,3600,0.013228178070504294
APO-PSO,13,2106,3700,0.013228178070504294
APO-PSO,13,2106,3800,0.013228178070504294
APO-PSO,13,2106,3900,0.013228178070504294
APO-PSO,13,2106,4000,0.013226517316644674
APO-PSO,13,2106,4100,0.013226517316644674
APO-PSO,13,2106,4200,0.013226517316644674
APO-PSO,13,2106,4300,0.013226517316644674
APO-PSO,13,2106,4400,0.013226517316644674
APO-PSO,13,2106,4500,0.013226517316644674
APO-PSO,13,2106,4600,0.013226517316644674
APO-PSO,13,2106,4700,0.013226517316644674
APO-PSO,13,2106,4800,0.013226517316644674
APO-PSO,13,2106,4900,0.013218157347103797
APO-PSO,13,2106,5000,0.013019295625559486
APO-PSO,13,2106,5100,0.013019295625559486
APO-PSO,13,2106,5200,0.013019295625559486
APO-PSO,13,2106,5300,0.012995950298525509
APO-PSO,13,2106,5400,0.012995950298525509
APO-PSO,13,2106,5500,0.012995950298525509
APO-PSO,13,2106,5600,0.012995950298525509
APO-PSO,13,2106,5700,0.012952853256099836
APO-PSO,13,2106,5800,0.012952853256099836
APO-PSO,13,2106,5900,0.012952853256099836
APO-PSO,13,2106,6000,0.012952853256099836
APO-PSO,13,2106,6100,0.012952853256099836
APO-PSO,13,2106,6200,0.012952853256099836
APO-PSO,13,2106,6300,0.012952853256099836
APO-PSO,13,2106,6400,0.012952853256099836
APO-PSO,13,2106,6500,0.012952853256099836
APO-PSO,13,2106,6600,0.012952853256099836
APO-PSO,13,2106,6700,0.012952853256099836
APO-PSO,13,2106,6800,0.012952853256099836
APO-PSO,13,2106,6900,0.012952853256099836
APO-PSO,13,2106,7000,0.012952853256099836
APO-PSO,13,2106,7100,0.012952853256099836
APO-PSO,13,2106,7200,0.012952853256099836
APO-PSO,13,2106,7300,0.012952853256099836
APO-PSO,13,2106,7400,0.012952853256099836
APO-PSO,13,2106,7500,0.012952853256099836
APO-PSO,13,2106,7600,0.012952853256099836
APO-PSO,13,2106,7700,0.012952853256099836
APO-PSO,13,2106,7800,0.012952853256099836
APO-PSO,13,2106,7900,0.012952853256099836
APO-PSO,13,2106,8000,0.012952853256099836
APO-PSO,13,2106,8100,0.012952853256099836
APO-PSO,13,2106,8200,0.012895147870370625
APO-PSO,13,2106,8300,0.012895147870370625
APO-PSO,13,2106,8400,0.012895147870370625
APO-PSO,13,2106,8500,0.012861231513710877
APO-PSO,13,2106,8600,0.012861231513710877
APO-PSO,13,2106,8700,0.01286010513242033
APO-PSO,13,2106,8800,0.01286010513242033
APO-PSO,13,2106,8900,0.01286010513242033
APO-PSO,13,2106,9000,0.01286010513242033
APO-PSO,13,2106,9100,0.01286010513242033
APO-PSO,13,2106,9200,0.01286010513242033
APO-PSO,13,2106,9300,0.01286010513242033
APO-PSO,13,2106,9400,0.012853227250481037
APO-PSO,13,2106,9500,0.012851686205177303
APO-PSO,13,2106,9600,0.012851686205177303
APO-PSO,13,2106,9700,0.012850281668534346
APO-PSO,13,2106,9800,0.01284997867713803
APO-PSO,13,2106,9900,0.01284997867713803
APO-PSO,13,2106,10000,0.01284997867713803
APO-wr-DE,13,2106,100,0.0200612333350078
APO-wr-DE,13,2106,200,0.0200612333350078
APO-wr-DE,13,2106,300,0.01330067209659622
APO-wr-DE,13,2106,400,0.01330067209659622
APO-wr-DE,13,2106,500,0.01330067209659622
APO-wr-DE,13,2106,600,0.01330067209659622
APO-wr-DE,13,2106,700,0.01330067209659622
APO-wr-DE,13,2106,800,0.01330067209659622
APO-wr-DE,13,2106,900,0.01330067209659622
APO-wr-DE,13,2106,1000,0.01330067209659622
APO-wr-DE,13,2106,1100,0.01330067209659622
APO-wr-DE,13,2106,1200,0.01330067209659622
APO-wr-DE,13,2106,1300,0.01330067209659622
APO-wr-DE,13,2106,1400,0.01330067209659622
APO-wr-DE,13,2106,1500,0.013296803825526381
APO-wr-DE,13,2106,1600,0.013296803825526381
APO-wr-DE,13,2106,1700,0.013296803825526381
APO-wr-DE,13,2106,1800,0.01313273259378166
APO-wr-DE,13,2106,1900,0.01313273259378166
APO-wr-DE,13,2106,2000,0.01313273259378166
APO-wr-DE,13,2106,2100,0.01313273259378166
APO-wr-DE,13,2106,2200,0.01313273259378166
APO-wr-DE,13,2106,2300,0.01313273259378166
APO-wr-DE,13,2106,2400,0.01313273259378166
APO-wr-DE,13,2106,2500,0.01313273259378166
APO-wr-DE,13,2106,2600,0.01313273259378166
APO-wr-DE,13,2106,2700,0.01313273259378166
APO-wr-DE,13,2106,2800,0.01313273259378166
APO-wr-DE,13,2106,2900,0.01313273259378166
APO-wr-DE,13,2106,3000,0.01313273259378166
APO-wr-DE,13,2106,3100,0.01313273259378166
APO-wr-DE,13,2106,3200,0.01313273259378166
APO-wr-DE,13,2106,3300,0.01313273259378166
APO-wr-DE,13,2106,3400,0.012987004676308148
APO-wr-DE,13,2106,3500,0.012987004676308148
APO-wr-DE,13,2106,3600,0.012987004676308148
APO-wr-DE,13,2106,3700,0.012987004676308148
APO-wr-DE,13,2106,3800,0.012987004676308148
APO-wr-DE,13,2106,3900,0.012987004676308148
APO-wr-DE,13,2106,4000,0.012987004676308148
APO-wr-DE,13,2106,4100,0.012987004676308148
APO-wr-DE,13,2106,4200,0.012987004676308148
APO-wr-DE,13,2106,4300,0.012987004676308148
APO-wr-DE,13,2106,4400,0.012896911037105089
APO-wr-DE,13,2106,4500,0.012896911037105089
APO-wr-DE,13,2106,4600,0.012896911037105089
APO-wr-DE,13,2106,4700,0.012896911037105089
APO-wr-DE,13,2106,4800,0.012896911037105089
APO-wr-DE,13,2106,4900,0.012896911037105089
APO-wr-DE,13,2106,5000,0.012896911037105089
APO-wr-DE,13,2106,5100,0.0128497386454746
APO-wr-DE,13,2106,5200,0.0128497386454746
APO-wr-DE,13,2106,5300,0.0128497386454746
APO-wr-DE,13,2106,5400,0.012773346528566501
APO-wr-DE,13,2106,5500,0.012773346528566501
APO-wr-DE,13,2106,5600,0.012773346528566501
APO-wr-DE,13,2106,5700,0.012773346528566501
APO-wr-DE,13,2106,5800,0.012773346528566501
APO-wr-DE,13,2106,5900,0.012773346528566501
APO-wr-DE,13,2106,6000,0.012773346528566501
APO-wr-DE,13,2106,6100,0.012773346528566501
APO-wr-DE,13,2106,6200,0.012773346528566501
APO-wr-DE,13,2106,6300,0.012773346528566501
APO-wr-DE,13,2106,6400,0.012773346528566501
APO-wr-DE,13,2106,6500,0.012773346528566501
APO-wr-DE,13,2106,6600,0.012773346528566501
APO-wr-DE,13,2106,6700,0.012773346528566501
APO-wr-DE,13,2106,6800,0.012773346528566501
APO-wr-DE,13,2106,6900,0.012773346528566501
APO-wr-DE,13,2106,7000,0.012773346528566501
APO-wr-DE,13,2106,7100,0.012773346528566501
APO-wr-DE,13,2106,7200,0.012773346528566501
APO-wr-DE,13,2106,7300,0.012773346528566501
APO-wr-DE,13,2106,7400,0.012773346528566501
APO-wr-DE,13,2106,7500,0.012773346528566501
APO-wr-DE,13,2106,7600,0.012773346528566501
APO-wr-DE,13,2106,7700,0.012750827293358824
APO-wr-DE,13,2106,7800,0.012702860705976107
APO-wr-DE,13,2106,7900,0.012702860705976107
APO-wr-DE,13,2106,8000,0.012702860705976107
APO-wr-DE,13,2106,8100,0.012702860705976107
APO-wr-DE,13,2106,8200,0.012694030161417357
APO-wr-DE,13,2106,8300,0.012694030161417357
APO-wr-DE,13,2106,8400,0.012693970300835094
APO-wr-DE,13,2106,8500,0.012693970300835094
APO-wr-DE,13,2106,8600,0.012689764503675656
APO-wr-DE,13,2106,8700,0.012689764503675656
APO-wr-DE,13,2106,8800,0.012689764503675656
APO-wr-DE,13,2106,8900,0.012689764503675656
APO-wr-DE,13,2106,9000,0.012689764503675656
APO-wr-DE,13,2106,9100,0.012689764503675656
APO-wr-DE,13,2106,9200,0.012689764503675656
APO-wr-DE,13,2106,9300,0.012688824204266374
APO-wr-DE,13,2106,9400,0.012688824204266374
APO-wr-DE,13,2106,9500,0.012688824204266374
APO-wr-DE,13,2106,9600,0.012688824204266374
APO-wr-DE,13,2106,9700,0.012688824204266374
APO-wr-DE,13,2106,9800,0.012688286127975543
APO-wr-DE,13,2106,9900,0.012688286127975543
APO-wr-DE,13,2106,10000,0.01268828212631758
APO-wr-LS,13,2106,100,0.0200612333350078
APO-wr-LS,13,2106,200,0.0200612333350078
APO-wr-LS,13,2106,300,0.0200612333350078
APO-wr-LS,13,2106,400,0.0200612333350078
APO-wr-LS,13,2106,500,0.018878991410700777
APO-wr-LS,13,2106,600,0.018878991410700777
APO-wr-LS,13,2106,700,0.018878991410700777
APO-wr-LS,13,2106,800,0.01859948143374055
APO-wr-LS,13,2106,900,0.018476806815206966
APO-wr-LS,13,2106,1000,0.018476806815206966
APO-wr-LS,13,2106,1100,0.018476806815206966
APO-wr-LS,13,2106,1200,0.018476806815206966
APO-wr-LS,13,2106,1300,0.013827093249916374
APO-wr-LS,13,2106,1400,0.013556810698442624
APO-wr-LS,13,2106,1500,0.013556810698442624
APO-wr-LS,13,2106,1600,0.013556810698442624
APO-wr-LS,13,2106,1700,0.013556810698442624
APO-wr-LS,13,2106,1800,0.013556810698442624
APO-wr-LS,13,2106,1900,0.013556810698442624
APO-wr-LS,13,2106,2000,0.013556810698442624
APO-wr-LS,13,2106,2100,0.013556810698442624
APO-wr-LS,13,2106,2200,0.013556810698442624
APO-wr-LS,13,2106,2300,0.01343025834519984
APO-wr-LS,13,2106,2400,0.01343025834519984
APO-wr-LS,13,2106,2500,0.01338622347429197
APO-wr-LS,13,2106,2600,0.01338622347429197
APO-wr-LS,13,2106,2700,0.01338622347429197
APO-wr-LS,13,2106,2800,0.01338622347429197
APO-wr-LS,13,2106,2900,0.01338622347429197
APO-wr-LS,13,2106,3000,0.01338622347429197
APO-wr-LS,13,2106,3100,0.01338622347429197
APO-wr-LS,13,2106,3200,0.01338622347429197
APO-wr-LS,13,2106,3300,0.01338622347429197
APO-wr-LS,13,2106,3400,0.013306155138955642
APO-wr-LS,13,2106,3500,0.013306155138955642
APO-wr-LS,13,2106,3600,0.013306155138955642
APO-wr-LS,13,2106,3700,0.013306155138955642
APO-wr-LS,13,2106,3800,0.013306155138955642
APO-wr-LS,13,2106,3900,0.013306155138955642
APO-wr-LS,13,2106,4000,0.013306155138955642
APO-wr-LS,13,2106,4100,0.013306155138955642
APO-wr-LS,13,2106,4200,0.013306155138955642
APO-wr-LS,13,2106,4300,0.013306155138955642
APO-wr-LS,13,2106,4400,0.013306155138955642
APO-wr-LS,13,2106,4500,0.013306155138955642
APO-wr-LS,13,2106,4600,0.013306155138955642
APO-wr-LS,13,2106,4700,0.013306155138955642
APO-wr-LS,13,2106,4800,0.013306155138955642
APO-wr-LS,13,2106,4900,0.013306155138955642
APO-wr-LS,13,2106,5000,0.013238377477631362
APO-wr-LS,13,2106,5100,0.013238377477631362
APO-wr-LS,13,2106,5200,0.013238377477631362
APO-wr-LS,13,2106,5300,0.013238377477631362
APO-wr-LS,13,2106,5400,0.013238377477631362
APO-wr-LS,13,2106,5500,0.013238377477631362
APO-wr-LS,13,2106,5600,0.013238377477631362
APO-wr-LS,13,2106,5700,0.013238377477631362
APO-wr-LS,13,2106,5800,0.013238377477631362
APO-wr-LS,13,2106,5900,0.013238377477631362
APO-wr-LS,13,2106,6000,0.013204222501093075
APO-wr-LS,13,2106,6100,0.013204222501093075
APO-wr-LS,13,2106,6200,0.013204222501093075
APO-wr-LS,13,2106,6300,0.013204222501093075
APO-wr-LS,13,2106,6400,0.013204222501093075
APO-wr-LS,13,2106,6500,0.013204222501093075
APO-wr-LS,13,2106,6600,0.013204222501093075
APO-wr-LS,13,2106,6700,0.013204222501093075
APO-wr-LS,13,2106,6800,0.013189078141276858
APO-wr-LS,13,2106,6900,0.013189078141276858
APO-wr-LS,13,2106,7000,0.013189078141276858
APO-wr-LS,13,2106,7100,0.013098015044923219
APO-wr-LS,13,2106,7200,0.013098015044923219
APO-wr-LS,13,2106,7300,0.013098015044923219
APO-wr-LS,13,2106,7400,0.013098015044923219
APO-wr-LS,13,2106,7500,0.013098015044923219
APO-wr-LS,13,2106,7600,0.013098015044923219
APO-wr-LS,13,2106,7700,0.013098015044923219
APO-wr-LS,13,2106,7800,0.013098015044923219
APO-wr-LS,13,2106,7900,0.013098015044923219
APO-wr-LS,13,2106,8000,0.013098015044923219
APO-wr-LS,13,2106,8100,0.013098015044923219
APO-wr-LS,13,2106,8200,0.013098015044923219
APO-wr-LS,13,2106,8300,0.013071720970962604
APO-wr-LS,13,2106,8400,0.013071720970962604
APO-wr-LS,13,2106,8500,0.013071720970962604
APO-wr-LS,13,2106,8600,0.013071720970962604
APO-wr-LS,13,2106,8700,0.013071720970962604
APO-wr-LS,13,2106,8800,0.013055731620327445
APO-wr-LS,13,2106,8900,0.013052205310629663
APO-wr-LS,13,2106,9000,0.012996033279349218
APO-wr-LS,13,2106,9100,0.012993488755801162
APO-wr-LS,13,2106,9200,0.012984692293688094
APO-wr-LS,13,2106,9300,0.012984692293688094
APO-wr-LS,13,2106,9400,0.012984565339087954
APO-wr-LS,13,2106,9500,0.012984565339087954
APO-wr-LS,13,2106,9600,0.012979231151033466
APO-wr-LS,13,2106,9700,0.012979231151033466
APO-wr-LS,13,2106,9800,0.012973417938563334
APO-wr-LS,13,2106,9900,0.012973417938563334
APO-wr-LS,13,2106,10000,0.01290478620723363
APO-wr-PSO,13,2106,100,0.0200612333350078
APO-wr-PSO,13,2106,200,0.0200612333350078
APO-wr-PSO,13,2106,300,0.0200612333350078
APO-wr-PSO,13,2106,400,0.0200612333350078
APO-wr-PSO,13,2106,500,0.016287952883538785
APO-wr-PSO,13,2106,600,0.016287952883538785
APO-wr-PSO,13,2106,700,0.016287952883538785
APO-wr-PSO,13,2106,800,0.015870660629422204
APO-wr-PSO,13,2106,900,0.015870660629422204
APO-wr-PSO,13,2106,1000,0.015870660629422204
APO-wr-PSO,13,2106,1100,0.014541524278341164
APO-wr-PSO,13,2106,1200,0.014541524278341164
APO-wr-PSO,13,2106,1300,0.014541524278341164
APO-wr-PSO,13,2106,1400,0.014541524278341164
APO-wr-PSO,13,2106,1500,0.014541524278341164
APO-wr-PSO,13,2106,1600,0.014541524278341164
APO-wr-PSO,13,2106,1700,0.014438100432685086
APO-wr-PSO,13,2106,1800,0.014422174934646308
APO-wr-PSO,13,2106,1900,0.014422174934646308
APO-wr-PSO,13,2106,2000,0.014422174934646308
APO-wr-PSO,13,2106,2100,0.014422174934646308
APO-wr-PSO,13,2106,2200,0.013751587191099314
APO-wr-PSO,13,2106,2300,0.013751587191099314
APO-wr-PSO,13,2106,2400,0.013744852273322452
APO-wr-PSO,13,2106,2500,0.01365538175537959
APO-wr-PSO,13,2106,2600,0.01365538175537959
APO-wr-PSO,13,2106,2700,0.01365538175537959
APO-wr-PSO,13,2106,2800,0.01365538175537959
APO-wr-PSO,13,2106,2900,0.013561143405609691
APO-wr-PSO,13,2106,3000,0.013405786600955035
APO-wr-PSO,13,2106,3100,0.013405786600955035
APO-wr-PSO,13,2106,3200,0.013405786600955035
APO-wr-PSO,13,2106,3300,0.013405786600955035
APO-wr-PSO,13,2106,3400,0.013405786600955035
APO-wr-PSO,13,2106,3500,0.013405786600955035
APO-wr-PSO,13,2106,3600,0.013405786600955035
APO-wr-PSO,13,2106,3700,0.013237342462685547
APO-wr-PSO,13,2106,3800,0.013237342462685547
APO-wr-PSO,13,2106,3900,0.012912430825781938
APO-wr-PSO,13,2106,4000,0.012912138995866285
APO-wr-PSO,13,2106,4100,0.012912138995866285
APO-wr-PSO,13,2106,4200,0.012912138995866285
APO-wr-PSO,13,2106,4300,0.012912138995866285
APO-wr-PSO,13,2106,4400,0.012912138995866285
APO-wr-PSO,13,2106,4500,0.012912138995866285
APO-wr-PSO,13,2106,4600,0.012912138995866285
APO-wr-PSO,13,2106,4700,0.012912138995866285
APO-wr-PSO,13,2106,4800,0.012912138995866285
APO-wr-PSO,13,2106,4900,0.012912138995866285
APO-wr-PSO,13,2106,5000,0.012912138995866285
APO-wr-PSO,13,2106,5100,0.012912138995866285
APO-wr-PSO,13,2106,5200,0.012912138995866285
APO-wr-PSO,13,2106,5300,0.012912138995866285
APO-wr-PSO,13,2106,5400,0.012912138995866285
APO-wr-PSO,13,2106,5500,0.012912138995866285
APO-wr-PSO,13,2106,5600,0.012912138995866285
APO-wr-PSO,13,2106,5700,0.012912138995866285
APO-wr-PSO,13,2106,5800,0.012912138995866285
APO-wr-PSO,13,2106,5900,0.012912138995866285
APO-wr-PSO,13,2106,6000,0.012912138995866285
APO-wr-PSO,13,2106,6100,0.012892542660452666
APO-wr-PSO,13,2106,6200,0.012872215478814725
APO-wr-PSO,13,2106,6300,0.012872215478814725
APO-wr-PSO,13,2106,6400,0.012872215478814725
APO-wr-PSO,13,2106,6500,0.012872215478814725
APO-wr-PSO,13,2106,6600,0.012872215478814725
APO-wr-PSO,13,2106,6700,0.012872215478814725
APO-wr-PSO,13,2106,6800,0.012872215478814725
APO-wr-PSO,13,2106,6900,0.0128028987459032
APO-wr-PSO,13,2106,7000,0.0128028987459032
APO-wr-PSO,13,2106,7100,0.0128028987459032
APO-wr-PSO,13,2106,7200,0.0128028987459032
APO-wr-PSO,13,2106,7300,0.0128028987459032
APO-wr-PSO,13,2106,7400,0.0128028987459032
APO-wr-PSO,13,2106,7500,0.0128028987459032
APO-wr-PSO,13,2106,7600,0.0128028987459032
APO-wr-PSO,13,2106,7700,0.0128028987459032
APO-wr-PSO,13,2106,7800,0.0128028987459032
APO-wr-PSO,13,2106,7900,0.0128028987459032
APO-wr-PSO,13,2106,8000,0.0128028987459032
APO-wr-PSO,13,2106,8100,0.0128028987459032
APO-wr-PSO,13,2106,8200,0.0128028987459032
APO-wr-PSO,13,2106,8300,0.0128028987459032
APO-wr-PSO,13,2106,8400,0.0128028987459032
APO-wr-PSO,13,2106,8500,0.0128028987459032
APO-wr-PSO,13,2106,8600,0.0128028987459032
APO-wr-PSO,13,2106,8700,0.0127953285670903
APO-wr-PSO,13,2106,8800,0.0127953285670903
APO-wr-PSO,13,2106,8900,0.0127953285670903
APO-wr-PSO,13,2106,9000,0.0127953285670903
APO-wr-PSO,13,2106,9100,0.012793076408414648
APO-wr-PSO,13,2106,9200,0.012793076408414648
APO-wr-PSO,13,2106,9300,0.012793076408414648
APO-wr-PSO,13,2106,9400,0.012793076408414648
APO-wr-PSO,13,2106,9500,0.012793076408414648
APO-wr-PSO,13,2106,9600,0.012793076408414648
APO-wr-PSO,13,2106,9700,0.012791720181241655
APO-wr-PSO,13,2106,9800,0.012791301585098423
APO-wr-PSO,13,2106,9900,0.012791301585098423
APO-wr-PSO,13,2106,10000,0.012791301585098423
APO,14,2113,100,0.20890312741184852
APO,14,2113,200,0.20890312741184852
APO,14,2113,300,0.05067178201579796
APO,14,2113,400,0.05067178201579796
APO,14,2113,500,0.05067178201579796
APO,14,2113,600,0.05067178201579796
APO,14,2113,700,0.05067177988898901
APO,14,2113,800,0.028709256899010934
APO,14,2113,900,0.013402565254342929
APO,14,2113,1000,0.013402565254342929
APO,14,2113,1100,0.013402565254342929
APO,14,2113,1200,0.013402565254342929
APO,14,2113,1300,0.013402565254342929
APO,14,2113,1400,0.013402565254342929
APO,14,2113,1500,0.013402565254342929
APO,14,2113,1600,0.013402565254342929
APO,14,2113,1700,0.013402565254342929
APO,14,2113,1800,0.013402565254342929
APO,14,2113,1900,0.013402565254342929
APO,14,2113,2000,0.013402565254342929
APO,14,2113,2100,0.013402565254342929
APO,14,2113,2200,0.013402565254342929
APO,14,2113,2300,0.013402565254342929
APO,14,2113,2400,0.013402565254342929
APO,14,2113,2500,0.013402565254342929
APO,14,2113,2600,0.013402565254342929
APO,14,2113,2700,0.013402565254342929
APO,14,2113,2800,0.013402565254342929
APO,14,2113,2900,0.013402565254342929
APO,14,2113,3000,0.013402565254342929
APO,14,2113,3100,0.013402565254342929
APO,14,2113,3200,0.013385436360665472
APO,14,2113,3300,0.013385436360665472
APO,14,2113,3400,0.013385436360665472
APO,14,2113,3500,0.013385436360665472
APO,14,2113,3600,0.013385436360665472
APO,14,2113,3700,0.013385436360665472
APO,14,2113,3800,0.013308076254005478
APO,14,2113,3900,0.013308076254005478
APO,14,2113,4000,0.013308076254005478
APO,14,2113,4100,0.013269146143758367
APO,14,2113,4200,0.01321581859620104
APO,14,2113,4300,0.01321581859620104
APO,14,2113,4400,0.01321581859620104
APO,14,2113,4500,0.01321581859620104
APO,14,2113,4600,0.01321581859620104
APO,14,2113,4700,0.01321581859620104
APO,14,2113,4800,0.01321581859620104
APO,14,2113,4900,0.01321581859620104
APO,14,2113,5000,0.01321581859620104
APO,14,2113,5100,0.01316588457498755
APO,14,2113,5200,0.01297675117649932
APO,14,2113,5300,0.01297675117649932
APO,14,2113,5400,0.012929579896404964
APO,14,2113,5500,0.012929579896404964
APO,14,2113,5600,0.012929579896404964
APO,14,2113,5700,0.012929579896404964
APO,14,2113,5800,0.012929579896404964
APO,14,2113,5900,0.012929579896404964
APO,14,2113,6000,0.012929579896404964
APO,14,2113,6100,0.012929579896404964
APO,14,2113,6200,0.012929579896404964
APO,14,2113,6300,0.012929579896404964
APO,14,2113,6400,0.012929579896404964
APO,14,2113,6500,0.012929579896404964
APO,14,2113,6600,0.01278454838253481
APO,14,2113,6700,0.01278454838253481
APO,14,2113,6800,0.01278454838253481
APO,14,2113,6900,0.01278454838253481
APO,14,2113,7000,0.01278454838253481
APO,14,2113,7100,0.01278454838253481
APO,14,2113,7200,0.01278454838253481
APO,14,2113,7300,0.01278454838253481
APO,14,2113,7400,0.01276316370546601
APO,14,2113,7500,0.01276316370546601
APO,14,2113,7600,0.01276316370546601
APO,14,2113,7700,0.012739640505269455
APO,14,2113,7800,0.012739640505269455
APO,14,2113,7900,0.012739640505269455
APO,14,2113,8000,0.012739640505269455
APO,14,2113,8100,0.012739640505269455
APO,14,2113,8200,0.012739640505269455
APO,14,2113,8300,0.012737640313300862
APO,14,2113,8400,0.012737640313300862
APO,14,2113,8500,0.01272347546555979
APO,14,2113,8600,0.01272347546555979
APO,14,2113,8700,0.012721713882420138
APO,14,2113,8800,0.012721713882420138
APO,14,2113,8900,0.012715696509393989
APO,14,2113,9000,0.012704138132556395
APO,14,2113,9100,0.012704138132556395
APO,14,2113,9200,0.012704138132556395
APO,14,2113,9300,0.012704138132556395
APO,14,2113,9400,0.012703633167565865
APO,14,2113,9500,0.012701653897541937
APO,14,2113,9600,0.012701653897541937
APO,14,2113,9700,0.012701653897541937
APO,14,2113,9800,0.012701177509720713
APO,14,2113,9900,0.01270103535877415
APO,14,2113,10000,0.012701021876834808
APO-wr,14,2113,100,0.20890312741184852
APO-wr,14,2113,200,0.06844560125038181
APO-wr,14,2113,300,0.06844560125038181
APO-wr,14,2113,400,0.06844560125038181
APO-wr,14,2113,500,0.06484726725730489
APO-wr,14,2113,600,0.06484726725730489
APO-wr,14,2113,700,0.04850803622028487
APO-wr,14,2113,800,0.02133080034985973
APO-wr,14,2113,900,0.020309967915166153
APO-wr,14,2113,1000,0.020309967915166153
APO-wr,14,2113,1100,0.019125914592984905
APO-wr,14,2113,1200,0.01742596094976129
APO-wr,14,2113,1300,0.01742596094976129
APO-wr,14,2113,1400,0.01742596094976129
APO-wr,14,2113,1500,0.01742596094976129
APO-wr,14,2113,1600,0.01582428595909969
APO-wr,14,2113,1700,0.01582428595909969
APO-wr,14,2113,1800,0.01582428595909969
APO-wr,14,2113,1900,0.01582428595909969
APO-wr,14,2113,2000,0.01582428595909969
APO-wr,14,2113,2100,0.01415903264698023
APO-wr,14,2113,2200,0.01415903264698023
APO-wr,14,2113,2300,0.013513280693429833
APO-wr,14,2113,2400,0.013513280693429833
APO-wr,14,2113,2500,0.013513280693429833
APO-wr,14,2113,2600,0.013513280693429833
APO-wr,14,2113,2700,0.013513280693429833
APO-wr,14,2113,2800,0.013513280693429833
APO-wr,14,2113,2900,0.013513280693429833
APO-wr,14,2113,3000,0.013513280693429833
APO-wr,14,2113,3100,0.013513280693429833
APO-wr,14,2113,3200,0.013513280693429833
APO-wr,14,2113,3300,0.013513280693429833
APO-wr,14,2113,3400,0.013513280693429833
APO-wr,14,2113,3500,0.013513280693429833
APO-wr,14,2113,3600,0.013513280693429833
APO-wr,14,2113,3700,0.013513280693429833
APO-wr,14,2113,3800,0.013513280693429833
APO-wr,14,2113,3900,0.012907482560037297
APO-wr,14,2113,4000,0.012907482560037297
APO-wr,14,2113,4100,0.012907482560037297
APO-wr,14,2113,4200,0.012907482560037297
APO-wr,14,2113,4300,0.012907482560037297
APO-wr,14,2113,4400,0.012907482560037297
APO-wr,14,2113,4500,0.012907482560037297
APO-wr,14,2113,4600,0.012907482560037297
APO-wr,14,2113,4700,0.012907482560037297
APO-wr,14,2113,4800,0.012907482560037297
APO-wr,14,2113,4900,0.012907482560037297
APO-wr,14,2113,5000,0.012907482560037297
APO-wr,14,2113,5100,0.012907482560037297
APO-wr,14,2113,5200,0.012907482560037297
APO-wr,14,2113,5300,0.012907482560037297
APO-wr,14,2113,5400,0.012907482560037297
APO-wr,14,2113,5500,0.012907482560037297
APO-wr,14,2113,5600,0.01287638096687424
APO-wr,14,2113,5700,0.01287638096687424
APO-wr,14,2113,5800,0.01287638096687424
APO-wr,14,2113,5900,0.01287638096687424
APO-wr,14,2113,6000,0.01287638096687424
APO-wr,14,2113,6100,0.01287638096687424
APO-wr,14,2113,6200,0.01287638096687424
APO-wr,14,2113,6300,0.01287638096687424
APO-wr,14,2113,6400,0.01287638096687424
APO-wr,14,2113,6500,0.01287638096687424
APO-wr,14,2113,6600,0.01287638096687424
APO-wr,14,2113,6700,0.01287638096687424
APO-wr,14,2113,6800,0.01287638096687424
APO-wr,14,2113,6900,0.01287638096687424
APO-wr,14,2113,7000,0.01287638096687424
APO-wr,14,2113,7100,0.012776373671092958
APO-wr,14,2113,7200,0.012776373671092958
APO-wr,14,2113,7300,0.012776373671092958
APO-wr,14,2113,7400,0.012774573829478846
APO-wr,14,2113,7500,0.012774573829478846
APO-wr,14,2113,7600,0.012774573829478846
APO-wr,14,2113,7700,0.012774573829478846
APO-wr,14,2113,7800,0.012774573829478846
APO-wr,14,2113,7900,0.012774573829478846
APO-wr,14,2113,8000,0.012774573829478846
APO-wr,14,2113,8100,0.012774573829478846
APO-wr,14,2113,8200,0.012774573829478846
APO-wr,14,2113,8300,0.012774573829478846
APO-wr,14,2113,8400,0.012774573829478846
APO-wr,14,2113,8500,0.012774573829478846
APO-wr,14,2113,8600,0.012774573829478846
APO-wr,14,2113,8700,0.012774573829478846
APO-wr,14,2113,8800,0.012764068652676451
APO-wr,14,2113,8900,0.012764068652676451
APO-wr,14,2113,9000,0.012764068652676451
APO-wr,14,2113,9100,0.012764068652676451
APO-wr,14,2113,9200,0.0127619857728004
APO-wr,14,2113,9300,0.0127619857728004
APO-wr,14,2113,9400,0.012756979677410261
APO-wr,14,2113,9500,0.012748511161231421
APO-wr,14,2113,9600,0.012748511161231421
APO-wr,14,2113,9700,0.012748511161231421
APO-wr,14,2113,9800,0.012747612495732842
APO-wr,14,2113,9900,0.012746710504254714
APO-wr,14,2113,10000,0.012746665333413142
APO-DE,14,2113,100,0.20890312741184852
APO-DE,14,2113,200,0.20890312741184852
APO-DE,14,2113,300,0.0696726168754364
APO-DE,14,2113,400,0.04281969416644996
APO-DE,14,2113,500,0.03438024659164233
APO-DE,14,2113,600,0.03438024659164233
APO-DE,14,2113,700,0.02768103929798414
APO-DE,14,2113,800,0.024000850048133324
APO-DE,14,2113,900,0.01820891061204822
APO-DE,14,2113,1000,0.01820891061204822
APO-DE,14,2113,1100,0.01820891061204822
APO-DE,14,2113,1200,0.01820891061204822
APO-DE,14,2113,1300,0.01820891061204822
APO-DE,14,2113,1400,0.01432860970599511
APO-DE,14,2113,1500,0.01432860970599511
APO-DE,14,2113,1600,0.01432860970599511
APO-DE,14,2113,1700,0.01432860970599511
APO-DE,14,2113,1800,0.01432860970599511
APO-DE,14,2113,1900,0.01432860970599511
APO-DE,14,2113,2000,0.01432860970599511
APO-DE,14,2113,2100,0.01432860970599511
APO-DE,14,2113,2200,0.01432860970599511
APO-DE,14,2113,2300,0.01432860970599511
APO-DE,14,2113,2400,0.01432860970599511
APO-DE,14,2113,2500,0.01432860970599511
APO-DE,14,2113,2600,0.013942267706325534
APO-DE,14,2113,2700,0.013942267706325534
APO-DE,14,2113,2800,0.013942267706325534
APO-DE,14,2113,2900,0.013695081690272806
APO-DE,14,2113,3000,0.013695081690272806
APO-DE,14,2113,3100,0.013695081690272806
APO-DE,14,2113,3200,0.013695081690272806
APO-DE,14,2113,3300,0.013418138699105412
APO-DE,14,2113,3400,0.013418138699105412
APO-DE,14,2113,3500,0.013418138699105412
APO-DE,14,2113,3600,0.013418138699105412
APO-DE,14,2113,3700,0.013418138699105412
APO-DE,14,2113,3800,0.013418138699105412
APO-DE,14,2113,3900,0.013418138699105412
APO-DE,14,2113,4000,0.013418138699105412
APO-DE,14,2113,4100,0.013224883620748643
APO-DE,14,2113,4200,0.013224883620748643
APO-DE,14,2113,4300,0.013224883620748643
APO-DE,14,2113,4400,0.013224883620748643
APO-DE,14,2113,4500,0.013202436508980946
APO-DE,14,2113,4600,0.013202436508980946
APO-DE,14,2113,4700,0.013202436508980946
APO-DE,14,2113,4800,0.013202436508980946
APO-DE,14,2113,4900,0.013068883593682405
APO-DE,14,2113,5000,0.013068883593682405
APO-DE,14,2113,5100,0.013068883593682405
APO-DE,14,2113,5200,0.01289727263276652
APO-DE,14,2113,5300,0.01289727263276652
APO-DE,14,2113,5400,0.01289727263276652
APO-DE,14,2113,5500,0.01289727263276652
APO-DE,14,2113,5600,0.01289727263276652
APO-DE,14,2113,5700,0.01289727263276652
APO-DE,14,2113,5800,0.01289727263276652
APO-DE,14,2113,5900,0.0128113539514859
APO-DE,14,2113,6000,0.0128113539514859
APO-DE,14,2113,6100,0.012735468997154487
APO-DE,14,2113,6200,0.012735468997154487
APO-DE,14,2113,6300,0.012735468997154487
APO-DE,14,2113,6400,0.012735468997154487
APO-DE,14,2113,6500,0.012735468997154487
APO-DE,14,2113,6600,0.012735468997154487
APO-DE,14,2113,6700,0.012735468997154487
APO-DE,14,2113,6800,0.012735468997154487
APO-DE,14,2113,6900,0.012735468997154487
APO-DE,14,2113,7000,0.012732451488007019
APO-DE,14,2113,7100,0.012732451488007019
APO-DE,14,2113,7200,0.012732451488007019
APO-DE,14,2113,7300,0.012732451488007019
APO-DE,14,2113,7400,0.012732451488007019
APO-DE,14,2113,7500,0.012732451488007019
APO-DE,14,2113,7600,0.012732451488007019
APO-DE,14,2113,7700,0.012732451488007019
APO-DE,14,2113,7800,0.012732451488007019
APO-DE,14,2113,7900,0.012732451488007019
APO-DE,14,2113,8000,0.012732451488007019
APO-DE,14,2113,8100,0.012732451488007019
APO-DE,14,2113,8200,0.012732451488007019
APO-DE,14,2113,8300,0.012732451488007019
APO-DE,14,2113,8400,0.012732451488007019
APO-DE,14,2113,8500,0.012732451488007019
APO-DE,14,2113,8600,0.012732451488007019
APO-DE,14,2113,8700,0.012732451488007019
APO-DE,14,2113,8800,0.012731710178104311
APO-DE,14,2113,8900,0.012731710178104311
APO-DE,14,2113,9000,0.012731710178104311
APO-DE,14,2113,9100,0.012728199434411051
APO-DE,14,2113,9200,0.012708671640703153
APO-DE,14,2113,9300,0.012708671640703153
APO-DE,14,2113,9400,0.012708671640703153
APO-DE,14,2113,9500,0.012707334167200695
APO-DE,14,2113,9600,0.012706952132671043
APO-DE,14,2113,9700,0.012706952132671043
APO-DE,14,2113,9800,0.012706952132671043
APO-DE,14,2113,9900,0.012706950769125048
APO-DE,14,2113,10000,0.012706910875652174
APO-LS,14,2113,100,0.20890312741184852
APO-LS,14,2113,200,0.20890312741184852
APO-LS,14,2113,300,0.20890312741184852
APO-LS,14,2113,400,0.17311312500746984
APO-LS,14,2113,500,0.17311312500746984
APO-LS,14,2113,600,0.17311312500746984
APO-LS,14,2113,700,0.0450431760394227
APO-LS,14,2113,800,0.02557138929272932
APO-LS,14,2113,900,0.02557138929272932
APO-LS,14,2113,1000,0.023525041971760714
APO-LS,14,2113,1100,0.023525041971760714
APO-LS,14,2113,1200,0.021532887716059296
APO-LS,14,2113,1300,0.021532887716059296
APO-LS,14,2113,1400,0.016118524748557683
APO-LS,14,2113,1500,0.016118524748557683
APO-LS,14,2113,1600,0.016118524748557683
APO-LS,14,2113,1700,0.016118524748557683
APO-LS,14,2113,1800,0.014240362434386757
APO-LS,14,2113,1900,0.014240362434386757
APO-LS,14,2113,2000,0.01411528254885929
APO-LS,14,2113,2100,0.01411528254885929
APO-LS,14,2113,2200,0.01411528254885929
APO-LS,14,2113,2300,0.01411528254885929
APO-LS,14,2113,2400,0.01411528254885929
APO-LS,14,2113,2500,0.01411528254885929
APO-LS,14,2113,2600,0.01411528254885929
APO-LS,14,2113,2700,0.01411528254885929
APO-LS,14,2113,2800,0.01411528254885929
APO-LS,14,2113,2900,0.01411528254885929
APO-LS,14,2113,3000,0.01351567179741954
APO-LS,14,2113,3100,0.01351567179741954
APO-LS,14,2113,3200,0.01351567179741954
APO-LS,14,2113,3300,0.01351567179741954
APO-LS,14,2113,3400,0.01351567179741954
APO-LS,14,2113,3500,0.01351567179741954
APO-LS,14,2113,3600,0.013229833594257823
APO-LS,14,2113,3700,0.013229833594257823
APO-LS,14,2113,3800,0.013229833594257823
APO-LS,14,2113,3900,0.013229833594257823
APO-LS,14,2113,4000,0.013229833594257823
APO-LS,14,2113,4100,0.013229833594257823
APO-LS,14,2113,4200,0.013229833594257823
APO-LS,14,2113,4300,0.01315084420544341
APO-LS,14,2113,4400,0.01315084420544341
APO-LS,14,2113,4500,0.01315084420544341
APO-LS,14,2113,4600,0.01315084420544341
APO-LS,14,2113,4700,0.01315084420544341
APO-LS,14,2113,4800,0.01315084420544341
APO-LS,14,2113,4900,0.01315084420544341
APO-LS,14,2113,5000,0.01315084420544341
APO-LS,14,2113,5100,0.01315084420544341
APO-LS,14,2113,5200,0.01315084420544341
APO-LS,14,2113,5300,0.01315084420544341
APO-LS,14,2113,5400,0.01315084420544341
APO-LS,14,2113,5500,0.01315084420544341
APO-LS,14,2113,5600,0.01315084420544341
APO-LS,14,2113,5700,0.01315084420544341
APO-LS,14,2113,5800,0.01315084420544341
APO-LS,14,2113,5900,0.01315084420544341
APO-LS,14,2113,6000,0.0130786350740462
APO-LS,14,2113,6100,0.0130786350740462
APO-LS,14,2113,6200,0.0130786350740462
APO-LS,14,2113,6300,0.0130786350740462
APO-LS,14,2113,6400,0.0130786350740462
APO-LS,14,2113,6500,0.0130786350740462
APO-LS,14,2113,6600,0.0130786350740462
APO-LS,14,2113,6700,0.0130786350740462
APO-LS,14,2113,6800,0.0130786350740462
APO-LS,14,2113,6900,0.013034263993766025
APO-LS,14,2113,7000,0.013034263993766025
APO-LS,14,2113,7100,0.013034263993766025
APO-LS,14,2113,7200,0.013034263993766025
APO-LS,14,2113,7300,0.013034263993766025
APO-LS,14,2113,7400,0.013034263993766025
APO-LS,14,2113,7500,0.013034263993766025
APO-LS,14,2113,7600,0.013034263993766025
APO-LS,14,2113,7700,0.013034263993766025
APO-LS,14,2113,7800,0.013034263993766025
APO-LS,14,2113,7900,0.013034263993766025
APO-LS,14,2113,8000,0.013034263993766025
APO-LS,14,2113,8100,0.013004943983272595
APO-LS,14,2113,8200,0.012940595635921646
APO-LS,14,2113,8300,0.012940595635921646
APO-LS,14,2113,8400,0.012940595635921646
APO-LS,14,2113,8500,0.01289981363913606
APO-LS,14,2113,8600,0.01289981363913606
APO-LS,14,2113,8700,0.01289981363913606
APO-LS,14,2113,8800,0.012899657522112157
APO-LS,14,2113,8900,0.012899657522112157
APO-LS,14,2113,9000,0.012899657522112157
APO-LS,14,2113,9100,0.012898485982917304
APO-LS,14,2113,9200,0.012898485982917304
APO-LS,14,2113,9300,0.012898485982917304
APO-LS,14,2113,9400,0.012898485982917304
APO-LS,14,2113,9500,0.012893148587348758
APO-LS,14,2113,9600,0.012890387114657181
APO-LS,14,2113,9700,0.01288718975926173
APO-LS,14,2113,9800,0.01288718975926173
APO-LS,14,2113,9900,0.01288718975926173
APO-LS,14,2113,10000,0.01288718975926173
APO-PSO,14,2113,100,0.20890312741184852
APO-PSO,14,2113,200,0.20890312741184852
APO-PSO,14,2113,300,0.021792095799918473
APO-PSO,14,2113,400,0.021792095799918473
APO-PSO,14,2113,500,0.021792095799918473
APO-PSO,14,2113,600,0.021792095799918473
APO-PSO,14,2113,700,0.02130096721289658
APO-PSO,14,2113,800,0.020002147246928056
APO-PSO,14,2113,900,0.015256285203348893
APO-PSO,14,2113,1000,0.015256285203348893
APO-PSO,14,2113,1100,0.013328977261343808
APO-PSO,14,2113,1200,0.013328977261343808
APO-PSO,14,2113,1300,0.013328977261343808
APO-PSO,14,2113,1400,0.013328977261343808
APO-PSO,14,2113,1500,0.013328977261343808
APO-PSO,14,2113,1600,0.013328977261343808
APO-PSO,14,2113,1700,0.013328977261343808
APO-PSO,14,2113,1800,0.013328977261343808
APO-PSO,14,2113,1900,0.013328977261343808
APO-PSO,14,2113,2000,0.013328977261343808
APO-PSO,14,2113,2100,0.013328977261343808
APO-PSO,14,2113,2200,0.013328977261343808
APO-PSO,14,2113,2300,0.013328977261343808
APO-PSO,14,2113,2400,0.013328977261343808
APO-PSO,14,2113,2500,0.013328977261343808
APO-PSO,14,2113,2600,0.013328977261343808
APO-PSO,14,2113,2700,0.013328977261343808
APO-PSO,14,2113,2800,0.013328977261343808
APO-PSO,14,2113,2900,0.013328977261343808
APO-PSO,14,2113,3000,0.013328977261343808
APO-PSO,14,2113,3100,0.013328977261343808
APO-PSO,14,2113,3200,0.013328977261343808
APO-PSO,14,2113,3300,0.013328977261343808
APO-PSO,14,2113,3400,0.013024225869878035
APO-PSO,14,2113,3500,0.013024225869878035
APO-PSO,14,2113,3600,0.013024225869878035
APO-PSO,14,2113,3700,0.013024225869878035
APO-PSO,14,2113,3800,0.012904243398834144
APO-PSO,14,2113,3900,0.012904243398834144
APO-PSO,14,2113,4000,0.012904243398834144
APO-PSO,14,2113,4100,0.012904243398834144
APO-PSO,14,2113,4200,0.012904243398834144
APO-PSO,14,2113,4300,0.012904243398834144
APO-PSO,14,2113,4400,0.012904243398834144
APO-PSO,14,2113,4500,0.012904243398834144
APO-PSO,14,2113,4600,0.012904243398834144
APO-PSO,14,2113,4700,0.012904243398834144
APO-PSO,14,2113,4800,0.012904243398834144
APO-PSO,14,2113,4900,0.012904243398834144
APO-PSO,14,2113,5000,0.012904243398834144
APO-PSO,14,2113,5100,0.012904243398834144
APO-PSO,14,2113,5200,0.012904243398834144
APO-PSO,14,2113,5300,0.012904243398834144
APO-PSO,14,2113,5400,0.012904243398834144
APO-PSO,14,2113,5500,0.012904243398834144
APO-PSO,14,2113,5600,0.012904243398834144
APO-PSO,14,2113,5700,0.012904243398834144
APO-PSO,14,2113,5800,0.012904243398834144
APO-PSO,14,2113,5900,0.012904243398834144
APO-PSO,14,2113,6000,0.012904243398834144
APO-PSO,14,2113,6100,0.012904243398834144
APO-PSO,14,2113,6200,0.012904243398834144
APO-PSO,14,2113,6300,0.012904243398834144
APO-PSO,14,2113,6400,0.012904243398834144
APO-PSO,14,2113,6500,0.012904243398834144
APO-PSO,14,2113,6600,0.012904243398834144
APO-PSO,14,2113,6700,0.012814112755467011
APO-PSO,14,2113,6800,0.012814112755467011
APO-PSO,14,2113,6900,0.012791493284321465
APO-PSO,14,2113,7000,0.012791493284321465
APO-PSO,14,2113,7100,0.012791493284321465
APO-PSO,14,2113,7200,0.012791493284321465
APO-PSO,14,2113,7300,0.01277140597183645
APO-PSO,14,2113,7400,0.01277140597183645
APO-PSO,14,2113,7500,0.012760936545059118
APO-PSO,14,2113,7600,0.012760936545059118
APO-PSO,14,2113,7700,0.012760936545059118
APO-PSO,14,2113,7800,0.012760936545059118
APO-PSO,14,2113,7900,0.012760936545059118
APO-PSO,14,2113,8000,0.012760936545059118
APO-PSO,14,2113,8100,0.012760936545059118
APO-PSO,14,2113,8200,0.012760936545059118
APO-PSO,14,2113,8300,0.012760936545059118
APO-PSO,14,2113,8400,0.012760936545059118
APO-PSO,14,2113,8500,0.012760936545059118
APO-PSO,14,2113,8600,0.012760936545059118
APO-PSO,14,2113,8700,0.012760936545059118
APO-PSO,14,2113,8800,0.012760936545059118
APO-PSO,14,2113,8900,0.012760936545059118
APO-PSO,14,2113,9000,0.012760936545059118
APO-PSO,14,2113,9100,0.012760936545059118
APO-PSO,14,2113,9200,0.012760936545059118
APO-PSO,14,2113,9300,0.01275553846394892
APO-PSO,14,2113,9400,0.01275553846394892
APO-PSO,14,2113,9500,0.01275553846394892
APO-PSO,14,2113,9600,0.01275553846394892
APO-PSO,14,2113,9700,0.01275553846394892
APO-PSO,14,2113,9800,0.01275553846394892
APO-PSO,14,2113,9900,0.01275501278684109
APO-PSO,14,2113,10000,0.01275501278684109
APO-wr-DE,14,2113,100,0.20890312741184852
APO-wr-DE,14,2113,200,0.06844560125038181
APO-wr-DE,14,2113,300,0.06844560125038181
APO-wr-DE,14,2113,400,0.06844560125038181
APO-wr-DE,14,2113,500,0.03629628573962671
APO-wr-DE,14,2113,600,0.013419099771027239
APO-wr-DE,14,2113,700,0.013419099771027239
APO-wr-DE,14,2113,800,0.013419099771027239
APO-wr-DE,14,2113,900,0.013419099771027239
APO-wr-DE,14,2113,1000,0.013419099771027239
APO-wr-DE,14,2113,1100,0.013419099771027239
APO-wr-DE,14,2113,1200,0.013419099771027239
APO-wr-DE,14,2113,1300,0.013419099771027239
APO-wr-DE,14,2113,1400,0.013419099771027239
APO-wr-DE,14,2113,1500,0.013419099771027239
APO-wr-DE,14,2113,1600,0.013419099771027239
APO-wr-DE,14,2113,1700,0.013419099771027239
APO-wr-DE,14,2113,1800,0.013419099771027239
APO-wr-DE,14,2113,1900,0.013245973934672469
APO-wr-DE,14,2113,2000,0.013245973934672469
APO-wr-DE,14,2113,2100,0.013245973934672469
APO-wr-DE,14,2113,2200,0.013245973934672469
APO-wr-DE,14,2113,2300,0.013245973934672469
APO-wr-DE,14,2113,2400,0.013245973934672469
APO-wr-DE,14,2113,2500,0.013245973934672469
APO-wr-DE,14,2113,2600,0.013035821884404459
APO-wr-DE,14,2113,2700,0.013035821884404459
APO-wr-DE,14,2113,2800,0.013035821884404459
APO-wr-DE,14,2113,2900,0.013035821884404459
APO-wr-DE,14,2113,3000,0.012809229028263447
APO-wr-DE,14,2113,3100,0.012809229028263447
APO-wr-DE,14,2113,3200,0.012809229028263447
APO-wr-DE,14,2113,3300,0.012809229028263447
APO-wr-DE,14,2113,3400,0.012809229028263447
APO-wr-DE,14,2113,3500,0.012809229028263447
APO-wr-DE,14,2113,3600,0.012809229028263447
APO-wr-DE,14,2113,3700,0.012809229028263447
APO-wr-DE,14,2113,3800,0.012809229028263447
APO-wr-DE,14,2113,3900,0.012809229028263447
APO-wr-DE,14,2113,4000,0.012783317543000335
APO-wr-DE,14,2113,4100,0.012783317543000335
APO-wr-DE,14,2113,4200,0.012783317543000335
APO-wr-DE,14,2113,4300,0.012783317543000335
APO-wr-DE,14,2113,4400,0.012783317543000335
APO-wr-DE,14,2113,4500,0.012783317543000335
APO-wr-DE,14,2113,4600,0.012783317543000335
APO-wr-DE,14,2113,4700,0.012783317543000335
APO-wr-DE,14,2113,4800,0.012783317543000335
APO-wr-DE,14,2113,4900,0.012773465840737278
APO-wr-DE,14,2113,5000,0.012773465840737278
APO-wr-DE,14,2113,5100,0.0127511493030824
APO-wr-DE,14,2113,5200,0.0127511493030824
APO-wr-DE,14,2113,5300,0.012705615439578292
APO-wr-DE,14,2113,5400,0.012705615439578292
APO-wr-DE,14,2113,5500,0.012705615439578292
APO-wr-DE,14,2113,5600,0.012705615439578292
APO-wr-DE,14,2113,5700,0.012705615439578292
APO-wr-DE,14,2113,5800,0.012705615439578292
APO-wr-DE,14,2113,5900,0.012705615439578292
APO-wr-DE,14,2113,6000,0.012705615439578292
APO-wr-DE,14,2113,6100,0.012705615439578292
APO-wr-DE,14,2113,6200,0.012705615439578292
APO-wr-DE,14,2113,6300,0.012705615439578292
APO-wr-DE,14,2113,6400,0.012705615439578292
APO-wr-DE,14,2113,6500,0.012705615439578292
APO-wr-DE,14,2113,6600,0.012705615439578292
APO-wr-DE,14,2113,6700,0.012705615439578292
APO-wr-DE,14,2113,6800,0.012705615439578292
APO-wr-DE,14,2113,6900,0.012705615439578292
APO-wr-DE,14,2113,7000,0.012705615439578292
APO-wr-DE,14,2113,7100,0.012705615439578292
APO-wr-DE,14,2113,7200,0.012705340030866867
APO-wr-DE,14,2113,7300,0.012705340030866867
APO-wr-DE,14,2113,7400,0.012705340030866867
APO-wr-DE,14,2113,7500,0.012705340030866867
APO-wr-DE,14,2113,7600,0.012690680841751917
APO-wr-DE,14,2113,7700,0.012690680841751917
APO-wr-DE,14,2113,7800,0.012690680841751917
APO-wr-DE,14,2113,7900,0.012690680841751917
APO-wr-DE,14,2113,8000,0.012690680841751917
APO-wr-DE,14,2113,8100,0.012690680841751917
APO-wr-DE,14,2113,8200,0.012690680841751917
APO-wr-DE,14,2113,8300,0.012690680841751917
APO-wr-DE,14,2113,8400,0.012690680841751917
APO-wr-DE,14,2113,8500,0.012690680841751917
APO-wr-DE,14,2113,8600,0.012685013209115678
APO-wr-DE,14,2113,8700,0.012685013209115678
APO-wr-DE,14,2113,8800,0.012685013209115678
APO-wr-DE,14,2113,8900,0.012685013209115678
APO-wr-DE,14,2113,9000,0.012680978254129605
APO-wr-DE,14,2113,9100,0.012680978254129605
APO-wr-DE,14,2113,9200,0.012680978254129605
APO-wr-DE,14,2113,9300,0.012680978254129605
APO-wr-DE,14,2113,9400,0.012680978254129605
APO-wr-DE,14,2113,9500,0.012680978254129605
APO-wr-DE,14,2113,9600,0.01267971539286874
APO-wr-DE,14,2113,9700,0.01267971539286874
APO-wr-DE,14,2113,9800,0.01267971539286874
APO-wr-DE,14,2113,9900,0.012679669131929285
APO-wr-DE,14,2113,10000,0.01267960514581837
APO-wr-LS,14,2113,100,0.20890312741184852
APO-wr-LS,14,2113,200,0.06844560125038181
APO-wr-LS,14,2113,300,0.06818441212328563
APO-wr-LS,14,2113,400,0.06818441212328563
APO-wr-LS,14,2113,500,0.044854182512931134
APO-wr-LS,14,2113,600,0.040786675659022074
APO-wr-LS,14,2113,700,0.017009481707130188
APO-wr-LS,14,2113,800,0.017009481707130188
APO-wr-LS,14,2113,900,0.014467681382817885
APO-wr-LS,14,2113,1000,0.014467681382817885
APO-wr-LS,14,2113,1100,0.014467681382817885
APO-wr-LS,14,2113,1200,0.014467681382817885
APO-wr-LS,14,2113,1300,0.014467681382817885
APO-wr-LS,14,2113,1400,0.014467681382817885
APO-wr-LS,14,2113,1500,0.014467681382817885
APO-wr-LS,14,2113,1600,0.014467681382817885
APO-wr-LS,14,2113,1700,0.014467681382817885
APO-wr-LS,14,2113,1800,0.014467681382817885
APO-wr-LS,14,2113,1900,0.014467681382817885
APO-wr-LS,14,2113,2000,0.014467681382817885
APO-wr-LS,14,2113,2100,0.013522363265220607
APO-wr-LS,14,2113,2200,0.013522363265220607
APO-wr-LS,14,2113,2300,0.013522363265220607
APO-wr-LS,14,2113,2400,0.013522363265220607
APO-wr-LS,14,2113,2500,0.013522363265220607
APO-wr-LS,14,2113,2600,0.013522363265220607
APO-wr-LS,14,2113,2700,0.013522363265220607
APO-wr-LS,14,2113,2800,0.013522363265220607
APO-wr-LS,14,2113,2900,0.013522363265220607
APO-wr-LS,14,2113,3000,0.013522363265220607
APO-wr-LS,14,2113,3100,0.013522363265220607
APO-wr-LS,14,2113,3200,0.013522363265220607
APO-wr-LS,14,2113,3300,0.013522363265220607
APO-wr-LS,14,2113,3400,0.013522363265220607
APO-wr-LS,14,2113,3500,0.013522363265220607
APO-wr-LS,14,2113,3600,0.013522363265220607
APO-wr-LS,14,2113,3700,0.013522363265220607
APO-wr-LS,14,2113,3800,0.013522363265220607
APO-wr-LS,14,2113,3900,0.01349864257543927
APO-wr-LS,14,2113,4000,0.01349864257543927
APO-wr-LS,14,2113,4100,0.01349864257543927
APO-wr-LS,14,2113,4200,0.01349864257543927
APO-wr-LS,14,2113,4300,0.01349864257543927
APO-wr-LS,14,2113,4400,0.01349864257543927
APO-wr-LS,14,2113,4500,0.01349864257543927
APO-wr-LS,14,2113,4600,0.013141011209215145
APO-wr-LS,14,2113,4700,0.013141011209215145
APO-wr-LS,14,2113,4800,0.013141011209215145
APO-wr-LS,14,2113,4900,0.013141011209215145
APO-wr-LS,14,2113,5000,0.013141011209215145
APO-wr-LS,14,2113,5100,0.013141011209215145
APO-wr-LS,14,2113,5200,0.013141011209215145
APO-wr-LS,14,2113,5300,0.013141011209215145
APO-wr-LS,14,2113,5400,0.01293062728022177
APO-wr-LS,14,2113,5500,0.01293062728022177
APO-wr-LS,14,2113,5600,0.01293062728022177
APO-wr-LS,14,2113,5700,0.01293062728022177
APO-wr-LS,14,2113,5800,0.01293062728022177
APO-wr-LS,14,2113,5900,0.01293062728022177
APO-wr-LS,14,2113,6000,0.0128532223511544
APO-wr-LS,14,2113,6100,0.0128532223511544
APO-wr-LS,14,2113,6200,0.0128532223511544
APO-wr-LS,14,2113,6300,0.0128532223511544
APO-wr-LS,14,2113,6400,0.0128532223511544
APO-wr-LS,14,2113,6500,0.0128532223511544
APO-wr-LS,14,2113,6600,0.0128532223511544
APO-wr-LS,14,2113,6700,0.0128532223511544
APO-wr-LS,14,2113,6800,0.0128532223511544
APO-wr-LS,14,2113,6900,0.0128532223511544
APO-wr-LS,14,2113,7000,0.0128532223511544
APO-wr-LS,14,2113,7100,0.0128532223511544
APO-wr-LS,14,2113,7200,0.0128532223511544
APO-wr-LS,14,2113,7300,0.0128532223511544
APO-wr-LS,14,2113,7400,0.0128532223511544
APO-wr-LS,14,2113,7500,0.0128532223511544
APO-wr-LS,14,2113,7600,0.0128532223511544
APO-wr-LS,14,2113,7700,0.0128532223511544
APO-wr-LS,14,2113,7800,0.0128532223511544
APO-wr-LS,14,2113,7900,0.0128532223511544
APO-wr-LS,14,2113,8000,0.0128532223511544
APO-wr-LS,14,2113,8100,0.0128532223511544
APO-wr-LS,14,2113,8200,0.0128532223511544
APO-wr-LS,14,2113,8300,0.0128532223511544
APO-wr-LS,14,2113,8400,0.012748524825734709
APO-wr-LS,14,2113,8500,0.012748524825734709
APO-wr-LS,14,2113,8600,0.012748524825734709
APO-wr-LS,14,2113,8700,0.012748524825734709
APO-wr-LS,14,2113,8800,0.012748524825734709
APO-wr-LS,14,2113,8900,0.012726128929687256
APO-wr-LS,14,2113,9000,0.012726128929687256
APO-wr-LS,14,2113,9100,0.012726128929687256
APO-wr-LS,14,2113,9200,0.012726128929687256
APO-wr-LS,14,2113,9300,0.012726128929687256
APO-wr-LS,14,2113,9400,0.012726128929687256
APO-wr-LS,14,2113,9500,0.012726128929687256
APO-wr-LS,14,2113,9600,0.012726128929687256
APO-wr-LS,14,2113,9700,0.012726128929687256
APO-wr-LS,14,2113,9800,0.012725091140354536
APO-wr-LS,14,2113,9900,0.012724874969172961
APO-wr-LS,14,2113,10000,0.012724570872727292
APO-wr-PSO,14,2113,100,0.20890312741184852
APO-wr-PSO,14,2113,200,0.06844560125038181
APO-wr-PSO,14,2113,300,0.021792095799918473
APO-wr-PSO,14,2113,400,0.013749512109536096
APO-wr-PSO,14,2113,500,0.013278646591542959
APO-wr-PSO,14,2113,600,0.01319599925315029
APO-wr-PSO,14,2113,700,0.01319599925315029
APO-wr-PSO,14,2113,800,0.01319599925315029
APO-wr-PSO,14,2113,900,0.01319599925315029
APO-wr-PSO,14,2113,1000,0.01319599925315029
APO-wr-PSO,14,2113,1100,0.01319599925315029
APO-wr-PSO,14,2113,1200,0.01319599925315029
APO-wr-PSO,14,2113,1300,0.01319599925315029
APO-wr-PSO,14,2113,1400,0.01319599925315029
APO-wr-PSO,14,2113,1500,0.01319599925315029
APO-wr-PSO,14,2113,1600,0.01319599925315029
APO-wr-PSO,14,2113,1700,0.01319599925315029
APO-wr-PSO,14,2113,1800,0.01319599925315029
APO-wr-PSO,14,2113,1900,0.01319599925315029
APO-wr-PSO,14,2113,2000,0.01319599925315029
APO-wr-PSO,14,2113,2100,0.01319599925315029
APO-wr-PSO,14,2113,2200,0.01319599925315029
APO-wr-PSO,14,2113,2300,0.01319599925315029
APO-wr-PSO,14,2113,2400,0.01319599925315029
APO-wr-PSO,14,2113,2500,0.01319599925315029
APO-wr-PSO,14,2113,2600,0.01319599925315029
APO-wr-PSO,14,2113,2700,0.01319599925315029
APO-wr-PSO,14,2113,2800,0.01319599925315029
APO-wr-PSO,14,2113,2900,0.01319599925315029
APO-wr-PSO,14,2113,3000,0.01319599925315029
APO-wr-PSO,14,2113,3100,0.01319599925315029
APO-wr-PSO,14,2113,3200,0.013045833839745153
APO-wr-PSO,14,2113,3300,0.013045833839745153
APO-wr-PSO,14,2113,3400,0.013045833839745153
APO-wr-PSO,14,2113,3500,0.013045833839745153
APO-wr-PSO,14,2113,3600,0.013045833839745153
APO-wr-PSO,14,2113,3700,0.013045833839745153
APO-wr-PSO,14,2113,3800,0.01300554813279684
APO-wr-PSO,14,2113,3900,0.01300554813279684
APO-wr-PSO,14,2113,4000,0.01300554813279684
APO-wr-PSO,14,2113,4100,0.01300554813279684
APO-wr-PSO,14,2113,4200,0.01300554813279684
APO-wr-PSO,14,2113,4300,0.012883180679941413
APO-wr-PSO,14,2113,4400,0.012883180679941413
APO-wr-PSO,14,2113,4500,0.012883180679941413
APO-wr-PSO,14,2113,4600,0.012883180679941413
APO-wr-PSO,14,2113,4700,0.012883180679941413
APO-wr-PSO,14,2113,4800,0.012883180679941413
APO-wr-PSO,14,2113,4900,0.012883180679941413
APO-wr-PSO,14,2113,5000,0.012883180679941413
APO-wr-PSO,14,2113,5100,0.012883180679941413
APO-wr-PSO,14,2113,5200,0.012744419414550182
APO-wr-PSO,14,2113,5300,0.012744419414550182
APO-wr-PSO,14,2113,5400,0.012744419414550182
APO-wr-PSO,14,2113,5500,0.012744419414550182
APO-wr-PSO,14,2113,5600,0.012744419414550182
APO-wr-PSO,14,2113,5700,0.012744419414550182
APO-wr-PSO,14,2113,5800,0.012744419414550182
APO-wr-PSO,14,2113,5900,0.012744419414550182
APO-wr-PSO,14,2113,6000,0.012744419414550182
APO-wr-PSO,14,2113,6100,0.012744419414550182
APO-wr-PSO,14,2113,6200,0.012744419414550182
APO-wr-PSO,14,2113,6300,0.012744419414550182
APO-wr-PSO,14,2113,6400,0.012744419414550182
APO-wr-PSO,14,2113,6500,0.012744419414550182
APO-wr-PSO,14,2113,6600,0.012727075961301496
APO-wr-PSO,14,2113,6700,0.012727075961301496
APO-wr-PSO,14,2113,6800,0.012727075961301496
APO-wr-PSO,14,2113,6900,0.012727075961301496
APO-wr-PSO,14,2113,7000,0.012727075961301496
APO-wr-PSO,14,2113,7100,0.012727075961301496
APO-wr-PSO,14,2113,7200,0.012727075961301496
APO-wr-PSO,14,2113,7300,0.01272429819920829
APO-wr-PSO,14,2113,7400,0.01272429819920829
APO-wr-PSO,14,2113,7500,0.01272429819920829
APO-wr-PSO,14,2113,7600,0.01272429819920829
APO-wr-PSO,14,2113,7700,0.01272429819920829
APO-wr-PSO,14,2113,7800,0.01272429819920829
APO-wr-PSO,14,2113,7900,0.01272429819920829
APO-wr-PSO,14,2113,8000,0.01272429819920829
APO-wr-PSO,14,2113,8100,0.012676698915027809
APO-wr-PSO,14,2113,8200,0.012676698915027809
APO-wr-PSO,14,2113,8300,0.012676698915027809
APO-wr-PSO,14,2113,8400,0.012676698915027809
APO-wr-PSO,14,2113,8500,0.012676698915027809
APO-wr-PSO,14,2113,8600,0.012676698915027809
APO-wr-PSO,14,2113,8700,0.012676698915027809
APO-wr-PSO,14,2113,8800,0.012676698915027809
APO-wr-PSO,14,2113,8900,0.012676698915027809
APO-wr-PSO,14,2113,9000,0.012676698915027809
APO-wr-PSO,14,2113,9100,0.012676698915027809
APO-wr-PSO,14,2113,9200,0.012676698915027809
APO-wr-PSO,14,2113,9300,0.012676698915027809
APO-wr-PSO,14,2113,9400,0.012675146983766036
APO-wr-PSO,14,2113,9500,0.012675146983766036
APO-wr-PSO,14,2113,9600,0.012675146983766036
APO-wr-PSO,14,2113,9700,0.012675146983766036
APO-wr-PSO,14,2113,9800,0.012675134719941134
APO-wr-PSO,14,2113,9900,0.012675134719941134
APO-wr-PSO,14,2113,10000,0.012675073812730357
APO,15,2120,100,0.06673782920209799
APO,15,2120,200,0.06673782920209799
APO,15,2120,300,0.06673782920209799
APO,15,2120,400,0.06673782920209799
APO,15,2120,500,0.01332664859588099
APO,15,2120,600,0.01332664859588099
APO,15,2120,700,0.01332664859588099
APO,15,2120,800,0.01332664859588099
APO,15,2120,900,0.01332664859588099
APO,15,2120,1000,0.01332664859588099
APO,15,2120,1100,0.01332664859588099
APO,15,2120,1200,0.01332664859588099
APO,15,2120,1300,0.01332664859588099
APO,15,2120,1400,0.01332664859588099
APO,15,2120,1500,0.01332664859588099
APO,15,2120,1600,0.01332664859588099
APO,15,2120,1700,0.01332664859588099
APO,15,2120,1800,0.01332664859588099
APO,15,2120,1900,0.01332664859588099
APO,15,2120,2000,0.01332664859588099
APO,15,2120,2100,0.01332664859588099
APO,15,2120,2200,0.01332664859588099
APO,15,2120,2300,0.01332664859588099
APO,15,2120,2400,0.01332664859588099
APO,15,2120,2500,0.01332664859588099
APO,15,2120,2600,0.01332664859588099
APO,15,2120,2700,0.01332664859588099
APO,15,2120,2800,0.01332664859588099
APO,15,2120,2900,0.01332664859588099
APO,15,2120,3000,0.01332664859588099
APO,15,2120,3100,0.01332664859588099
APO,15,2120,3200,0.01332664859588099
APO,15,2120,3300,0.01332664859588099
APO,15,2120,3400,0.01332664859588099
APO,15,2120,3500,0.01332664859588099
APO,15,2120,3600,0.01332664859588099
APO,15,2120,3700,0.01332664859588099
APO,15,2120,3800,0.01332664859588099
APO,15,2120,3900,0.01332664859588099
APO,15,2120,4000,0.01332664859588099
APO,15,2120,4100,0.01332664859588099
APO,15,2120,4200,0.01332664859588099
APO,15,2120,4300,0.01332664859588099
APO,15,2120,4400,0.01332664859588099
APO,15,2120,4500,0.01332664859588099
APO,15,2120,4600,0.01332664859588099
APO,15,2120,4700,0.01332664859588099
APO,15,2120,4800,0.01332664859588099
APO,15,2120,4900,0.01332664859588099
APO,15,2120,5000,0.01332664859588099
APO,15,2120,5100,0.01332664859588099
APO,15,2120,5200,0.01332664859588099
APO,15,2120,5300,0.01332664859588099
APO,15,2120,5400,0.01332664859588099
APO,15,2120,5500,0.01332664859588099
APO,15,2120,5600,0.01332664859588099
APO,15,2120,5700,0.013114291565135348
APO,15,2120,5800,0.013114291565135348
APO,15,2120,5900,0.013114291565135348
APO,15,2120,6000,0.013114291565135348
APO,15,2120,6100,0.013114291565135348
APO,15,2120,6200,0.013114291565135348
APO,15,2120,6300,0.013114291565135348
APO,15,2120,6400,0.013114291565135348
APO,15,2120,6500,0.013114291565135348
APO,15,2120,6600,0.013114291565135348
APO,15,2120,6700,0.013114291565135348
APO,15,2120,6800,0.013114291565135348
APO,15,2120,6900,0.013114291565135348
APO,15,2120,7000,0.013109590132790198
APO,15,2120,7100,0.01302266913241338
APO,15,2120,7200,0.01302266913241338
APO,15,2120,7300,0.013017762927685238
APO,15,2120,7400,0.01288660607134334
APO,15,2120,7500,0.01288660607134334
APO,15,2120,7600,0.01288660607134334
APO,15,2120,7700,0.01288660607134334
APO,15,2120,7800,0.012880742791566747
APO,15,2120,7900,0.012880742791566747
APO,15,2120,8000,0.012880742791566747
APO,15,2120,8100,0.012880742791566747
APO,15,2120,8200,0.012880742791566747
APO,15,2120,8300,0.012880742791566747
APO,15,2120,8400,0.012880742791566747
APO,15,2120,8500,0.012880742791566747
APO,15,2120,8600,0.012880742791566747
APO,15,2120,8700,0.012880742791566747
APO,15,2120,8800,0.012864419287522919
APO,15,2120,8900,0.012861778544454654
APO,15,2120,9000,0.012861778544454654
APO,15,2120,9100,0.012861778544454654
APO,15,2120,9200,0.012856022484860317
APO,15,2120,9300,0.012856022484860317
APO,15,2120,9400,0.012856022484860317
APO,15,2120,9500,0.012840423696795486
APO,15,2120,9600,0.012834002144623446
APO,15,2120,9700,0.012834002144623446
APO,15,2120,9800,0.012834002144623446
APO,15,2120,9900,0.012833993769667509
APO,15,2120,10000,0.012833993769667509
APO-wr,15,2120,100,0.06673782920209799
APO-wr,15,2120,200,0.06673782920209799
APO-wr,15,2120,300,0.06673782920209799
APO-wr,15,2120,400,0.06673782920209799
APO-wr,15,2120,500,0.06673782920209799
APO-wr,15,2120,600,0.04289975460348035
APO-wr,15,2120,700,0.021145902209137427
APO-wr,15,2120,800,0.01347066269096675
APO-wr,15,2120,900,0.01347066269096675
APO-wr,15,2120,1000,0.01347066269096675
APO-wr,15,2120,1100,0.01305614282268937
APO-wr,15,2120,1200,0.01305614282268937
APO-wr,15,2120,1300,0.01305614282268937
APO-wr,15,2120,1400,0.01305614282268937
APO-wr,15,2120,1500,0.01305614282268937
APO-wr,15,2120,1600,0.01305614282268937
APO-wr,15,2120,1700,0.01305614282268937
APO-wr,15,2120,1800,0.01305614282268937
APO-wr,15,2120,1900,0.01305614282268937
APO-wr,15,2120,2000,0.01305614282268937
APO-wr,15,2120,2100,0.01305614282268937
APO-wr,15,2120,2200,0.01305614282268937
APO-wr,15,2120,2300,0.01305614282268937
APO-wr,15,2120,2400,0.01305614282268937
APO-wr,15,2120,2500,0.01305614282268937
APO-wr,15,2120,2600,0.01305614282268937
APO-wr,15,2120,2700,0.01305614282268937
APO-wr,15,2120,2800,0.01305614282268937
APO-wr,15,2120,2900,0.01305614282268937
APO-wr,15,2120,3000,0.01305614282268937
APO-wr,15,2120,3100,0.01305614282268937
APO-wr,15,2120,3200,0.01305614282268937
APO-wr,15,2120,3300,0.01305614282268937
APO-wr,15,2120,3400,0.01305614282268937
APO-wr,15,2120,3500,0.01305614282268937
APO-wr,15,2120,3600,0.01305614282268937
APO-wr,15,2120,3700,0.01305614282268937
APO-wr,15,2120,3800,0.01305614282268937
APO-wr,15,2120,3900,0.01305614282268937
APO-wr,15,2120,4000,0.013033536652604934
APO-wr,15,2120,4100,0.013033536652604934
APO-wr,15,2120,4200,0.013033536652604934
APO-wr,15,2120,4300,0.013033536652604934
APO-wr,15,2120,4400,0.012833668857450487
APO-wr,15,2120,4500,0.012833668857450487
APO-wr,15,2120,4600,0.012833668857450487
APO-wr,15,2120,4700,0.012833668857450487
APO-wr,15,2120,4800,0.012833668857450487
APO-wr,15,2120,4900,0.012833668857450487
APO-wr,15,2120,5000,0.012833668857450487
APO-wr,15,2120,5100,0.012833668857450487
APO-wr,15,2120,5200,0.012833668857450487
APO-wr,15,2120,5300,0.012833668857450487
APO-wr,15,2120,5400,0.012833668857450487
APO-wr,15,2120,5500,0.012833668857450487
APO-wr,15,2120,5600,0.012833668857450487
APO-wr,15,2120,5700,0.012833668857450487
APO-wr,15,2120,5800,0.012833668857450487
APO-wr,15,2120,5900,0.012833668857450487
APO-wr,15,2120,6000,0.012833668857450487
APO-wr,15,2120,6100,0.012814468134327087
APO-wr,15,2120,6200,0.012814468134327087
APO-wr,15,2120,6300,0.012814468134327087
APO-wr,15,2120,6400,0.012814468134327087
APO-wr,15,2120,6500,0.012814468134327087
APO-wr,15,2120,6600,0.012814468134327087
APO-wr,15,2120,6700,0.012814468134327087
APO-wr,15,2120,6800,0.012814468134327087
APO-wr,15,2120,6900,0.012814468134327087
APO-wr,15,2120,7000,0.012814468134327087
APO-wr,15,2120,7100,0.012814468134327087
APO-wr,15,2120,7200,0.012814468134327087
APO-wr,15,2120,7300,0.012814468134327087
APO-wr,15,2120,7400,0.012814468134327087
APO-wr,15,2120,7500,0.012814468134327087
APO-wr,15,2120,7600,0.012806017738842325
APO-wr,15,2120,7700,0.012806017738842325
APO-wr,15,2120,7800,0.012797729120602406
APO-wr,15,2120,7900,0.012797729120602406
APO-wr,15,2120,8000,0.012797729120602406
APO-wr,15,2120,8100,0.012797729120602406
APO-wr,15,2120,8200,0.012797729120602406
APO-wr,15,2120,8300,0.012797729120602406
APO-wr,15,2120,8400,0.012797729120602406
APO-wr,15,2120,8500,0.012797729120602406
APO-wr,15,2120,8600,0.012797729120602406
APO-wr,15,2120,8700,0.012797729120602406
APO-wr,15,2120,8800,0.012797729120602406
APO-wr,15,2120,8900,0.012797729120602406
APO-wr,15,2120,9000,0.012797729120602406
APO-wr,15,2120,9100,0.012797729120602406
APO-wr,15,2120,9200,0.012797729120602406
APO-wr,15,2120,9300,0.012797729120602406
APO-wr,15,2120,9400,0.012797729120602406
APO-wr,15,2120,9500,0.012797729120602406
APO-wr,15,2120,9600,0.012797729120602406
APO-wr,15,2120,9700,0.012794552281134432
APO-wr,15,2120,9800,0.012794552281134432
APO-wr,15,2120,9900,0.012794552281134432
APO-wr,15,2120,10000,0.012794552281134432
APO-DE,15,2120,100,0.06673782920209799
APO-DE,15,2120,200,0.06673782920209799
APO-DE,15,2120,300,0.05398529146736449
APO-DE,15,2120,400,0.02997959033747657
APO-DE,15,2120,500,0.02997959033747657
APO-DE,15,2120,600,0.02997959033747657
APO-DE,15,2120,700,0.02194240768777477
APO-DE,15,2120,800,0.02194240768777477
APO-DE,15,2120,900,0.02194240768777477
APO-DE,15,2120,1000,0.02194240768777477
APO-DE,15,2120,1100,0.019677028329954865
APO-DE,15,2120,1200,0.019677028329954865
APO-DE,15,2120,1300,0.01640478885756964
APO-DE,15,2120,1400,0.016051104627291216
APO-DE,15,2120,1500,0.016051104627291216
APO-DE,15,2120,1600,0.016051104627291216
APO-DE,15,2120,1700,0.016051104627291216
APO-DE,15,2120,1800,0.016051104627291216
APO-DE,15,2120,1900,0.016051104627291216
APO-DE,15,2120,2000,0.016051104627291216
APO-DE,15,2120,2100,0.016051104627291216
APO-DE,15,2120,2200,0.016051104627291216
APO-DE,15,2120,2300,0.016051104627291216
APO-DE,15,2120,2400,0.016051104627291216
APO-DE,15,2120,2500,0.016051104627291216
APO-DE,15,2120,2600,0.016051104627291216
APO-DE,15,2120,2700,0.01529062458802679
APO-DE,15,2120,2800,0.015190993680152635
APO-DE,15,2120,2900,0.015190993680152635
APO-DE,15,2120,3000,0.014760976666919272
APO-DE,15,2120,3100,0.014760976666919272
APO-DE,15,2120,3200,0.014299404188757352
APO-DE,15,2120,3300,0.013723896319578049
APO-DE,15,2120,3400,0.013723896319578049
APO-DE,15,2120,3500,0.013723896319578049
APO-DE,15,2120,3600,0.013259646163242553
APO-DE,15,2120,3700,0.013259646163242553
APO-DE,15,2120,3800,0.0131299073845082
APO-DE,15,2120,3900,0.0131299073845082
APO-DE,15,2120,4000,0.0131299073845082
APO-DE,15,2120,4100,0.0131299073845082
APO-DE,15,2120,4200,0.013103251924860553
APO-DE,15,2120,4300,0.013103251924860553
APO-DE,15,2120,4400,0.013103251924860553
APO-DE,15,2120,4500,0.013103251924860553
APO-DE,15,2120,4600,0.013103251924860553
APO-DE,15,2120,4700,0.013103251924860553
APO-DE,15,2120,4800,0.013103251924860553
APO-DE,15,2120,4900,0.013103251924860553
APO-DE,15,2120,5000,0.013103251924860553
APO-DE,15,2120,5100,0.013103251924860553
APO-DE,15,2120,5200,0.013103251924860553
APO-DE,15,2120,5300,0.013103251924860553
APO-DE,15,2120,5400,0.013103251924860553
APO-DE,15,2120,5500,0.013043816495843043
APO-DE,15,2120,5600,0.012761906303308774
APO-DE,15,2120,5700,0.012761906303308774
APO-DE,15,2120,5800,0.012761906303308774
APO-DE,15,2120,5900,0.012761906303308774
APO-DE,15,2120,6000,0.012761906303308774
APO-DE,15,2120,6100,0.012761906303308774
APO-DE,15,2120,6200,0.012761906303308774
APO-DE,15,2120,6300,0.012761391460190716
APO-DE,15,2120,6400,0.012761391460190716
APO-DE,15,2120,6500,0.012761391460190716
APO-DE,15,2120,6600,0.012761391460190716
APO-DE,15,2120,6700,0.012761391460190716
APO-DE,15,2120,6800,0.012761391460190716
APO-DE,15,2120,6900,0.012761391460190716
APO-DE,15,2120,7000,0.012761391460190716
APO-DE,15,2120,7100,0.012761391460190716
APO-DE,15,2120,7200,0.012761391460190716
APO-DE,15,2120,7300,0.012761391460190716
APO-DE,15,2120,7400,0.012761391460190716
APO-DE,15,2120,7500,0.012761391460190716
APO-DE,15,2120,7600,0.012761391460190716
APO-DE,15,2120,7700,0.012761391460190716
APO-DE,15,2120,7800,0.012761391460190716
APO-DE,15,2120,7900,0.012761391460190716
APO-DE,15,2120,8000,0.012761391460190716
APO-DE,15,2120,8100,0.012761391460190716
APO-DE,15,2120,8200,0.012761391460190716
APO-DE,15,2120,8300,0.012761391460190716
APO-DE,15,2120,8400,0.012761391460190716
APO-DE,15,2120,8500,0.012761391460190716
APO-DE,15,2120,8600,0.012761391460190716
APO-DE,15,2120,8700,0.012761391460190716
APO-DE,15,2120,8800,0.012761391460190716
APO-DE,15,2120,8900,0.012761391460190716
APO-DE,15,2120,9000,0.012761391460190716
APO-DE,15,2120,9100,0.012761391460190716
APO-DE,15,2120,9200,0.012761391460190716
APO-DE,15,2120,9300,0.012761391460190716
APO-DE,15,2120,9400,0.012761391460190716
APO-DE,15,2120,9500,0.012761391460190716
APO-DE,15,2120,9600,0.012758866200893107
APO-DE,15,2120,9700,0.01275476086554336
APO-DE,15,2120,9800,0.01275476086554336
APO-DE,15,2120,9900,0.01275476086554336
APO-DE,15,2120,10000,0.01275476086554336
APO-LS,15,2120,100,0.06673782920209799
APO-LS,15,2120,200,0.06673782920209799
APO-LS,15,2120,300,0.06673782920209799
APO-LS,15,2120,400,0.056527004424108664
APO-LS,15,2120,500,0.056527004424108664
APO-LS,15,2120,600,0.018918430421968405
APO-LS,15,2120,700,0.01318362250838735
APO-LS,15,2120,800,0.01318362250838735
APO-LS,15,2120,900,0.01318362250838735
APO-LS,15,2120,1000,0.01318362250838735
APO-LS,15,2120,1100,0.01318362250838735
APO-LS,15,2120,1200,0.01318362250838735
APO-LS,15,2120,1300,0.01318362250838735
APO-LS,15,2120,1400,0.01318362250838735
APO-LS,15,2120,1500,0.01318362250838735
APO-LS,15,2120,1600,0.01318362250838735
APO-LS,15,2120,1700,0.01318362250838735
APO-LS,15,2120,1800,0.01318362250838735
APO-LS,15,2120,1900,0.01318362250838735
APO-LS,15,2120,2000,0.01318362250838735
APO-LS,15,2120,2100,0.01318362250838735
APO-LS,15,2120,2200,0.01318362250838735
APO-LS,15,2120,2300,0.01318362250838735
APO-LS,15,2120,2400,0.01318362250838735
APO-LS,15,2120,2500,0.01318362250838735
APO-LS,15,2120,2600,0.01318362250838735
APO-LS,15,2120,2700,0.01318362250838735
APO-LS,15,2120,2800,0.01318362250838735
APO-LS,15,2120,2900,0.01318362250838735
APO-LS,15,2120,3000,0.01318362250838735
APO-LS,15,2120,3100,0.01318362250838735
APO-LS,15,2120,3200,0.01318362250838735
APO-LS,15,2120,3300,0.01318362250838735
APO-LS,15,2120,3400,0.01318362250838735
APO-LS,15,2120,3500,0.01318362250838735
APO-LS,15,2120,3600,0.01318362250838735
APO-LS,15,2120,3700,0.01318362250838735
APO-LS,15,2120,3800,0.01318362250838735
APO-LS,15,2120,3900,0.01318362250838735
APO-LS,15,2120,4000,0.01318362250838735
APO-LS,15,2120,4100,0.01296924865439801
APO-LS,15,2120,4200,0.01296924865439801
APO-LS,15,2120,4300,0.01296924865439801
APO-LS,15,2120,4400,0.01296924865439801
APO-LS,15,2120,4500,0.01296924865439801
APO-LS,15,2120,4600,0.01296924865439801
APO-LS,15,2120,4700,0.01296924865439801
APO-LS,15,2120,4800,0.01296924865439801
APO-LS,15,2120,4900,0.01296924865439801
APO-LS,15,2120,5000,0.01296924865439801
APO-LS,15,2120,5100,0.01296924865439801
APO-LS,15,2120,5200,0.01296924865439801
APO-LS,15,2120,5300,0.01296924865439801
APO-LS,15,2120,5400,0.01296924865439801
APO-LS,15,2120,5500,0.01296924865439801
APO-LS,15,2120,5600,0.01296924865439801
APO-LS,15,2120,5700,0.01296924865439801
APO-LS,15,2120,5800,0.01296924865439801
APO-LS,15,2120,5900,0.01296924865439801
APO-LS,15,2120,6000,0.01296924865439801
APO-LS,15,2120,6100,0.01296924865439801
APO-LS,15,2120,6200,0.01296924865439801
APO-LS,15,2120,6300,0.01296924865439801
APO-LS,15,2120,6400,0.01296924865439801
APO-LS,15,2120,6500,0.01296924865439801
APO-LS,15,2120,6600,0.01296924865439801
APO-LS,15,2120,6700,0.01296924865439801
APO-LS,15,2120,6800,0.012963581160745752
APO-LS,15,2120,6900,0.012963581160745752
APO-LS,15,2120,7000,0.012963581160745752
APO-LS,15,2120,7100,0.012963581160745752
APO-LS,15,2120,7200,0.012963581160745752
APO-LS,15,2120,7300,0.012963581160745752
APO-LS,15,2120,7400,0.012749410002985708
APO-LS,15,2120,7500,0.012749410002985708
APO-LS,15,2120,7600,0.012749410002985708
APO-LS,15,2120,7700,0.012749410002985708
APO-LS,15,2120,7800,0.012749410002985708
APO-LS,15,2120,7900,0.012749410002985708
APO-LS,15,2120,8000,0.012749410002985708
APO-LS,15,2120,8100,0.012749410002985708
APO-LS,15,2120,8200,0.012749410002985708
APO-LS,15,2120,8300,0.012749410002985708
APO-LS,15,2120,8400,0.012743917986044831
APO-LS,15,2120,8500,0.012743917986044831
APO-LS,15,2120,8600,0.012743917986044831
APO-LS,15,2120,8700,0.012743917986044831
APO-LS,15,2120,8800,0.012743917986044831
APO-LS,15,2120,8900,0.012743917986044831
APO-LS,15,2120,9000,0.012736389974210683
APO-LS,15,2120,9100,0.012736389974210683
APO-LS,15,2120,9200,0.012736389974210683
APO-LS,15,2120,9300,0.012736376488321086
APO-LS,15,2120,9400,0.012731389540050497
APO-LS,15,2120,9500,0.012731389540050497
APO-LS,15,2120,9600,0.012731389540050497
APO-LS,15,2120,9700,0.012731389540050497
APO-LS,15,2120,9800,0.012731389540050497
APO-LS,15,2120,9900,0.012731389540050497
APO-LS,15,2120,10000,0.012731389540050497
APO-PSO,15,2120,100,0.06673782920209799
APO-PSO,15,2120,200,0.06673782920209799
APO-PSO,15,2120,300,0.06306388363228041
APO-PSO,15,2120,400,0.06306388363228041
APO-PSO,15,2120,500,0.06204759685653531
APO-PSO,15,2120,600,0.03571390217431707
APO-PSO,15,2120,700,0.03361517256271552
APO-PSO,15,2120,800,0.030462466509638166
APO-PSO,15,2120,900,0.029170939879590397
APO-PSO,15,2120,1000,0.028042720952397127
APO-PSO,15,2120,1100,0.013214263489570945
APO-PSO,15,2120,1200,0.013214263489570945
APO-PSO,15,2120,1300,0.013214263489570945
APO-PSO,15,2120,1400,0.013214263489570945
APO-PSO,15,2120,1500,0.013214263489570945
APO-PSO,15,2120,1600,0.013214263489570945
APO-PSO,15,2120,1700,0.013214263489570945
APO-PSO,15,2120,1800,0.013214263489570945
APO-PSO,15,2120,1900,0.013214263489570945
APO-PSO,15,2120,2000,0.013214263489570945
APO-PSO,15,2120,2100,0.013214263489570945
APO-PSO,15,2120,2200,0.013214263489570945
APO-PSO,15,2120,2300,0.013214263489570945
APO-PSO,15,2120,2400,0.013214263489570945
APO-PSO,15,2120,2500,0.013214263489570945
APO-PSO,15,2120,2600,0.013214263489570945
APO-PSO,15,2120,2700,0.013214263489570945
APO-PSO,15,2120,2800,0.013214263489570945
APO-PSO,15,2120,2900,0.013214263489570945
APO-PSO,15,2120,3000,0.013214263489570945
APO-PSO,15,2120,3100,0.013214263489570945
APO-PSO,15,2120,3200,0.013214263489570945
APO-PSO,15,2120,3300,0.013214263489570945
APO-PSO,15,2120,3400,0.013214263489570945
APO-PSO,15,2120,3500,0.013214263489570945
APO-PSO,15,2120,3600,0.013214263489570945
APO-PSO,15,2120,3700,0.013214263489570945
APO-PSO,15,2120,3800,0.013214263489570945
APO-PSO,15,2120,3900,0.013214263489570945
APO-PSO,15,2120,4000,0.013214263489570945
APO-PSO,15,2120,4100,0.013214263489570945
APO-PSO,15,2120,4200,0.013214263489570945
APO-PSO,15,2120,4300,0.013214263489570945
APO-PSO,15,2120,4400,0.013214263489570945
APO-PSO,15,2120,4500,0.013214263489570945
APO-PSO,15,2120,4600,0.013214263489570945
APO-PSO,15,2120,4700,0.013214263489570945
APO-PSO,15,2120,4800,0.013214263489570945
APO-PSO,15,2120,4900,0.013214263489570945
APO-PSO,15,2120,5000,0.013214263489570945
APO-PSO,15,2120,5100,0.013214263489570945
APO-PSO,15,2120,5200,0.013214263489570945
APO-PSO,15,2120,5300,0.013214263489570945
APO-PSO,15,2120,5400,0.013214263489570945
APO-PSO,15,2120,5500,0.013214263489570945
APO-PSO,15,2120,5600,0.013214263489570945
APO-PSO,15,2120,5700,0.013214263489570945
APO-PSO,15,2120,5800,0.013214263489570945
APO-PSO,15,2120,5900,0.013214263489570945
APO-PSO,15,2120,6000,0.013214263489570945
APO-PSO,15,2120,6100,0.013214263489570945
APO-PSO,15,2120,6200,0.013214263489570945
APO-PSO,15,2120,6300,0.013214263489570945
APO-PSO,15,2120,6400,0.013067099957618839
APO-PSO,15,2120,6500,0.013067099957618839
APO-PSO,15,2120,6600,0.013067099957618839
APO-PSO,15,2120,6700,0.013067099957618839
APO-PSO,15,2120,6800,0.013067099957618839
APO-PSO,15,2120,6900,0.013067099957618839
APO-PSO,15,2120,7000,0.013067099957618839
APO-PSO,15,2120,7100,0.013067099957618839
APO-PSO,15,2120,7200,0.013067099957618839
APO-PSO,15,2120,7300,0.013067099957618839
APO-PSO,15,2120,7400,0.013002106055562667
APO-PSO,15,2120,7500,0.013002106055562667
APO-PSO,15,2120,7600,0.013002106055562667
APO-PSO,15,2120,7700,0.013002106055562667
APO-PSO,15,2120,7800,0.013002106055562667
APO-PSO,15,2120,7900,0.013002106055562667
APO-PSO,15,2120,8000,0.013002106055562667
APO-PSO,15,2120,8100,0.013002106055562667
APO-PSO,15,2120,8200,0.013002106055562667
APO-PSO,15,2120,8300,0.013002106055562667
APO-PSO,15,2120,8400,0.013002106055562667
APO-PSO,15,2120,8500,0.01296463961972149
APO-PSO,15,2120,8600,0.01296463961972149
APO-PSO,15,2120,8700,0.01296463961972149
APO-PSO,15,2120,8800,0.012937523661732682
APO-PSO,15,2120,8900,0.012937523661732682
APO-PSO,15,2120,9000,0.012937523661732682
APO-PSO,15,2120,9100,0.012935506210195163
APO-PSO,15,2120,9200,0.012935506210195163
APO-PSO,15,2120,9300,0.012935506210195163
APO-PSO,15,2120,9400,0.012932528244925181
APO-PSO,15,2120,9500,0.012932528244925181
APO-PSO,15,2120,9600,0.012932528244925181
APO-PSO,15,2120,9700,0.012932528244925181
APO-PSO,15,2120,9800,0.012932528244925181
APO-PSO,15,2120,9900,0.012932528244925181
APO-PSO,15,2120,10000,0.012932524596087222
APO-wr-DE,15,2120,100,0.06673782920209799
APO-wr-DE,15,2120,200,0.06673782920209799
APO-wr-DE,15,2120,300,0.037313631444091534
APO-wr-DE,15,2120,400,0.037313631444091534
APO-wr-DE,15,2120,500,0.037313631444091534
APO-wr-DE,15,2120,600,0.03150404650427507
APO-wr-DE,15,2120,700,0.03150404650427507
APO-wr-DE,15,2120,800,0.03150404650427507
APO-wr-DE,15,2120,900,0.01336115961137531
APO-wr-DE,15,2120,1000,0.01336115961137531
APO-wr-DE,15,2120,1100,0.01336115961137531
APO-wr-DE,15,2120,1200,0.01336115961137531
APO-wr-DE,15,2120,1300,0.01336115961137531
APO-wr-DE,15,2120,1400,0.01336115961137531
APO-wr-DE,15,2120,1500,0.01336115961137531
APO-wr-DE,15,2120,1600,0.01336115961137531
APO-wr-DE,15,2120,1700,0.01336115961137531
APO-wr-DE,15,2120,1800,0.01336115961137531
APO-wr-DE,15,2120,1900,0.01336115961137531
APO-wr-DE,15,2120,2000,0.01336115961137531
APO-wr-DE,15,2120,2100,0.01336115961137531
APO-wr-DE,15,2120,2200,0.01336115961137531
APO-wr-DE,15,2120,2300,0.01336115961137531
APO-wr-DE,15,2120,2400,0.01336115961137531
APO-wr-DE,15,2120,2500,0.01336115961137531
APO-wr-DE,15,2120,2600,0.01336115961137531
APO-wr-DE,15,2120,2700,0.01336115961137531
APO-wr-DE,15,2120,2800,0.01336115961137531
APO-wr-DE,15,2120,2900,0.01336115961137531
APO-wr-DE,15,2120,3000,0.01336115961137531
APO-wr-DE,15,2120,3100,0.01336115961137531
APO-wr-DE,15,2120,3200,0.01336115961137531
APO-wr-DE,15,2120,3300,0.013181392991912746
APO-wr-DE,15,2120,3400,0.013181392991912746
APO-wr-DE,15,2120,3500,0.013181392991912746
APO-wr-DE,15,2120,3600,0.013181392991912746
APO-wr-DE,15,2120,3700,0.013181392991912746
APO-wr-DE,15,2120,3800,0.013181392991912746
APO-wr-DE,15,2120,3900,0.013145099449844546
APO-wr-DE,15,2120,4000,0.013145099449844546
APO-wr-DE,15,2120,4100,0.013145099449844546
APO-wr-DE,15,2120,4200,0.012843207177338464
APO-wr-DE,15,2120,4300,0.012843207177338464
APO-wr-DE,15,2120,4400,0.012843207177338464
APO-wr-DE,15,2120,4500,0.012843207177338464
APO-wr-DE,15,2120,4600,0.012843207177338464
APO-wr-DE,15,2120,4700,0.012843207177338464
APO-wr-DE,15,2120,4800,0.012843207177338464
APO-wr-DE,15,2120,4900,0.012843207177338464
APO-wr-DE,15,2120,5000,0.012843207177338464
APO-wr-DE,15,2120,5100,0.012843207177338464
APO-wr-DE,15,2120,5200,0.012843207177338464
APO-wr-DE,15,2120,5300,0.012843207177338464
APO-wr-DE,15,2120,5400,0.012843207177338464
APO-wr-DE,15,2120,5500,0.012843207177338464
APO-wr-DE,15,2120,5600,0.012843207177338464
APO-wr-DE,15,2120,5700,0.012843207177338464
APO-wr-DE,15,2120,5800,0.012843207177338464
APO-wr-DE,15,2120,5900,0.012843207177338464
APO-wr-DE,15,2120,6000,0.012843207177338464
APO-wr-DE,15,2120,6100,0.012843207177338464
APO-wr-DE,15,2120,6200,0.012843207177338464
APO-wr-DE,15,2120,6300,0.012842815210981363
APO-wr-DE,15,2120,6400,0.012842815210981363
APO-wr-DE,15,2120,6500,0.012842815210981363
APO-wr-DE,15,2120,6600,0.012842815210981363
APO-wr-DE,15,2120,6700,0.012842815210981363
APO-wr-DE,15,2120,6800,0.012842815210981363
APO-wr-DE,15,2120,6900,0.012842815210981363
APO-wr-DE,15,2120,7000,0.012842815210981363
APO-wr-DE,15,2120,7100,0.012842815210981363
APO-wr-DE,15,2120,7200,0.012824654120792799
APO-wr-DE,15,2120,7300,0.012824654120792799
APO-wr-DE,15,2120,7400,0.012824654120792799
APO-wr-DE,15,2120,7500,0.012824654120792799
APO-wr-DE,15,2120,7600,0.012824654120792799
APO-wr-DE,15,2120,7700,0.012824654120792799
APO-wr-DE,15,2120,7800,0.01273359757018782
APO-wr-DE,15,2120,7900,0.01273359757018782
APO-wr-DE,15,2120,8000,0.01273359757018782
APO-wr-DE,15,2120,8100,0.01273359757018782
APO-wr-DE,15,2120,8200,0.01273359757018782
APO-wr-DE,15,2120,8300,0.01273359757018782
APO-wr-DE,15,2120,8400,0.012731798605861974
APO-wr-DE,15,2120,8500,0.012731798605861974
APO-wr-DE,15,2120,8600,0.012731798605861974
APO-wr-DE,15,2120,8700,0.012731798605861974
APO-wr-DE,15,2120,8800,0.012731798605861974
APO-wr-DE,15,2120,8900,0.012731798605861974
APO-wr-DE,15,2120,9000,0.012731798605861974
APO-wr-DE,15,2120,9100,0.012730002527757592
APO-wr-DE,15,2120,9200,0.012730002527757592
APO-wr-DE,15,2120,9300,0.012730002527757592
APO-wr-DE,15,2120,9400,0.012723716023844305
APO-wr-DE,15,2120,9500,0.012723716023844305
APO-wr-DE,15,2120,9600,0.012716854376486645
APO-wr-DE,15,2120,9700,0.012716854376486645
APO-wr-DE,15,2120,9800,0.012716854376486645
APO-wr-DE,15,2120,9900,0.012716680102652514
APO-wr-DE,15,2120,10000,0.012716680102652514
APO-wr-LS,15,2120,100,0.06673782920209799
APO-wr-LS,15,2120,200,0.06673782920209799
APO-wr-LS,15,2120,300,0.06673782920209799
APO-wr-LS,15,2120,400,0.05279878354426837
APO-wr-LS,15,2120,500,0.05279878354426837
APO-wr-LS,15,2120,600,0.05279878354426837
APO-wr-LS,15,2120,700,0.01847161960661642
APO-wr-LS,15,2120,800,0.01847161960661642
APO-wr-LS,15,2120,900,0.01847161960661642
APO-wr-LS,15,2120,1000,0.01847161960661642
APO-wr-LS,15,2120,1100,0.01627139309057998
APO-wr-LS,15,2120,1200,0.01627139309057998
APO-wr-LS,15,2120,1300,0.013202082664608854
APO-wr-LS,15,2120,1400,0.013202082664608854
APO-wr-LS,15,2120,1500,0.013202082664608854
APO-wr-LS,15,2120,1600,0.013202082664608854
APO-wr-LS,15,2120,1700,0.013202082664608854
APO-wr-LS,15,2120,1800,0.013202082664608854
APO-wr-LS,15,2120,1900,0.013202082664608854
APO-wr-LS,15,2120,2000,0.013202082664608854
APO-wr-LS,15,2120,2100,0.013202082664608854
APO-wr-LS,15,2120,2200,0.013202082664608854
APO-wr-LS,15,2120,2300,0.013202082664608854
APO-wr-LS,15,2120,2400,0.013202082664608854
APO-wr-LS,15,2120,2500,0.013202082664608854
APO-wr-LS,15,2120,2600,0.013202082664608854
APO-wr-LS,15,2120,2700,0.013202082664608854
APO-wr-LS,15,2120,2800,0.013202082664608854
APO-wr-LS,15,2120,2900,0.013202082664608854
APO-wr-LS,15,2120,3000,0.013202082664608854
APO-wr-LS,15,2120,3100,0.013202082664608854
APO-wr-LS,15,2120,3200,0.013202082664608854
APO-wr-LS,15,2120,3300,0.013202082664608854
APO-wr-LS,15,2120,3400,0.013202082664608854
APO-wr-LS,15,2120,3500,0.013202082664608854
APO-wr-LS,15,2120,3600,0.013202082664608854
APO-wr-LS,15,2120,3700,0.013202082664608854
APO-wr-LS,15,2120,3800,0.013202082664608854
APO-wr-LS,15,2120,3900,0.013202082664608854
APO-wr-LS,15,2120,4000,0.013076278278095465
APO-wr-LS,15,2120,4100,0.013076278278095465
APO-wr-LS,15,2120,4200,0.013076278278095465
APO-wr-LS,15,2120,4300,0.013076278278095465
APO-wr-LS,15,2120,4400,0.013076278278095465
APO-wr-LS,15,2120,4500,0.013076278278095465
APO-wr-LS,15,2120,4600,0.013076278278095465
APO-wr-LS,15,2120,4700,0.013076278278095465
APO-wr-LS,15,2120,4800,0.012980423679643922
APO-wr-LS,15,2120,4900,0.012980423679643922
APO-wr-LS,15,2120,5000,0.012980423679643922
APO-wr-LS,15,2120,5100,0.012980423679643922
APO-wr-LS,15,2120,5200,0.012828490111002715
APO-wr-LS,15,2120,5300,0.012828490111002715
APO-wr-LS,15,2120,5400,0.012828490111002715
APO-wr-LS,15,2120,5500,0.012828490111002715
APO-wr-LS,15,2120,5600,0.012828490111002715
APO-wr-LS,15,2120,5700,0.012828490111002715
APO-wr-LS,15,2120,5800,0.012828490111002715
APO-wr-LS,15,2120,5900,0.012828490111002715
APO-wr-LS,15,2120,6000,0.012828490111002715
APO-wr-LS,15,2120,6100,0.012828490111002715
APO-wr-LS,15,2120,6200,0.012828490111002715
APO-wr-LS,15,2120,6300,0.012828490111002715
APO-wr-LS,15,2120,6400,0.012828490111002715
APO-wr-LS,15,2120,6500,0.012828490111002715
APO-wr-LS,15,2120,6600,0.012828490111002715
APO-wr-LS,15,2120,6700,0.012828490111002715
APO-wr-LS,15,2120,6800,0.012828490111002715
APO-wr-LS,15,2120,6900,0.01282814176622563
APO-wr-LS,15,2120,7000,0.01282814176622563
APO-wr-LS,15,2120,7100,0.01282814176622563
APO-wr-LS,15,2120,7200,0.01282814176622563
APO-wr-LS,15,2120,7300,0.01282814176622563
APO-wr-LS,15,2120,7400,0.012782132430469993
APO-wr-LS,15,2120,7500,0.012782132430469993
APO-wr-LS,15,2120,7600,0.012782132430469993
APO-wr-LS,15,2120,7700,0.012716670453415123
APO-wr-LS,15,2120,7800,0.012716670453415123
APO-wr-LS,15,2120,7900,0.012716670453415123
APO-wr-LS,15,2120,8000,0.012716670453415123
APO-wr-LS,15,2120,8100,0.012716670453415123
APO-wr-LS,15,2120,8200,0.012716670453415123
APO-wr-LS,15,2120,8300,0.012716670453415123
APO-wr-LS,15,2120,8400,0.012716670453415123
APO-wr-LS,15,2120,8500,0.012716670453415123
APO-wr-LS,15,2120,8600,0.012716670453415123
APO-wr-LS,15,2120,8700,0.012716670453415123
APO-wr-LS,15,2120,8800,0.012716670453415123
APO-wr-LS,15,2120,8900,0.012716670453415123
APO-wr-LS,15,2120,9000,0.012716670453415123
APO-wr-LS,15,2120,9100,0.012716670453415123
APO-wr-LS,15,2120,9200,0.012716670453415123
APO-wr-LS,15,2120,9300,0.01271322152855725
APO-wr-LS,15,2120,9400,0.01271322152855725
APO-wr-LS,15,2120,9500,0.01271322152855725
APO-wr-LS,15,2120,9600,0.01271322152855725
APO-wr-LS,15,2120,9700,0.01271322152855725
APO-wr-LS,15,2120,9800,0.01271322152855725
APO-wr-LS,15,2120,9900,0.01271322152855725
APO-wr-LS,15,2120,10000,0.01271322152855725
APO-wr-PSO,15,2120,100,0.06673782920209799
APO-wr-PSO,15,2120,200,0.06673782920209799
APO-wr-PSO,15,2120,300,0.043323920533110856
APO-wr-PSO,15,2120,400,0.023655716750516143
APO-wr-PSO,15,2120,500,0.023655716750516143
APO-wr-PSO,15,2120,600,0.020641502986136595
APO-wr-PSO,15,2120,700,0.018003312490753067
APO-wr-PSO,15,2120,800,0.018003312490753067
APO-wr-PSO,15,2120,900,0.017981582145089603
APO-wr-PSO,15,2120,1000,0.017981582145089603
APO-wr-PSO,15,2120,1100,0.016583012854094584
APO-wr-PSO,15,2120,1200,0.016583012854094584
APO-wr-PSO,15,2120,1300,0.016583012854094584
APO-wr-PSO,15,2120,1400,0.0165800083553008
APO-wr-PSO,15,2120,1500,0.015660262576548307
APO-wr-PSO,15,2120,1600,0.015660262576548307
APO-wr-PSO,15,2120,1700,0.015224730923828221
APO-wr-PSO,15,2120,1800,0.015224730923828221
APO-wr-PSO,15,2120,1900,0.015224730923828221
APO-wr-PSO,15,2120,2000,0.015224730923828221
APO-wr-PSO,15,2120,2100,0.014068636847877085
APO-wr-PSO,15,2120,2200,0.014068636847877085
APO-wr-PSO,15,2120,2300,0.014068636847877085
APO-wr-PSO,15,2120,2400,0.013600926519513544
APO-wr-PSO,15,2120,2500,0.013600926519513544
APO-wr-PSO,15,2120,2600,0.013600926519513544
APO-wr-PSO,15,2120,2700,0.013600926519513544
APO-wr-PSO,15,2120,2800,0.013600926519513544
APO-wr-PSO,15,2120,2900,0.013600926519513544
APO-wr-PSO,15,2120,3000,0.013600926519513544
APO-wr-PSO,15,2120,3100,0.013600926519513544
APO-wr-PSO,15,2120,3200,0.013600926519513544
APO-wr-PSO,15,2120,3300,0.013600926519513544
APO-wr-PSO,15,2120,3400,0.013600926519513544
APO-wr-PSO,15,2120,3500,0.01355039559061828
APO-wr-PSO,15,2120,3600,0.01355039559061828
APO-wr-PSO,15,2120,3700,0.012986533039699431
APO-wr-PSO,15,2120,3800,0.012986533039699431
APO-wr-PSO,15,2120,3900,0.012986533039699431
APO-wr-PSO,15,2120,4000,0.012986533039699431
APO-wr-PSO,15,2120,4100,0.012986533039699431
APO-wr-PSO,15,2120,4200,0.012986533039699431
APO-wr-PSO,15,2120,4300,0.012986533039699431
APO-wr-PSO,15,2120,4400,0.012986533039699431
APO-wr-PSO,15,2120,4500,0.012986533039699431
APO-wr-PSO,15,2120,4600,0.012986533039699431
APO-wr-PSO,15,2120,4700,0.012986533039699431
APO-wr-PSO,15,2120,4800,0.012986533039699431
APO-wr-PSO,15,2120,4900,0.012967649956389722
APO-wr-PSO,15,2120,5000,0.012967649956389722
APO-wr-PSO,15,2120,5100,0.012967649956389722
APO-wr-PSO,15,2120,5200,0.012967649956389722
APO-wr-PSO,15,2120,5300,0.012967649956389722
APO-wr-PSO,15,2120,5400,0.012967649956389722
APO-wr-PSO,15,2120,5500,0.012967649956389722
APO-wr-PSO,15,2120,5600,0.012967649956389722
APO-wr-PSO,15,2120,5700,0.012967649956389722
APO-wr-PSO,15,2120,5800,0.012967649956389722
APO-wr-PSO,15,2120,5900,0.012967649956389722
APO-wr-PSO,15,2120,6000,0.012967649956389722
APO-wr-PSO,15,2120,6100,0.012967649956389722
APO-wr-PSO,15,2120,6200,0.012967649956389722
APO-wr-PSO,15,2120,6300,0.012967649956389722
APO-wr-PSO,15,2120,6400,0.012967649956389722
APO-wr-PSO,15,2120,6500,0.012967649956389722
APO-wr-PSO,15,2120,6600,0.012967649956389722
APO-wr-PSO,15,2120,6700,0.012967649956389722
APO-wr-PSO,15,2120,6800,0.012967649956389722
APO-wr-PSO,15,2120,6900,0.012893302323535912
APO-wr-PSO,15,2120,7000,0.012893302323535912
APO-wr-PSO,15,2120,7100,0.012893302323535912
APO-wr-PSO,15,2120,7200,0.012893302323535912
APO-wr-PSO,15,2120,7300,0.012893302323535912
APO-wr-PSO,15,2120,7400,0.012893302323535912
APO-wr-PSO,15,2120,7500,0.012893302323535912
APO-wr-PSO,15,2120,7600,0.012893302323535912
APO-wr-PSO,15,2120,7700,0.012893302323535912
APO-wr-PSO,15,2120,7800,0.012854605092467247
APO-wr-PSO,15,2120,7900,0.012854605092467247
APO-wr-PSO,15,2120,8000,0.012854605092467247
APO-wr-PSO,15,2120,8100,0.012854605092467247
APO-wr-PSO,15,2120,8200,0.012854605092467247
APO-wr-PSO,15,2120,8300,0.012854605092467247
APO-wr-PSO,15,2120,8400,0.01282958212906133
APO-wr-PSO,15,2120,8500,0.01282958212906133
APO-wr-PSO,15,2120,8600,0.012762114376311445
APO-wr-PSO,15,2120,8700,0.012762114376311445
APO-wr-PSO,15,2120,8800,0.012762114376311445
APO-wr-PSO,15,2120,8900,0.012762114376311445
APO-wr-PSO,15,2120,9000,0.012762114376311445
APO-wr-PSO,15,2120,9100,0.012756956025027456
APO-wr-PSO,15,2120,9200,0.012756956025027456
APO-wr-PSO,15,2120,9300,0.012756956025027456
APO-wr-PSO,15,2120,9400,0.012756956025027456
APO-wr-PSO,15,2120,9500,0.012756956025027456
APO-wr-PSO,15,2120,9600,0.012756956025027456
APO-wr-PSO,15,2120,9700,0.012756804443710773
APO-wr-PSO,15,2120,9800,0.012756804443710773
APO-wr-PSO,15,2120,9900,0.012756804443710773
APO-wr-PSO,15,2120,10000,0.012756625642304882
APO,16,2127,100,0.06861634028872642
APO,16,2127,200,0.06861634028872642
APO,16,2127,300,0.06861634028872642
APO,16,2127,400,0.03210344809986966
APO,16,2127,500,0.0138887054140435
APO,16,2127,600,0.013149503546276644
APO,16,2127,700,0.013149503546276644
APO,16,2127,800,0.013149503546276644
APO,16,2127,900,0.013149503546276644
APO,16,2127,1000,0.013149503546276644
APO,16,2127,1100,0.013149503546276644
APO,16,2127,1200,0.013143575185412188
APO,16,2127,1300,0.013143575185412188
APO,16,2127,1400,0.013143575185412188
APO,16,2127,1500,0.013143575185412188
APO,16,2127,1600,0.013143575185412188
APO,16,2127,1700,0.013143575185412188
APO,16,2127,1800,0.013143575185412188
APO,16,2127,1900,0.013143575185412188
APO,16,2127,2000,0.013143575185412188
APO,16,2127,2100,0.013143575185412188
APO,16,2127,2200,0.013143575185412188
APO,16,2127,2300,0.013143575185412188
APO,16,2127,2400,0.013143575185412188
APO,16,2127,2500,0.013143575185412188
APO,16,2127,2600,0.012982639117330622
APO,16,2127,2700,0.012982639117330622
APO,16,2127,2800,0.012982639117330622
APO,16,2127,2900,0.012982639117330622
APO,16,2127,3000,0.012982639117330622
APO,16,2127,3100,0.012982639117330622
APO,16,2127,3200,0.012956676751213406
APO,16,2127,3300,0.012956676751213406
APO,16,2127,3400,0.012956676751213406
APO,16,2127,3500,0.012956676751213406
APO,16,2127,3600,0.012956676751213406
APO,16,2127,3700,0.012956676751213406
APO,16,2127,3800,0.012956676751213406
APO,16,2127,3900,0.012956676751213406
APO,16,2127,4000,0.012956676751213406
APO,16,2127,4100,0.012956676751213406
APO,16,2127,4200,0.012956676751213406
APO,16,2127,4300,0.012956676751213406
APO,16,2127,4400,0.012956676751213406
APO,16,2127,4500,0.012956676751213406
APO,16,2127,4600,0.012956676751213406
APO,16,2127,4700,0.012865828637217
APO,16,2127,4800,0.012865828637217
APO,16,2127,4900,0.012865828637217
APO,16,2127,5000,0.012865828637217
APO,16,2127,5100,0.012865828637217
APO,16,2127,5200,0.012865828637217
APO,16,2127,5300,0.012865828637217
APO,16,2127,5400,0.012865828637217
APO,16,2127,5500,0.012865828637217
APO,16,2127,5600,0.012865828637217
APO,16,2127,5700,0.012865828637217
APO,16,2127,5800,0.012865828637217
APO,16,2127,5900,0.012865828637217
APO,16,2127,6000,0.012865828637217
APO,16,2127,6100,0.012865828637217
APO,16,2127,6200,0.012865828637217
APO,16,2127,6300,0.012865828637217
APO,16,2127,6400,0.012865828637217
APO,16,2127,6500,0.012865828637217
APO,16,2127,6600,0.012865828637217
APO,16,2127,6700,0.012865828637217
APO,16,2127,6800,0.012846799656111766
APO,16,2127,6900,0.012846799656111766
APO,16,2127,7000,0.012846799656111766
APO,16,2127,7100,0.012846799656111766
APO,16,2127,7200,0.012846799656111766
APO,16,2127,7300,0.012846799656111766
APO,16,2127,7400,0.012846799656111766
APO,16,2127,7500,0.012846799656111766
APO,16,2127,7600,0.012846799656111766
APO,16,2127,7700,0.012794689311471145
APO,16,2127,7800,0.012794689311471145
APO,16,2127,7900,0.012794689311471145
APO,16,2127,8000,0.012770568555234856
APO,16,2127,8100,0.012767625272306274
APO,16,2127,8200,0.012767625272306274
APO,16,2127,8300,0.012753929496078686
APO,16,2127,8400,0.012753929496078686
APO,16,2127,8500,0.012753929496078686
APO,16,2127,8600,0.012753929496078686
APO,16,2127,8700,0.012753929496078686
APO,16,2127,8800,0.012753929496078686
APO,16,2127,8900,0.012753929496078686
APO,16,2127,9000,0.012753929496078686
APO,16,2127,9100,0.01274872953170274
APO,16,2127,9200,0.012743955908758655
APO,16,2127,9300,0.012741390208607822
APO,16,2127,9400,0.012741390208607822
APO,16,2127,9500,0.012741390208607822
APO,16,2127,9600,0.012741390208607822
APO,16,2127,9700,0.012741338994127912
APO,16,2127,9800,0.012741338994127912
APO,16,2127,9900,0.012741338994127912
APO,16,2127,10000,0.012741225242899055
APO-wr,16,2127,100,0.06861634028872642
APO-wr,16,2127,200,0.06861634028872642
APO-wr,16,2127,300,0.06861634028872642
APO-wr,16,2127,400,0.013252711599389814
APO-wr,16,2127,500,0.01303616673779996
APO-wr,16,2127,600,0.01303616673779996
APO-wr,16,2127,700,0.01303616673779996
APO-wr,16,2127,800,0.01303616673779996
APO-wr,16,2127,900,0.01303616673779996
APO-wr,16,2127,1000,0.01303616673779996
APO-wr,16,2127,1100,0.01303616673779996
APO-wr,16,2127,1200,0.01303616673779996
APO-wr,16,2127,1300,0.01303616673779996
APO-wr,16,2127,1400,0.01303616673779996
APO-wr,16,2127,1500,0.01303616673779996
APO-wr,16,2127,1600,0.01303616673779996
APO-wr,16,2127,1700,0.012843402524819882
APO-wr,16,2127,1800,0.012843402524819882
APO-wr,16,2127,1900,0.012843402524819882
APO-wr,16,2127,2000,0.012843402524819882
APO-wr,16,2127,2100,0.012843402524819882
APO-wr,16,2127,2200,0.012843402524819882
APO-wr,16,2127,2300,0.012843402524819882
APO-wr,16,2127,2400,0.012843402524819882
APO-wr,16,2127,2500,0.012843402524819882
APO-wr,16,2127,2600,0.012843402524819882
APO-wr,16,2127,2700,0.012843402524819882
APO-wr,16,2127,2800,0.012843402524819882
APO-wr,16,2127,2900,0.012843402524819882
APO-wr,16,2127,3000,0.012843402524819882
APO-wr,16,2127,3100,0.012843402524819882
APO-wr,16,2127,3200,0.012843402524819882
APO-wr,16,2127,3300,0.012843402524819882
APO-wr,16,2127,3400,0.012843402524819882
APO-wr,16,2127,3500,0.012843402524819882
APO-wr,16,2127,3600,0.012843402524819882
APO-wr,16,2127,3700,0.012843402524819882
APO-wr,16,2127,3800,0.012843402524819882
APO-wr,16,2127,3900,0.012843402524819882
APO-wr,16,2127,4000,0.012843402524819882
APO-wr,16,2127,4100,0.012843402524819882
APO-wr,16,2127,4200,0.012843402524819882
APO-wr,16,2127,4300,0.012843402524819882
APO-wr,16,2127,4400,0.012843402524819882
APO-wr,16,2127,4500,0.012843402524819882
APO-wr,16,2127,4600,0.012843402524819882
APO-wr,16,2127,4700,0.012843402524819882
APO-wr,16,2127,4800,0.012843402524819882
APO-wr,16,2127,4900,0.012843402524819882
APO-wr,16,2127,5000,0.012843402524819882
APO-wr,16,2127,5100,0.012843402524819882
APO-wr,16,2127,5200,0.012843402524819882
APO-wr,16,2127,5300,0.012843402524819882
APO-wr,16,2127,5400,0.012843402524819882
APO-wr,16,2127,5500,0.012843402524819882
APO-wr,16,2127,5600,0.012843402524819882
APO-wr,16,2127,5700,0.012843402524819882
APO-wr,16,2127,5800,0.012843402524819882
APO-wr,16,2127,5900,0.012843402524819882
APO-wr,16,2127,6000,0.012843402524819882
APO-wr,16,2127,6100,0.012843402524819882
APO-wr,16,2127,6200,0.012843402524819882
APO-wr,16,2127,6300,0.012843402524819882
APO-wr,16,2127,6400,0.012843402524819882
APO-wr,16,2127,6500,0.012843402524819882
APO-wr,16,2127,6600,0.012843402524819882
APO-wr,16,2127,6700,0.012843402524819882
APO-wr,16,2127,6800,0.012843402524819882
APO-wr,16,2127,6900,0.012843402524819882
APO-wr,16,2127,7000,0.012843402524819882
APO-wr,16,2127,7100,0.012843402524819882
APO-wr,16,2127,7200,0.012843402524819882
APO-wr,16,2127,7300,0.012827897940767
APO-wr,16,2127,7400,0.012827897940767
APO-wr,16,2127,7500,0.012827897940767
APO-wr,16,2127,7600,0.012827897940767
APO-wr,16,2127,7700,0.012827897940767
APO-wr,16,2127,7800,0.012827897940767
APO-wr,16,2127,7900,0.012827897940767
APO-wr,16,2127,8000,0.012801547422880274
APO-wr,16,2127,8100,0.012801547422880274
APO-wr,16,2127,8200,0.012801547422880274
APO-wr,16,2127,8300,0.012801547422880274
APO-wr,16,2127,8400,0.01280088965896147
APO-wr,16,2127,8500,0.01280088965896147
APO-wr,16,2127,8600,0.01280088965896147
APO-wr,16,2127,8700,0.01280088965896147
APO-wr,16,2127,8800,0.01280088965896147
APO-wr,16,2127,8900,0.012783688699245593
APO-wr,16,2127,9000,0.012783688699245593
APO-wr,16,2127,9100,0.012783688699245593
APO-wr,16,2127,9200,0.012780863396847295
APO-wr,16,2127,9300,0.012780863396847295
APO-wr,16,2127,9400,0.012742194258695919
APO-wr,16,2127,9500,0.012742194258695919
APO-wr,16,2127,9600,0.012741991758468931
APO-wr,16,2127,9700,0.012741991758468931
APO-wr,16,2127,9800,0.012731117428136833
APO-wr,16,2127,9900,0.012731117428136833
APO-wr,16,2127,10000,0.012731117428136833
APO-DE,16,2127,100,0.06861634028872642
APO-DE,16,2127,200,0.06861634028872642
APO-DE,16,2127,300,0.06861634028872642
APO-DE,16,2127,400,0.06861634028872642
APO-DE,16,2127,500,0.029624120601332345
APO-DE,16,2127,600,0.029624120601332345
APO-DE,16,2127,700,0.02962411705902637
APO-DE,16,2127,800,0.01868890902097136
APO-DE,16,2127,900,0.013234378983859261
APO-DE,16,2127,1000,0.013234378983859261
APO-DE,16,2127,1100,0.013234378983859261
APO-DE,16,2127,1200,0.013234378983859261
APO-DE,16,2127,1300,0.013120073297036386
APO-DE,16,2127,1400,0.013120073297036386
APO-DE,16,2127,1500,0.013120073297036386
APO-DE,16,2127,1600,0.013120073297036386
APO-DE,16,2127,1700,0.013120073297036386
APO-DE,16,2127,1800,0.013120073297036386
APO-DE,16,2127,1900,0.013120073297036386
APO-DE,16,2127,2000,0.013120073297036386
APO-DE,16,2127,2100,0.013120073297036386
APO-DE,16,2127,2200,0.013120073297036386
APO-DE,16,2127,2300,0.013120073297036386
APO-DE,16,2127,2400,0.013042430341313254
APO-DE,16,2127,2500,0.013042430341313254
APO-DE,16,2127,2600,0.013042430341313254
APO-DE,16,2127,2700,0.013042430341313254
APO-DE,16,2127,2800,0.013042430341313254
APO-DE,16,2127,2900,0.013042430341313254
APO-DE,16,2127,3000,0.013042430341313254
APO-DE,16,2127,3100,0.013042430341313254
APO-DE,16,2127,3200,0.013042430341313254
APO-DE,16,2127,3300,0.013042430341313254
APO-DE,16,2127,3400,0.013042430341313254
APO-DE,16,2127,3500,0.013042430341313254
APO-DE,16,2127,3600,0.013042430341313254
APO-DE,16,2127,3700,0.013042430341313254
APO-DE,16,2127,3800,0.013042430341313254
APO-DE,16,2127,3900,0.013042430341313254
APO-DE,16,2127,4000,0.013042430341313254
APO-DE,16,2127,4100,0.013042430341313254
APO-DE,16,2127,4200,0.013042430341313254
APO-DE,16,2127,4300,0.013042430341313254
APO-DE,16,2127,4400,0.013042430341313254
APO-DE,16,2127,4500,0.013042430341313254
APO-DE,16,2127,4600,0.013042430341313254
APO-DE,16,2127,4700,0.013042430341313254
APO-DE,16,2127,4800,0.012888682126934165
APO-DE,16,2127,4900,0.012888682126934165
APO-DE,16,2127,5000,0.012888682126934165
APO-DE,16,2127,5100,0.012888682126934165
APO-DE,16,2127,5200,0.012888682126934165
APO-DE,16,2127,5300,0.012888682126934165
APO-DE,16,2127,5400,0.012888682126934165
APO-DE,16,2127,5500,0.012888682126934165
APO-DE,16,2127,5600,0.012888682126934165
APO-DE,16,2127,5700,0.012888682126934165
APO-DE,16,2127,5800,0.012888682126934165
APO-DE,16,2127,5900,0.012888682126934165
APO-DE,16,2127,6000,0.012888682126934165
APO-DE,16,2127,6100,0.012888682126934165
APO-DE,16,2127,6200,0.012888682126934165
APO-DE,16,2127,6300,0.012888682126934165
APO-DE,16,2127,6400,0.012888682126934165
APO-DE,16,2127,6500,0.012888682126934165
APO-DE,16,2127,6600,0.012805216622807506
APO-DE,16,2127,6700,0.012805216622807506
APO-DE,16,2127,6800,0.012805216622807506
APO-DE,16,2127,6900,0.012805216622807506
APO-DE,16,2127,7000,0.012788080705180184
APO-DE,16,2127,7100,0.012788080705180184
APO-DE,16,2127,7200,0.012788080705180184
APO-DE,16,2127,7300,0.012788080705180184
APO-DE,16,2127,7400,0.012698602392488151
APO-DE,16,2127,7500,0.012698602392488151
APO-DE,16,2127,7600,0.012698602392488151
APO-DE,16,2127,7700,0.012690816842867648
APO-DE,16,2127,7800,0.012690816842867648
APO-DE,16,2127,7900,0.012690816842867648
APO-DE,16,2127,8000,0.012690816842867648
APO-DE,16,2127,8100,0.012690816842867648
APO-DE,16,2127,8200,0.012690816842867648
APO-DE,16,2127,8300,0.012690816842867648
APO-DE,16,2127,8400,0.012690816842867648
APO-DE,16,2127,8500,0.012690816842867648
APO-DE,16,2127,8600,0.012690816842867648
APO-DE,16,2127,8700,0.012690816842867648
APO-DE,16,2127,8800,0.012690816842867648
APO-DE,16,2127,8900,0.012690816842867648
APO-DE,16,2127,9000,0.012690816842867648
APO-DE,16,2127,9100,0.012690816842867648
APO-DE,16,2127,9200,0.012670588604882948
APO-DE,16,2127,9300,0.012670588604882948
APO-DE,16,2127,9400,0.012670588604882948
APO-DE,16,2127,9500,0.012670588604882948
APO-DE,16,2127,9600,0.012670588604882948
APO-DE,16,2127,9700,0.012670588604882948
APO-DE,16,2127,9800,0.012669883175587177
APO-DE,16,2127,9900,0.01266934068971384
APO-DE,16,2127,10000,0.01266934068971384
APO-LS,16,2127,100,0.06861634028872642
APO-LS,16,2127,200,0.04270678966842921
APO-LS,16,2127,300,0.04270678966842921
APO-LS,16,2127,400,0.03886271179655318
APO-LS,16,2127,500,0.03886271179655318
APO-LS,16,2127,600,0.038839045618723124
APO-LS,16,2127,700,0.015044914834599491
APO-LS,16,2127,800,0.015044914834599491
APO-LS,16,2127,900,0.015044914834599491
APO-LS,16,2127,1000,0.013581086139423163
APO-LS,16,2127,1100,0.01343408824348732
APO-LS,16,2127,1200,0.01343408824348732
APO-LS,16,2127,1300,0.01297170345464314
APO-LS,16,2127,1400,0.01297170345464314
APO-LS,16,2127,1500,0.01297170345464314
APO-LS,16,2127,1600,0.01297170345464314
APO-LS,16,2127,1700,0.01297170345464314
APO-LS,16,2127,1800,0.01297170345464314
APO-LS,16,2127,1900,0.01297170345464314
APO-LS,16,2127,2000,0.01297170345464314
APO-LS,16,2127,2100,0.01297170345464314
APO-LS,16,2127,2200,0.01297170345464314
APO-LS,16,2127,2300,0.01297170345464314
APO-LS,16,2127,2400,0.01297170345464314
APO-LS,16,2127,2500,0.01297170345464314
APO-LS,16,2127,2600,0.012895684170544913
APO-LS,16,2127,2700,0.012895684170544913
APO-LS,16,2127,2800,0.012895684170544913
APO-LS,16,2127,2900,0.012895684170544913
APO-LS,16,2127,3000,0.012895684170544913
APO-LS,16,2127,3100,0.012895684170544913
APO-LS,16,2127,3200,0.012895684170544913
APO-LS,16,2127,3300,0.012895684170544913
APO-LS,16,2127,3400,0.012895684170544913
APO-LS,16,2127,3500,0.012895684170544913
APO-LS,16,2127,3600,0.012895684170544913
APO-LS,16,2127,3700,0.012867377906118476
APO-LS,16,2127,3800,0.012867377619909415
APO-LS,16,2127,3900,0.012867377619909415
APO-LS,16,2127,4000,0.012867377619909415
APO-LS,16,2127,4100,0.012867377619909415
APO-LS,16,2127,4200,0.012867377619909415
APO-LS,16,2127,4300,0.012867377619909415
APO-LS,16,2127,4400,0.012867377619909415
APO-LS,16,2127,4500,0.012867377619909415
APO-LS,16,2127,4600,0.012867377619909415
APO-LS,16,2127,4700,0.012867377619909415
APO-LS,16,2127,4800,0.012867377619909415
APO-LS,16,2127,4900,0.012867377619909415
APO-LS,16,2127,5000,0.012867377619909415
APO-LS,16,2127,5100,0.012867377619909415
APO-LS,16,2127,5200,0.012867377619909415
APO-LS,16,2127,5300,0.012867377619909415
APO-LS,16,2127,5400,0.012867377619909415
APO-LS,16,2127,5500,0.012867377619909415
APO-LS,16,2127,5600,0.012867377619909415
APO-LS,16,2127,5700,0.012867377619909415
APO-LS,16,2127,5800,0.012867377619909415
APO-LS,16,2127,5900,0.012867377619909415
APO-LS,16,2127,6000,0.012867377619909415
APO-LS,16,2127,6100,0.012867377619909415
APO-LS,16,2127,6200,0.012867377619909415
APO-LS,16,2127,6300,0.012867377619909415
APO-LS,16,2127,6400,0.012867377619909415
APO-LS,16,2127,6500,0.012867377619909415
APO-LS,16,2127,6600,0.012867377619909415
APO-LS,16,2127,6700,0.012867377619909415
APO-LS,16,2127,6800,0.012865312069675613
APO-LS,16,2127,6900,0.012865312069675613
APO-LS,16,2127,7000,0.01274871253046123
APO-LS,16,2127,7100,0.01274871253046123
APO-LS,16,2127,7200,0.01274871253046123
APO-LS,16,2127,7300,0.01274871253046123
APO-LS,16,2127,7400,0.01274871253046123
APO-LS,16,2127,7500,0.01274871253046123
APO-LS,16,2127,7600,0.01274871253046123
APO-LS,16,2127,7700,0.01274871253046123
APO-LS,16,2127,7800,0.01274871253046123
APO-LS,16,2127,7900,0.012736294472743466
APO-LS,16,2127,8000,0.012736294472743466
APO-LS,16,2127,8100,0.012736294472743466
APO-LS,16,2127,8200,0.012736294472743466
APO-LS,16,2127,8300,0.012736294472743466
APO-LS,16,2127,8400,0.012736294472743466
APO-LS,16,2127,8500,0.012736294472743466
APO-LS,16,2127,8600,0.012736294472743466
APO-LS,16,2127,8700,0.012736294472743466
APO-LS,16,2127,8800,0.012736294472743466
APO-LS,16,2127,8900,0.012736294472743466
APO-LS,16,2127,9000,0.012736294472743466
APO-LS,16,2127,9100,0.012736294472743466
APO-LS,16,2127,9200,0.012736294472743466
APO-LS,16,2127,9300,0.012736294472743466
APO-LS,16,2127,9400,0.012736294472743466
APO-LS,16,2127,9500,0.01273584327196474
APO-LS,16,2127,9600,0.01273584327196474
APO-LS,16,2127,9700,0.01273584327196474
APO-LS,16,2127,9800,0.012735361731241363
APO-LS,16,2127,9900,0.012734986404080231
APO-LS,16,2127,10000,0.012734979116307502
APO-PSO,16,2127,100,0.06861634028872642
APO-PSO,16,2127,200,0.06861634028872642
APO-PSO,16,2127,300,0.06861634028872642
APO-PSO,16,2127,400,0.02587320084349136
APO-PSO,16,2127,500,0.025873200421163093
APO-PSO,16,2127,600,0.021441123346597913
APO-PSO,16,2127,700,0.021441123346597913
APO-PSO,16,2127,800,0.021441123346597913
APO-PSO,16,2127,900,0.017024978608011943
APO-PSO,16,2127,1000,0.016781490457641303
APO-PSO,16,2127,1100,0.016781490457641303
APO-PSO,16,2127,1200,0.016781490457641303
APO-PSO,16,2127,1300,0.0166316561651457
APO-PSO,16,2127,1400,0.015026212759689333
APO-PSO,16,2127,1500,0.01453774873997471
APO-PSO,16,2127,1600,0.01453774873997471
APO-PSO,16,2127,1700,0.01453774873997471
APO-PSO,16,2127,1800,0.01453774873997471
APO-PSO,16,2127,1900,0.01453774873997471
APO-PSO,16,2127,2000,0.01453774873997471
APO-PSO,16,2127,2100,0.01453774873997471
APO-PSO,16,2127,2200,0.01453774873997471
APO-PSO,16,2127,2300,0.01453774873997471
APO-PSO,16,2127,2400,0.014426352187733874
APO-PSO,16,2127,2500,0.01438328096935878
APO-PSO,16,2127,2600,0.014043387934341805
APO-PSO,16,2127,2700,0.014043387934341805
APO-PSO,16,2127,2800,0.013961442442370338
APO-PSO,16,2127,2900,0.013961442442370338
APO-PSO,16,2127,3000,0.013701789120294829
APO-PSO,16,2127,3100,0.013701789120294829
APO-PSO,16,2127,3200,0.013701789120294829
APO-PSO,16,2127,3300,0.013701789120294829
APO-PSO,16,2127,3400,0.013701789120294829
APO-PSO,16,2127,3500,0.01342062318628006
APO-PSO,16,2127,3600,0.01342062318628006
APO-PSO,16,2127,3700,0.013352449578559522
APO-PSO,16,2127,3800,0.013352449578559522
APO-PSO,16,2127,3900,0.013352449578559522
APO-PSO,16,2127,4000,0.013352449578559522
APO-PSO,16,2127,4100,0.013352449578559522
APO-PSO,16,2127,4200,0.013146453297574542
APO-PSO,16,2127,4300,0.013146453297574542
APO-PSO,16,2127,4400,0.013146453297574542
APO-PSO,16,2127,4500,0.013146453297574542
APO-PSO,16,2127,4600,0.013146453297574542
APO-PSO,16,2127,4700,0.013091591638699107
APO-PSO,16,2127,4800,0.013091591638699107
APO-PSO,16,2127,4900,0.013091591638699107
APO-PSO,16,2127,5000,0.013091591638699107
APO-PSO,16,2127,5100,0.013091591638699107
APO-PSO,16,2127,5200,0.013091591638699107
APO-PSO,16,2127,5300,0.013091591638699107
APO-PSO,16,2127,5400,0.013091591638699107
APO-PSO,16,2127,5500,0.013091591638699107
APO-PSO,16,2127,5600,0.012920727638078151
APO-PSO,16,2127,5700,0.012818605368265765
APO-PSO,16,2127,5800,0.012818605368265765
APO-PSO,16,2127,5900,0.012818605368265765
APO-PSO,16,2127,6000,0.012818605368265765
APO-PSO,16,2127,6100,0.012818605368265765
APO-PSO,16,2127,6200,0.012818605368265765
APO-PSO,16,2127,6300,0.012818605368265765
APO-PSO,16,2127,6400,0.012818605368265765
APO-PSO,16,2127,6500,0.012818605368265765
APO-PSO,16,2127,6600,0.012818605368265765
APO-PSO,16,2127,6700,0.012818605368265765
APO-PSO,16,2127,6800,0.012818605368265765
APO-PSO,16,2127,6900,0.012818605368265765
APO-PSO,16,2127,7000,0.012818605368265765
APO-PSO,16,2127,7100,0.012818605368265765
APO-PSO,16,2127,7200,0.012744604452852047
APO-PSO,16,2127,7300,0.012744604452852047
APO-PSO,16,2127,7400,0.012744604452852047
APO-PSO,16,2127,7500,0.012744604452852047
APO-PSO,16,2127,7600,0.012744604452852047
APO-PSO,16,2127,7700,0.012744604452852047
APO-PSO,16,2127,7800,0.012744604452852047
APO-PSO,16,2127,7900,0.012744604452852047
APO-PSO,16,2127,8000,0.012744604452852047
APO-PSO,16,2127,8100,0.012743422184598382
APO-PSO,16,2127,8200,0.012743422184598382
APO-PSO,16,2127,8300,0.012743422184598382
APO-PSO,16,2127,8400,0.012743422184598382
APO-PSO,16,2127,8500,0.012743422184598382
APO-PSO,16,2127,8600,0.012743422184598382
APO-PSO,16,2127,8700,0.012743422184598382
APO-PSO,16,2127,8800,0.012743422184598382
APO-PSO,16,2127,8900,0.012743422184598382
APO-PSO,16,2127,9000,0.012743422184598382
APO-PSO,16,2127,9100,0.012743422184598382
APO-PSO,16,2127,9200,0.012741068903504668
APO-PSO,16,2127,9300,0.012726172112015747
APO-PSO,16,2127,9400,0.012726172112015747
APO-PSO,16,2127,9500,0.012726172112015747
APO-PSO,16,2127,9600,0.012726172112015747
APO-PSO,16,2127,9700,0.012726172112015747
APO-PSO,16,2127,9800,0.012725244971411975
APO-PSO,16,2127,9900,0.012725200153259932
APO-PSO,16,2127,10000,0.012725182820785937
APO-wr-DE,16,2127,100,0.06861634028872642
APO-wr-DE,16,2127,200,0.06861634028872642
APO-wr-DE,16,2127,300,0.06861634028872642
APO-wr-DE,16,2127,400,0.06861634028872642
APO-wr-DE,16,2127,500,0.03905237919445011
APO-wr-DE,16,2127,600,0.023393199178286354
APO-wr-DE,16,2127,700,0.023393199178286354
APO-wr-DE,16,2127,800,0.014862115562934706
APO-wr-DE,16,2127,900,0.014862115562934706
APO-wr-DE,16,2127,1000,0.014862115562934706
APO-wr-DE,16,2127,1100,0.014862115562934706
APO-wr-DE,16,2127,1200,0.014315809533990628
APO-wr-DE,16,2127,1300,0.014315809533990628
APO-wr-DE,16,2127,1400,0.014315809533990628
APO-wr-DE,16,2127,1500,0.014182786798743012
APO-wr-DE,16,2127,1600,0.014182786798743012
APO-wr-DE,16,2127,1700,0.014182786798743012
APO-wr-DE,16,2127,1800,0.014182786798743012
APO-wr-DE,16,2127,1900,0.014182786798743012
APO-wr-DE,16,2127,2000,0.014182786798743012
APO-wr-DE,16,2127,2100,0.014182786798743012
APO-wr-DE,16,2127,2200,0.014182786798743012
APO-wr-DE,16,2127,2300,0.014182786798743012
APO-wr-DE,16,2127,2400,0.014182786798743012
APO-wr-DE,16,2127,2500,0.013860969405725012
APO-wr-DE,16,2127,2600,0.013860969405725012
APO-wr-DE,16,2127,2700,0.013860969405725012
APO-wr-DE,16,2127,2800,0.013634762651060197
APO-wr-DE,16,2127,2900,0.013634762651060197
APO-wr-DE,16,2127,3000,0.013634762651060197
APO-wr-DE,16,2127,3100,0.013634762651060197
APO-wr-DE,16,2127,3200,0.013634762651060197
APO-wr-DE,16,2127,3300,0.013634762651060197
APO-wr-DE,16,2127,3400,0.012968144273851605
APO-wr-DE,16,2127,3500,0.012784189429607075
APO-wr-DE,16,2127,3600,0.012784189429607075
APO-wr-DE,16,2127,3700,0.012784189429607075
APO-wr-DE,16,2127,3800,0.012784189429607075
APO-wr-DE,16,2127,3900,0.012784189429607075
APO-wr-DE,16,2127,4000,0.012784189429607075
APO-wr-DE,16,2127,4100,0.012784189429607075
APO-wr-DE,16,2127,4200,0.012784189429607075
APO-wr-DE,16,2127,4300,0.012784189429607075
APO-wr-DE,16,2127,4400,0.012784189429607075
APO-wr-DE,16,2127,4500,0.012784189429607075
APO-wr-DE,16,2127,4600,0.012784189429607075
APO-wr-DE,16,2127,4700,0.012784189429607075
APO-wr-DE,16,2127,4800,0.012784189429607075
APO-wr-DE,16,2127,4900,0.012784189429607075
APO-wr-DE,16,2127,5000,0.012784189429607075
APO-wr-DE,16,2127,5100,0.012779327092600053
APO-wr-DE,16,2127,5200,0.012766504542738968
APO-wr-DE,16,2127,5300,0.012766504542738968
APO-wr-DE,16,2127,5400,0.012766504542738968
APO-wr-DE,16,2127,5500,0.012766504542738968
APO-wr-DE,16,2127,5600,0.012766504542738968
APO-wr-DE,16,2127,5700,0.012766504542738968
APO-wr-DE,16,2127,5800,0.012766504542738968
APO-wr-DE,16,2127,5900,0.012766504542738968
APO-wr-DE,16,2127,6000,0.012766504542738968
APO-wr-DE,16,2127,6100,0.012766504542738968
APO-wr-DE,16,2127,6200,0.012766504542738968
APO-wr-DE,16,2127,6300,0.012766504542738968
APO-wr-DE,16,2127,6400,0.012766504542738968
APO-wr-DE,16,2127,6500,0.012766504542738968
APO-wr-DE,16,2127,6600,0.012766504542738968
APO-wr-DE,16,2127,6700,0.012766504542738968
APO-wr-DE,16,2127,6800,0.012766504542738968
APO-wr-DE,16,2127,6900,0.012766504542738968
APO-wr-DE,16,2127,7000,0.012766504542738968
APO-wr-DE,16,2127,7100,0.012766504542738968
APO-wr-DE,16,2127,7200,0.012766504542738968
APO-wr-DE,16,2127,7300,0.012749593843317251
APO-wr-DE,16,2127,7400,0.012749593843317251
APO-wr-DE,16,2127,7500,0.012749593843317251
APO-wr-DE,16,2127,7600,0.012749593843317251
APO-wr-DE,16,2127,7700,0.012749593843317251
APO-wr-DE,16,2127,7800,0.012749593843317251
APO-wr-DE,16,2127,7900,0.012749593843317251
APO-wr-DE,16,2127,8000,0.012749593843317251
APO-wr-DE,16,2127,8100,0.012749593843317251
APO-wr-DE,16,2127,8200,0.012749593843317251
APO-wr-DE,16,2127,8300,0.012749593843317251
APO-wr-DE,16,2127,8400,0.012749593843317251
APO-wr-DE,16,2127,8500,0.012749593843317251
APO-wr-DE,16,2127,8600,0.012744997387977672
APO-wr-DE,16,2127,8700,0.012744997387977672
APO-wr-DE,16,2127,8800,0.012728261157086028
APO-wr-DE,16,2127,8900,0.012728261157086028
APO-wr-DE,16,2127,9000,0.012728261157086028
APO-wr-DE,16,2127,9100,0.012728261157086028
APO-wr-DE,16,2127,9200,0.012715310159929502
APO-wr-DE,16,2127,9300,0.012715310159929502
APO-wr-DE,16,2127,9400,0.012715310159929502
APO-wr-DE,16,2127,9500,0.012706845031730196
APO-wr-DE,16,2127,9600,0.012706845031730196
APO-wr-DE,16,2127,9700,0.012706845031730196
APO-wr-DE,16,2127,9800,0.0127057423178986
APO-wr-DE,16,2127,9900,0.0127057423178986
APO-wr-DE,16,2127,10000,0.012705672669628318
APO-wr-LS,16,2127,100,0.06861634028872642
APO-wr-LS,16,2127,200,0.04270678966842921
APO-wr-LS,16,2127,300,0.03798561973484848
APO-wr-LS,16,2127,400,0.02687018866243547
APO-wr-LS,16,2127,500,0.02687018866243547
APO-wr-LS,16,2127,600,0.013295606294039109
APO-wr-LS,16,2127,700,0.013295606294039109
APO-wr-LS,16,2127,800,0.013295606294039109
APO-wr-LS,16,2127,900,0.013295606294039109
APO-wr-LS,16,2127,1000,0.013295606294039109
APO-wr-LS,16,2127,1100,0.013295606294039109
APO-wr-LS,16,2127,1200,0.013295606294039109
APO-wr-LS,16,2127,1300,0.013295606294039109
APO-wr-LS,16,2127,1400,0.013082549193309348
APO-wr-LS,16,2127,1500,0.013082549193309348
APO-wr-LS,16,2127,1600,0.013082549193309348
APO-wr-LS,16,2127,1700,0.013082549193309348
APO-wr-LS,16,2127,1800,0.013082549193309348
APO-wr-LS,16,2127,1900,0.013082549193309348
APO-wr-LS,16,2127,2000,0.013082549193309348
APO-wr-LS,16,2127,2100,0.013082549193309348
APO-wr-LS,16,2127,2200,0.013082549193309348
APO-wr-LS,16,2127,2300,0.013082549193309348
APO-wr-LS,16,2127,2400,0.013082549193309348
APO-wr-LS,16,2127,2500,0.013082549193309348
APO-wr-LS,16,2127,2600,0.013082549193309348
APO-wr-LS,16,2127,2700,0.013082549193309348
APO-wr-LS,16,2127,2800,0.013082549193309348
APO-wr-LS,16,2127,2900,0.013082549193309348
APO-wr-LS,16,2127,3000,0.013082549193309348
APO-wr-LS,16,2127,3100,0.013082549193309348
APO-wr-LS,16,2127,3200,0.013082549193309348
APO-wr-LS,16,2127,3300,0.013082549193309348
APO-wr-LS,16,2127,3400,0.013082549193309348
APO-wr-LS,16,2127,3500,0.013082549193309348
APO-wr-LS,16,2127,3600,0.013082549193309348
APO-wr-LS,16,2127,3700,0.013082549193309348
APO-wr-LS,16,2127,3800,0.013082549193309348
APO-wr-LS,16,2127,3900,0.013082549193309348
APO-wr-LS,16,2127,4000,0.013082549193309348
APO-wr-LS,16,2127,4100,0.013082549193309348
APO-wr-LS,16,2127,4200,0.013082549193309348
APO-wr-LS,16,2127,4300,0.013082549193309348
APO-wr-LS,16,2127,4400,0.013082549193309348
APO-wr-LS,16,2127,4500,0.01304509727918423
APO-wr-LS,16,2127,4600,0.01304509727918423
APO-wr-LS,16,2127,4700,0.01304509727918423
APO-wr-LS,16,2127,4800,0.01304509727918423
APO-wr-LS,16,2127,4900,0.01301960651546958
APO-wr-LS,16,2127,5000,0.01301960651546958
APO-wr-LS,16,2127,5100,0.01301960651546958
APO-wr-LS,16,2127,5200,0.01301960651546958
APO-wr-LS,16,2127,5300,0.01301960651546958
APO-wr-LS,16,2127,5400,0.01301960651546958
APO-wr-LS,16,2127,5500,0.01301960651546958
APO-wr-LS,16,2127,5600,0.012868923150198382
APO-wr-LS,16,2127,5700,0.012868923150198382
APO-wr-LS,16,2127,5800,0.012856232645175495
APO-wr-LS,16,2127,5900,0.012856232645175495
APO-wr-LS,16,2127,6000,0.012856232645175495
APO-wr-LS,16,2127,6100,0.012856232645175495
APO-wr-LS,16,2127,6200,0.012856232645175495
APO-wr-LS,16,2127,6300,0.012856232645175495
APO-wr-LS,16,2127,6400,0.012856232645175495
APO-wr-LS,16,2127,6500,0.012856232645175495
APO-wr-LS,16,2127,6600,0.012856232645175495
APO-wr-LS,16,2127,6700,0.012856232645175495
APO-wr-LS,16,2127,6800,0.012856232645175495
APO-wr-LS,16,2127,6900,0.012856232645175495
APO-wr-LS,16,2127,7000,0.012856232645175495
APO-wr-LS,16,2127,7100,0.012856232645175495
APO-wr-LS,16,2127,7200,0.012856232645175495
APO-wr-LS,16,2127,7300,0.012856232645175495
APO-wr-LS,16,2127,7400,0.012856232645175495
APO-wr-LS,16,2127,7500,0.012853660562465523
APO-wr-LS,16,2127,7600,0.012853660562465523
APO-wr-LS,16,2127,7700,0.01284157896409148
APO-wr-LS,16,2127,7800,0.01284157896409148
APO-wr-LS,16,2127,7900,0.012808614375963413
APO-wr-LS,16,2127,8000,0.012808614375963413
APO-wr-LS,16,2127,8100,0.012808614375963413
APO-wr-LS,16,2127,8200,0.012808614375963413
APO-wr-LS,16,2127,8300,0.012802765692345789
APO-wr-LS,16,2127,8400,0.012770964244886772
APO-wr-LS,16,2127,8500,0.012770964244886772
APO-wr-LS,16,2127,8600,0.012770964244886772
APO-wr-LS,16,2127,8700,0.012770964244886772
APO-wr-LS,16,2127,8800,0.012770964244886772
APO-wr-LS,16,2127,8900,0.012770964244886772
APO-wr-LS,16,2127,9000,0.012770964244886772
APO-wr-LS,16,2127,9100,0.012769782426435568
APO-wr-LS,16,2127,9200,0.012769782426435568
APO-wr-LS,16,2127,9300,0.012769782426435568
APO-wr-LS,16,2127,9400,0.012769782426435568
APO-wr-LS,16,2127,9500,0.012769782426435568
APO-wr-LS,16,2127,9600,0.012768732492500698
APO-wr-LS,16,2127,9700,0.012768732492500698
APO-wr-LS,16,2127,9800,0.01276858696493758
APO-wr-LS,16,2127,9900,0.012768472824616583
APO-wr-LS,16,2127,10000,0.01276847099244789
APO-wr-PSO,16,2127,100,0.06861634028872642
APO-wr-PSO,16,2127,200,0.06861634028872642
APO-wr-PSO,16,2127,300,0.020497524491886764
APO-wr-PSO,16,2127,400,0.020497524491886764
APO-wr-PSO,16,2127,500,0.020497524491886764
APO-wr-PSO,16,2127,600,0.020497524491886764
APO-wr-PSO,16,2127,700,0.020278692883349863
APO-wr-PSO,16,2127,800,0.014481052907608389
APO-wr-PSO,16,2127,900,0.014481052907608389
APO-wr-PSO,16,2127,1000,0.014481052907608389
APO-wr-PSO,16,2127,1100,0.014481052907608389
APO-wr-PSO,16,2127,1200,0.014481052907608389
APO-wr-PSO,16,2127,1300,0.014217107924530781
APO-wr-PSO,16,2127,1400,0.014217107924530781
APO-wr-PSO,16,2127,1500,0.014217107924530781
APO-wr-PSO,16,2127,1600,0.013066141758542328
APO-wr-PSO,16,2127,1700,0.013066141758542328
APO-wr-PSO,16,2127,1800,0.013066141758542328
APO-wr-PSO,16,2127,1900,0.013066141758542328
APO-wr-PSO,16,2127,2000,0.013066141758542328
APO-wr-PSO,16,2127,2100,0.013066141758542328
APO-wr-PSO,16,2127,2200,0.013066141758542328
APO-wr-PSO,16,2127,2300,0.013066141758542328
APO-wr-PSO,16,2127,2400,0.013066141758542328
APO-wr-PSO,16,2127,2500,0.013066141758542328
APO-wr-PSO,16,2127,2600,0.013066141758542328
APO-wr-PSO,16,2127,2700,0.013066141758542328
APO-wr-PSO,16,2127,2800,0.013066141758542328
APO-wr-PSO,16,2127,2900,0.013066141758542328
APO-wr-PSO,16,2127,3000,0.013066141758542328
APO-wr-PSO,16,2127,3100,0.013066141758542328
APO-wr-PSO,16,2127,3200,0.013066141758542328
APO-wr-PSO,16,2127,3300,0.013066141758542328
APO-wr-PSO,16,2127,3400,0.013066141758542328
APO-wr-PSO,16,2127,3500,0.013060158223833732
APO-wr-PSO,16,2127,3600,0.013060158223833732
APO-wr-PSO,16,2127,3700,0.013060158223833732
APO-wr-PSO,16,2127,3800,0.013060158223833732
APO-wr-PSO,16,2127,3900,0.013060158223833732
APO-wr-PSO,16,2127,4000,0.013060158223833732
APO-wr-PSO,16,2127,4100,0.013027331039441068
APO-wr-PSO,16,2127,4200,0.013027331039441068
APO-wr-PSO,16,2127,4300,0.013027331039441068
APO-wr-PSO,16,2127,4400,0.013027331039441068
APO-wr-PSO,16,2127,4500,0.013027331039441068
APO-wr-PSO,16,2127,4600,0.013027331039441068
APO-wr-PSO,16,2127,4700,0.013027331039441068
APO-wr-PSO,16,2127,4800,0.013027331039441068
APO-wr-PSO,16,2127,4900,0.013027331039441068
APO-wr-PSO,16,2127,5000,0.012871328132002383
APO-wr-PSO,16,2127,5100,0.012871328132002383
APO-wr-PSO,16,2127,5200,0.012871328132002383
APO-wr-PSO,16,2127,5300,0.012871328132002383
APO-wr-PSO,16,2127,5400,0.012871328132002383
APO-wr-PSO,16,2127,5500,0.012871328132002383
APO-wr-PSO,16,2127,5600,0.012871328132002383
APO-wr-PSO,16,2127,5700,0.012871328132002383
APO-wr-PSO,16,2127,5800,0.012871328132002383
APO-wr-PSO,16,2127,5900,0.012871328132002383
APO-wr-PSO,16,2127,6000,0.012871328132002383
APO-wr-PSO,16,2127,6100,0.012871328132002383
APO-wr-PSO,16,2127,6200,0.012871328132002383
APO-wr-PSO,16,2127,6300,0.012871328132002383
APO-wr-PSO,16,2127,6400,0.012871328132002383
APO-wr-PSO,16,2127,6500,0.012871328132002383
APO-wr-PSO,16,2127,6600,0.012871328132002383
APO-wr-PSO,16,2127,6700,0.012871328132002383
APO-wr-PSO,16,2127,6800,0.012871328132002383
APO-wr-PSO,16,2127,6900,0.012871328132002383
APO-wr-PSO,16,2127,7000,0.0128700262977026
APO-wr-PSO,16,2127,7100,0.0128700262977026
APO-wr-PSO,16,2127,7200,0.0128700262977026
APO-wr-PSO,16,2127,7300,0.0128700262977026
APO-wr-PSO,16,2127,7400,0.0128700262977026
APO-wr-PSO,16,2127,7500,0.0128700262977026
APO-wr-PSO,16,2127,7600,0.012854215417953032
APO-wr-PSO,16,2127,7700,0.012783606250424346
APO-wr-PSO,16,2127,7800,0.012783606250424346
APO-wr-PSO,16,2127,7900,0.012783606250424346
APO-wr-PSO,16,2127,8000,0.012783606250424346
APO-wr-PSO,16,2127,8100,0.012783606250424346
APO-wr-PSO,16,2127,8200,0.012783606250424346
APO-wr-PSO,16,2127,8300,0.012783606250424346
APO-wr-PSO,16,2127,8400,0.012783606250424346
APO-wr-PSO,16,2127,8500,0.012783606250424346
APO-wr-PSO,16,2127,8600,0.012783606250424346
APO-wr-PSO,16,2127,8700,0.012783606250424346
APO-wr-PSO,16,2127,8800,0.012783606250424346
APO-wr-PSO,16,2127,8900,0.012773123394850401
APO-wr-PSO,16,2127,9000,0.012773123394850401
APO-wr-PSO,16,2127,9100,0.012773123394850401
APO-wr-PSO,16,2127,9200,0.012771271426934065
APO-wr-PSO,16,2127,9300,0.012746805492326208
APO-wr-PSO,16,2127,9400,0.012746805492326208
APO-wr-PSO,16,2127,9500,0.012746805492326208
APO-wr-PSO,16,2127,9600,0.012746805492326208
APO-wr-PSO,16,2127,9700,0.012746805492326208
APO-wr-PSO,16,2127,9800,0.012746241908217834
APO-wr-PSO,16,2127,9900,0.012746241908217834
APO-wr-PSO,16,2127,10000,0.012746162884210223
APO,17,2134,100,0.0397775480012319
APO,17,2134,200,0.0397775480012319
APO,17,2134,300,0.0397775480012319
APO,17,2134,400,0.0397775480012319
APO,17,2134,500,0.0397775480012319
APO,17,2134,600,0.0397775480012319
APO,17,2134,700,0.020969239863415236
APO,17,2134,800,0.020969239863415236
APO,17,2134,900,0.01332373203290456
APO,17,2134,1000,0.01332373203290456
APO,17,2134,1100,0.01332373203290456
APO,17,2134,1200,0.01332373203290456
APO,17,2134,1300,0.012984846111262273
APO,17,2134,1400,0.012984846111262273
APO,17,2134,1500,0.012984846111262273
APO,17,2134,1600,0.012984846111262273
APO,17,2134,1700,0.012984846111262273
APO,17,2134,1800,0.012984846111262273
APO,17,2134,1900,0.012984846111262273
APO,17,2134,2000,0.012984846111262273
APO,17,2134,2100,0.012984846111262273
APO,17,2134,2200,0.012984846111262273
APO,17,2134,2300,0.012984846111262273
APO,17,2134,2400,0.012984846111262273
APO,17,2134,2500,0.012984846111262273
APO,17,2134,2600,0.012984846111262273
APO,17,2134,2700,0.012984846111262273
APO,17,2134,2800,0.012984846111262273
APO,17,2134,2900,0.012984846111262273
APO,17,2134,3000,0.012984846111262273
APO,17,2134,3100,0.012984846111262273
APO,17,2134,3200,0.012984846111262273
APO,17,2134,3300,0.012984846111262273
APO,17,2134,3400,0.012984846111262273
APO,17,2134,3500,0.012984846111262273
APO,17,2134,3600,0.012984846111262273
APO,17,2134,3700,0.012984846111262273
APO,17,2134,3800,0.012984846111262273
APO,17,2134,3900,0.012984846111262273
APO,17,2134,4000,0.012984846111262273
APO,17,2134,4100,0.012931266296324684
APO,17,2134,4200,0.012931266296324684
APO,17,2134,4300,0.012931266296324684
APO,17,2134,4400,0.012931266296324684
APO,17,2134,4500,0.012931266296324684
APO,17,2134,4600,0.012931266296324684
APO,17,2134,4700,0.012931266296324684
APO,17,2134,4800,0.012931266296324684
APO,17,2134,4900,0.012931266296324684
APO,17,2134,5000,0.012931266296324684
APO,17,2134,5100,0.012931266296324684
APO,17,2134,5200,0.012890648449452433
APO,17,2134,5300,0.012886260988978871
APO,17,2134,5400,0.012886260988978871
APO,17,2134,5500,0.012886260988978871
APO,17,2134,5600,0.012886260988978871
APO,17,2134,5700,0.012886260988978871
APO,17,2134,5800,0.012798748695311437
APO,17,2134,5900,0.012798748695311437
APO,17,2134,6000,0.012798748695311437
APO,17,2134,6100,0.012798748695311437
APO,17,2134,6200,0.012798748695311437
APO,17,2134,6300,0.012798748695311437
APO,17,2134,6400,0.012798748695311437
APO,17,2134,6500,0.012781538705389959
APO,17,2134,6600,0.012781538705389959
APO,17,2134,6700,0.012781538705389959
APO,17,2134,6800,0.012781538705389959
APO,17,2134,6900,0.012781538705389959
APO,17,2134,7000,0.012781538705389959
APO,17,2134,7100,0.012781538705389959
APO,17,2134,7200,0.012781538705389959
APO,17,2134,7300,0.012781538705389959
APO,17,2134,7400,0.012781538705389959
APO,17,2134,7500,0.012781538705389959
APO,17,2134,7600,0.012781538705389959
APO,17,2134,7700,0.012781538705389959
APO,17,2134,7800,0.012781538705389959
APO,17,2134,7900,0.012781538705389959
APO,17,2134,8000,0.012781538705389959
APO,17,2134,8100,0.012781538705389959
APO,17,2134,8200,0.012781538705389959
APO,17,2134,8300,0.012781538705389959
APO,17,2134,8400,0.012781538705389959
APO,17,2134,8500,0.012781538705389959
APO,17,2134,8600,0.012781538705389959
APO,17,2134,8700,0.012781538705389959
APO,17,2134,8800,0.012781538705389959
APO,17,2134,8900,0.012781538705389959
APO,17,2134,9000,0.012767299741063342
APO,17,2134,9100,0.012767299741063342
APO,17,2134,9200,0.012767299741063342
APO,17,2134,9300,0.012765889042602853
APO,17,2134,9400,0.012750329609264538
APO,17,2134,9500,0.012750329609264538
APO,17,2134,9600,0.012750329609264538
APO,17,2134,9700,0.012750329609264538
APO,17,2134,9800,0.012748092624001414
APO,17,2134,9900,0.012748092624001414
APO,17,2134,10000,0.012747781979169285
APO-wr,17,2134,100,0.0397775480012319
APO-wr,17,2134,200,0.0397775480012319
APO-wr,17,2134,300,0.0397775480012319
APO-wr,17,2134,400,0.0397775480012319
APO-wr,17,2134,500,0.0397775480012319
APO-wr,17,2134,600,0.030849556095233308
APO-wr,17,2134,700,0.0144267486858222
APO-wr,17,2134,800,0.014189250664581916
APO-wr,17,2134,900,0.014189250664581916
APO-wr,17,2134,1000,0.01328615296477367
APO-wr,17,2134,1100,0.01328615296477367
APO-wr,17,2134,1200,0.01328615296477367
APO-wr,17,2134,1300,0.01328615296477367
APO-wr,17,2134,1400,0.01328615296477367
APO-wr,17,2134,1500,0.013275388838612645
APO-wr,17,2134,1600,0.013275388838612645
APO-wr,17,2134,1700,0.013275388838612645
APO-wr,17,2134,1800,0.013275388838612645
APO-wr,17,2134,1900,0.013275388838612645
APO-wr,17,2134,2000,0.013275388838612645
APO-wr,17,2134,2100,0.013275388838612645
APO-wr,17,2134,2200,0.013275388838612645
APO-wr,17,2134,2300,0.013001629272175864
APO-wr,17,2134,2400,0.013001629272175864
APO-wr,17,2134,2500,0.013001629272175864
APO-wr,17,2134,2600,0.013001629272175864
APO-wr,17,2134,2700,0.013001629272175864
APO-wr,17,2134,2800,0.013001629272175864
APO-wr,17,2134,2900,0.013001629272175864
APO-wr,17,2134,3000,0.013001629272175864
APO-wr,17,2134,3100,0.013001629272175864
APO-wr,17,2134,3200,0.013001629272175864
APO-wr,17,2134,3300,0.013001629272175864
APO-wr,17,2134,3400,0.013001629272175864
APO-wr,17,2134,3500,0.013001629272175864
APO-wr,17,2134,3600,0.013001629272175864
APO-wr,17,2134,3700,0.013001629272175864
APO-wr,17,2134,3800,0.013001629272175864
APO-wr,17,2134,3900,0.013001629272175864
APO-wr,17,2134,4000,0.013001629272175864
APO-wr,17,2134,4100,0.013001629272175864
APO-wr,17,2134,4200,0.013001629272175864
APO-wr,17,2134,4300,0.013001629272175864
APO-wr,17,2134,4400,0.013001629272175864
APO-wr,17,2134,4500,0.013001629272175864
APO-wr,17,2134,4600,0.013001629272175864
APO-wr,17,2134,4700,0.013001629272175864
APO-wr,17,2134,4800,0.013001629272175864
APO-wr,17,2134,4900,0.013001629272175864
APO-wr,17,2134,5000,0.013001629272175864
APO-wr,17,2134,5100,0.013001629272175864
APO-wr,17,2134,5200,0.013001629272175864
APO-wr,17,2134,5300,0.013001629272175864
APO-wr,17,2134,5400,0.013001629272175864
APO-wr,17,2134,5500,0.013001629272175864
APO-wr,17,2134,5600,0.01288766219708002
APO-wr,17,2134,5700,0.01288766219708002
APO-wr,17,2134,5800,0.012796916034570534
APO-wr,17,2134,5900,0.012796916034570534
APO-wr,17,2134,6000,0.012796916034570534
APO-wr,17,2134,6100,0.012796916034570534
APO-wr,17,2134,6200,0.01278190461913312
APO-wr,17,2134,6300,0.01278190461913312
APO-wr,17,2134,6400,0.01278190461913312
APO-wr,17,2134,6500,0.012778059183691291
APO-wr,17,2134,6600,0.012778059183691291
APO-wr,17,2134,6700,0.012778059183691291
APO-wr,17,2134,6800,0.012778059183691291
APO-wr,17,2134,6900,0.012778059183691291
APO-wr,17,2134,7000,0.012778059183691291
APO-wr,17,2134,7100,0.012778059183691291
APO-wr,17,2134,7200,0.012778059183691291
APO-wr,17,2134,7300,0.012778059183691291
APO-wr,17,2134,7400,0.012778059183691291
APO-wr,17,2134,7500,0.012778059183691291
APO-wr,17,2134,7600,0.012710527652079006
APO-wr,17,2134,7700,0.012710527652079006
APO-wr,17,2134,7800,0.012710527652079006
APO-wr,17,2134,7900,0.012710527652079006
APO-wr,17,2134,8000,0.012710527652079006
APO-wr,17,2134,8100,0.012710527652079006
APO-wr,17,2134,8200,0.012710527652079006
APO-wr,17,2134,8300,0.012710527652079006
APO-wr,17,2134,8400,0.012710527652079006
APO-wr,17,2134,8500,0.012710527652079006
APO-wr,17,2134,8600,0.012710527652079006
APO-wr,17,2134,8700,0.012710527652079006
APO-wr,17,2134,8800,0.012710527652079006
APO-wr,17,2134,8900,0.012688764448205153
APO-wr,17,2134,9000,0.012688764448205153
APO-wr,17,2134,9100,0.012688764448205153
APO-wr,17,2134,9200,0.012688764448205153
APO-wr,17,2134,9300,0.012687255776207284
APO-wr,17,2134,9400,0.012687255776207284
APO-wr,17,2134,9500,0.012687255776207284
APO-wr,17,2134,9600,0.012687255776207284
APO-wr,17,2134,9700,0.012687255776207284
APO-wr,17,2134,9800,0.012685211871597173
APO-wr,17,2134,9900,0.012685211871597173
APO-wr,17,2134,10000,0.012684923959326187
APO-DE,17,2134,100,0.0397775480012319
APO-DE,17,2134,200,0.0397775480012319
APO-DE,17,2134,300,0.026943145474506002
APO-DE,17,2134,400,0.026943145474506002
APO-DE,17,2134,500,0.026943145474506002
APO-DE,17,2134,600,0.026943145474506002
APO-DE,17,2134,700,0.026943145474506002
APO-DE,17,2134,800,0.026943145474506002
APO-DE,17,2134,900,0.02522115544598063
APO-DE,17,2134,1000,0.019822568199174273
APO-DE,17,2134,1100,0.019641027446078128
APO-DE,17,2134,1200,0.013933664196381293
APO-DE,17,2134,1300,0.013933664196381293
APO-DE,17,2134,1400,0.013933664196381293
APO-DE,17,2134,1500,0.013933664196381293
APO-DE,17,2134,1600,0.013933664196381293
APO-DE,17,2134,1700,0.013933664196381293
APO-DE,17,2134,1800,0.013933664196381293
APO-DE,17,2134,1900,0.013933664196381293
APO-DE,17,2134,2000,0.013933664196381293
APO-DE,17,2134,2100,0.013933664196381293
APO-DE,17,2134,2200,0.013933664196381293
APO-DE,17,2134,2300,0.013933664196381293
APO-DE,17,2134,2400,0.013933664196381293
APO-DE,17,2134,2500,0.013933664196381293
APO-DE,17,2134,2600,0.013933664196381293
APO-DE,17,2134,2700,0.013933664196381293
APO-DE,17,2134,2800,0.013933664196381293
APO-DE,17,2134,2900,0.013933664196381293
APO-DE,17,2134,3000,0.013933664196381293
APO-DE,17,2134,3100,0.013933664196381293
APO-DE,17,2134,3200,0.013933664196381293
APO-DE,17,2134,3300,0.013933664196381293
APO-DE,17,2134,3400,0.013123906272824214
APO-DE,17,2134,3500,0.013123906272824214
APO-DE,17,2134,3600,0.013123906272824214
APO-DE,17,2134,3700,0.012882769346305348
APO-DE,17,2134,3800,0.012882769346305348
APO-DE,17,2134,3900,0.012882769346305348
APO-DE,17,2134,4000,0.012882769346305348
APO-DE,17,2134,4100,0.012882769346305348
APO-DE,17,2134,4200,0.012882769346305348
APO-DE,17,2134,4300,0.012882769346305348
APO-DE,17,2134,4400,0.012882769346305348
APO-DE,17,2134,4500,0.012882769346305348
APO-DE,17,2134,4600,0.012882769346305348
APO-DE,17,2134,4700,0.012882769346305348
APO-DE,17,2134,4800,0.012882769346305348
APO-DE,17,2134,4900,0.012882769346305348
APO-DE,17,2134,5000,0.012882769346305348
APO-DE,17,2134,5100,0.012864510821659465
APO-DE,17,2134,5200,0.012864510821659465
APO-DE,17,2134,5300,0.012864510821659465
APO-DE,17,2134,5400,0.012864510821659465
APO-DE,17,2134,5500,0.012864510821659465
APO-DE,17,2134,5600,0.012864510821659465
APO-DE,17,2134,5700,0.012864510821659465
APO-DE,17,2134,5800,0.012851109817967447
APO-DE,17,2134,5900,0.012851109817967447
APO-DE,17,2134,6000,0.0127586483882325
APO-DE,17,2134,6100,0.0127586483882325
APO-DE,17,2134,6200,0.0127586483882325
APO-DE,17,2134,6300,0.0127586483882325
APO-DE,17,2134,6400,0.0127586483882325
APO-DE,17,2134,6500,0.0127586483882325
APO-DE,17,2134,6600,0.0127586483882325
APO-DE,17,2134,6700,0.0127586483882325
APO-DE,17,2134,6800,0.0127586483882325
APO-DE,17,2134,6900,0.0127586483882325
APO-DE,17,2134,7000,0.0127586483882325
APO-DE,17,2134,7100,0.0127586483882325
APO-DE,17,2134,7200,0.0127586483882325
APO-DE,17,2134,7300,0.0127586483882325
APO-DE,17,2134,7400,0.0127586483882325
APO-DE,17,2134,7500,0.0127586483882325
APO-DE,17,2134,7600,0.012738737753928826
APO-DE,17,2134,7700,0.012738737753928826
APO-DE,17,2134,7800,0.012738737753928826
APO-DE,17,2134,7900,0.012738737753928826
APO-DE,17,2134,8000,0.012738737753928826
APO-DE,17,2134,8100,0.012738737753928826
APO-DE,17,2134,8200,0.012738737753928826
APO-DE,17,2134,8300,0.012738737753928826
APO-DE,17,2134,8400,0.012738737753928826
APO-DE,17,2134,8500,0.012738737753928826
APO-DE,17,2134,8600,0.012738737753928826
APO-DE,17,2134,8700,0.012738737753928826
APO-DE,17,2134,8800,0.012715250954580462
APO-DE,17,2134,8900,0.012715250954580462
APO-DE,17,2134,9000,0.01270079172030564
APO-DE,17,2134,9100,0.01270079172030564
APO-DE,17,2134,9200,0.01270079172030564
APO-DE,17,2134,9300,0.01270079172030564
APO-DE,17,2134,9400,0.012700041156710733
APO-DE,17,2134,9500,0.012700041156710733
APO-DE,17,2134,9600,0.012700041156710733
APO-DE,17,2134,9700,0.012700041156710733
APO-DE,17,2134,9800,0.01269817088041373
APO-DE,17,2134,9900,0.01269817088041373
APO-DE,17,2134,10000,0.0126981140406969
APO-LS,17,2134,100,0.0397775480012319
APO-LS,17,2134,200,0.0397775480012319
APO-LS,17,2134,300,0.03811383890770542
APO-LS,17,2134,400,0.03811383890770542
APO-LS,17,2134,500,0.03811383890770542
APO-LS,17,2134,600,0.020294432057438958
APO-LS,17,2134,700,0.01985121887070757
APO-LS,17,2134,800,0.01985121887070757
APO-LS,17,2134,900,0.01985121887070757
APO-LS,17,2134,1000,0.019535944154987658
APO-LS,17,2134,1100,0.017525276225067655
APO-LS,17,2134,1200,0.016996581432610975
APO-LS,17,2134,1300,0.014325286486908555
APO-LS,17,2134,1400,0.014325286486908555
APO-LS,17,2134,1500,0.014325286486908555
APO-LS,17,2134,1600,0.014325286486908555
APO-LS,17,2134,1700,0.014325286486908555
APO-LS,17,2134,1800,0.014325286486908555
APO-LS,17,2134,1900,0.014325286486908555
APO-LS,17,2134,2000,0.014325286486908555
APO-LS,17,2134,2100,0.014325286486908555
APO-LS,17,2134,2200,0.014325286486908555
APO-LS,17,2134,2300,0.014325286486908555
APO-LS,17,2134,2400,0.014325286486908555
APO-LS,17,2134,2500,0.014325286486908555
APO-LS,17,2134,2600,0.014325286486908555
APO-LS,17,2134,2700,0.014325286486908555
APO-LS,17,2134,2800,0.014325286486908555
APO-LS,17,2134,2900,0.014325286486908555
APO-LS,17,2134,3000,0.014325286486908555
APO-LS,17,2134,3100,0.014325286486908555
APO-LS,17,2134,3200,0.014325286486908555
APO-LS,17,2134,3300,0.014325286486908555
APO-LS,17,2134,3400,0.014325286486908555
APO-LS,17,2134,3500,0.014325286486908555
APO-LS,17,2134,3600,0.014325286486908555
APO-LS,17,2134,3700,0.014315008033206272
APO-LS,17,2134,3800,0.014315008033206272
APO-LS,17,2134,3900,0.014315008033206272
APO-LS,17,2134,4000,0.014315008033206272
APO-LS,17,2134,4100,0.012909602773715464
APO-LS,17,2134,4200,0.012909602773715464
APO-LS,17,2134,4300,0.012909602773715464
APO-LS,17,2134,4400,0.012909602773715464
APO-LS,17,2134,4500,0.012909602773715464
APO-LS,17,2134,4600,0.012909602773715464
APO-LS,17,2134,4700,0.012909602773715464
APO-LS,17,2134,4800,0.012909602773715464
APO-LS,17,2134,4900,0.012909602773715464
APO-LS,17,2134,5000,0.012909602773715464
APO-LS,17,2134,5100,0.012909602773715464
APO-LS,17,2134,5200,0.012909602773715464
APO-LS,17,2134,5300,0.012909602773715464
APO-LS,17,2134,5400,0.012909602773715464
APO-LS,17,2134,5500,0.012909602773715464
APO-LS,17,2134,5600,0.012909602773715464
APO-LS,17,2134,5700,0.012909602773715464
APO-LS,17,2134,5800,0.012909602773715464
APO-LS,17,2134,5900,0.012909602773715464
APO-LS,17,2134,6000,0.012909602773715464
APO-LS,17,2134,6100,0.012909602773715464
APO-LS,17,2134,6200,0.012909602773715464
APO-LS,17,2134,6300,0.012909602773715464
APO-LS,17,2134,6400,0.012909602773715464
APO-LS,17,2134,6500,0.012909602773715464
APO-LS,17,2134,6600,0.012852941786935315
APO-LS,17,2134,6700,0.012852941786935315
APO-LS,17,2134,6800,0.012852941786935315
APO-LS,17,2134,6900,0.012852941786935315
APO-LS,17,2134,7000,0.012852941786935315
APO-LS,17,2134,7100,0.012852941786935315
APO-LS,17,2134,7200,0.012852941786935315
APO-LS,17,2134,7300,0.012852941786935315
APO-LS,17,2134,7400,0.012852941786935315
APO-LS,17,2134,7500,0.012852941786935315
APO-LS,17,2134,7600,0.012852941786935315
APO-LS,17,2134,7700,0.012852941786935315
APO-LS,17,2134,7800,0.012852941786935315
APO-LS,17,2134,7900,0.012852941786935315
APO-LS,17,2134,8000,0.012852941786935315
APO-LS,17,2134,8100,0.012852941786935315
APO-LS,17,2134,8200,0.012852941786935315
APO-LS,17,2134,8300,0.012852941786935315
APO-LS,17,2134,8400,0.012852941786935315
APO-LS,17,2134,8500,0.012852941786935315
APO-LS,17,2134,8600,0.012831554154895746
APO-LS,17,2134,8700,0.012831554154895746
APO-LS,17,2134,8800,0.012831554154895746
APO-LS,17,2134,8900,0.012831554154895746
APO-LS,17,2134,9000,0.012831554154895746
APO-LS,17,2134,9100,0.012831554154895746
APO-LS,17,2134,9200,0.01281669026057035
APO-LS,17,2134,9300,0.01281669026057035
APO-LS,17,2134,9400,0.01281669026057035
APO-LS,17,2134,9500,0.01281669026057035
APO-LS,17,2134,9600,0.012815967300652127
APO-LS,17,2134,9700,0.012815967300652127
APO-LS,17,2134,9800,0.012815743393163617
APO-LS,17,2134,9900,0.012815737894824555
APO-LS,17,2134,10000,0.012815737894824555
APO-PSO,17,2134,100,0.0397775480012319
APO-PSO,17,2134,200,0.0397775480012319
APO-PSO,17,2134,300,0.0397775480012319
APO-PSO,17,2134,400,0.0397775480012319
APO-PSO,17,2134,500,0.03597388745252866
APO-PSO,17,2134,600,0.013420189218349886
APO-PSO,17,2134,700,0.013420189218349886
APO-PSO,17,2134,800,0.013420189218349886
APO-PSO,17,2134,900,0.013420189218349886
APO-PSO,17,2134,1000,0.013420189218349886
APO-PSO,17,2134,1100,0.013189463371713544
APO-PSO,17,2134,1200,0.013189463371713544
APO-PSO,17,2134,1300,0.013189463371713544
APO-PSO,17,2134,1400,0.013189463371713544
APO-PSO,17,2134,1500,0.013189463371713544
APO-PSO,17,2134,1600,0.013189463371713544
APO-PSO,17,2134,1700,0.013189463371713544
APO-PSO,17,2134,1800,0.013189463371713544
APO-PSO,17,2134,1900,0.013189463371713544
APO-PSO,17,2134,2000,0.013167385380133421
APO-PSO,17,2134,2100,0.013167385380133421
APO-PSO,17,2134,2200,0.013167385380133421
APO-PSO,17,2134,2300,0.013167385380133421
APO-PSO,17,2134,2400,0.013167385380133421
APO-PSO,17,2134,2500,0.013167385380133421
APO-PSO,17,2134,2600,0.013167385380133421
APO-PSO,17,2134,2700,0.013167385380133421
APO-PSO,17,2134,2800,0.013167385380133421
APO-PSO,17,2134,2900,0.013167385380133421
APO-PSO,17,2134,3000,0.013167385380133421
APO-PSO,17,2134,3100,0.013167385380133421
APO-PSO,17,2134,3200,0.013167385380133421
APO-PSO,17,2134,3300,0.013167385380133421
APO-PSO,17,2134,3400,0.013150429566261454
APO-PSO,17,2134,3500,0.013150429566261454
APO-PSO,17,2134,3600,0.013150429566261454
APO-PSO,17,2134,3700,0.013150429566261454
APO-PSO,17,2134,3800,0.01314774927099874
APO-PSO,17,2134,3900,0.01314774927099874
APO-PSO,17,2134,4000,0.013052558859211477
APO-PSO,17,2134,4100,0.013052558859211477
APO-PSO,17,2134,4200,0.013052558859211477
APO-PSO,17,2134,4300,0.013052558859211477
APO-PSO,17,2134,4400,0.013051856507442366
APO-PSO,17,2134,4500,0.013051856507442366
APO-PSO,17,2134,4600,0.013051856507442366
APO-PSO,17,2134,4700,0.013051856507442366
APO-PSO,17,2134,4800,0.013051856507442366
APO-PSO,17,2134,4900,0.013045765584408618
APO-PSO,17,2134,5000,0.013045765584408618
APO-PSO,17,2134,5100,0.013045765584408618
APO-PSO,17,2134,5200,0.013045765584408618
APO-PSO,17,2134,5300,0.013045765584408618
APO-PSO,17,2134,5400,0.013045765584408618
APO-PSO,17,2134,5500,0.013045765584408618
APO-PSO,17,2134,5600,0.013045765584408618
APO-PSO,17,2134,5700,0.013045765584408618
APO-PSO,17,2134,5800,0.013045765584408618
APO-PSO,17,2134,5900,0.012920623464473084
APO-PSO,17,2134,6000,0.01285635065070883
APO-PSO,17,2134,6100,0.01285635065070883
APO-PSO,17,2134,6200,0.01285635065070883
APO-PSO,17,2134,6300,0.01285635065070883
APO-PSO,17,2134,6400,0.01285635065070883
APO-PSO,17,2134,6500,0.01285635065070883
APO-PSO,17,2134,6600,0.01285635065070883
APO-PSO,17,2134,6700,0.01285635065070883
APO-PSO,17,2134,6800,0.01285635065070883
APO-PSO,17,2134,6900,0.01285635065070883
APO-PSO,17,2134,7000,0.012667376509418545
APO-PSO,17,2134,7100,0.012667376509418545
APO-PSO,17,2134,7200,0.012667376509418545
APO-PSO,17,2134,7300,0.012667376509418545
APO-PSO,17,2134,7400,0.012667376509418545
APO-PSO,17,2134,7500,0.012667376509418545
APO-PSO,17,2134,7600,0.012667376509418545
APO-PSO,17,2134,7700,0.012667376509418545
APO-PSO,17,2134,7800,0.012667376509418545
APO-PSO,17,2134,7900,0.012667376509418545
APO-PSO,17,2134,8000,0.012667376509418545
APO-PSO,17,2134,8100,0.012667376509418545
APO-PSO,17,2134,8200,0.012667376509418545
APO-PSO,17,2134,8300,0.012667376509418545
APO-PSO,17,2134,8400,0.012667376509418545
APO-PSO,17,2134,8500,0.012667376509418545
APO-PSO,17,2134,8600,0.012667376509418545
APO-PSO,17,2134,8700,0.012667376509418545
APO-PSO,17,2134,8800,0.012667376509418545
APO-PSO,17,2134,8900,0.012667340755043157
APO-PSO,17,2134,9000,0.012667340755043157
APO-PSO,17,2134,9100,0.012667340755043157
APO-PSO,17,2134,9200,0.012667340755043157
APO-PSO,17,2134,9300,0.012667340755043157
APO-PSO,17,2134,9400,0.012667340755043157
APO-PSO,17,2134,9500,0.012667340755043157
APO-PSO,17,2134,9600,0.012667340755043157
APO-PSO,17,2134,9700,0.012667340755043157
APO-PSO,17,2134,9800,0.012667340755043157
APO-PSO,17,2134,9900,0.012667105310567663
APO-PSO,17,2134,10000,0.012667105310567663
APO-wr-DE,17,2134,100,0.0397775480012319
APO-wr-DE,17,2134,200,0.0397775480012319
APO-wr-DE,17,2134,300,0.0397775480012319
APO-wr-DE,17,2134,400,0.0397775480012319
APO-wr-DE,17,2134,500,0.0397775480012319
APO-wr-DE,17,2134,600,0.0397775480012319
APO-wr-DE,17,2134,700,0.02450060739376899
APO-wr-DE,17,2134,800,0.02450060739376899
APO-wr-DE,17,2134,900,0.02450060739376899
APO-wr-DE,17,2134,1000,0.02450060739376899
APO-wr-DE,17,2134,1100,0.017696035898538007
APO-wr-DE,17,2134,1200,0.015283073932347539
APO-wr-DE,17,2134,1300,0.015283073932347539
APO-wr-DE,17,2134,1400,0.015283073932347539
APO-wr-DE,17,2134,1500,0.015283073932347539
APO-wr-DE,17,2134,1600,0.014395746363576892
APO-wr-DE,17,2134,1700,0.014395746363576892
APO-wr-DE,17,2134,1800,0.01399344281014033
APO-wr-DE,17,2134,1900,0.01399344281014033
APO-wr-DE,17,2134,2000,0.01399344281014033
APO-wr-DE,17,2134,2100,0.01399344281014033
APO-wr-DE,17,2134,2200,0.01399344281014033
APO-wr-DE,17,2134,2300,0.013897808295665207
APO-wr-DE,17,2134,2400,0.013897808295665207
APO-wr-DE,17,2134,2500,0.013897808295665207
APO-wr-DE,17,2134,2600,0.013897808295665207
APO-wr-DE,17,2134,2700,0.013615643130986451
APO-wr-DE,17,2134,2800,0.013615643130986451
APO-wr-DE,17,2134,2900,0.013615643130986451
APO-wr-DE,17,2134,3000,0.013615643130986451
APO-wr-DE,17,2134,3100,0.013570210944846842
APO-wr-DE,17,2134,3200,0.013570210944846842
APO-wr-DE,17,2134,3300,0.013570210944846842
APO-wr-DE,17,2134,3400,0.013570210944846842
APO-wr-DE,17,2134,3500,0.013221409929709603
APO-wr-DE,17,2134,3600,0.013221409929709603
APO-wr-DE,17,2134,3700,0.013221409929709603
APO-wr-DE,17,2134,3800,0.013221409929709603
APO-wr-DE,17,2134,3900,0.013206401573198976
APO-wr-DE,17,2134,4000,0.013206401573198976
APO-wr-DE,17,2134,4100,0.013206401573198976
APO-wr-DE,17,2134,4200,0.013206401573198976
APO-wr-DE,17,2134,4300,0.013206401573198976
APO-wr-DE,17,2134,4400,0.013206401573198976
APO-wr-DE,17,2134,4500,0.013206401573198976
APO-wr-DE,17,2134,4600,0.013072324651351165
APO-wr-DE,17,2134,4700,0.013072324651351165
APO-wr-DE,17,2134,4800,0.013072324651351165
APO-wr-DE,17,2134,4900,0.013072324651351165
APO-wr-DE,17,2134,5000,0.013072324651351165
APO-wr-DE,17,2134,5100,0.013072324651351165
APO-wr-DE,17,2134,5200,0.012861416923203818
APO-wr-DE,17,2134,5300,0.012861416923203818
APO-wr-DE,17,2134,5400,0.012861416923203818
APO-wr-DE,17,2134,5500,0.01285679833506333
APO-wr-DE,17,2134,5600,0.01285679833506333
APO-wr-DE,17,2134,5700,0.01285679833506333
APO-wr-DE,17,2134,5800,0.01285679833506333
APO-wr-DE,17,2134,5900,0.01285679833506333
APO-wr-DE,17,2134,6000,0.012780527189325262
APO-wr-DE,17,2134,6100,0.012780527189325262
APO-wr-DE,17,2134,6200,0.012780527189325262
APO-wr-DE,17,2134,6300,0.012780527189325262
APO-wr-DE,17,2134,6400,0.012780527189325262
APO-wr-DE,17,2134,6500,0.012780527189325262
APO-wr-DE,17,2134,6600,0.012780527189325262
APO-wr-DE,17,2134,6700,0.012780527189325262
APO-wr-DE,17,2134,6800,0.012780527189325262
APO-wr-DE,17,2134,6900,0.012780527189325262
APO-wr-DE,17,2134,7000,0.012780527189325262
APO-wr-DE,17,2134,7100,0.012780527189325262
APO-wr-DE,17,2134,7200,0.012780527189325262
APO-wr-DE,17,2134,7300,0.012780527189325262
APO-wr-DE,17,2134,7400,0.012768816977297254
APO-wr-DE,17,2134,7500,0.012768816977297254
APO-wr-DE,17,2134,7600,0.012768816977297254
APO-wr-DE,17,2134,7700,0.012768816977297254
APO-wr-DE,17,2134,7800,0.012768816977297254
APO-wr-DE,17,2134,7900,0.012768816977297254
APO-wr-DE,17,2134,8000,0.012768816977297254
APO-wr-DE,17,2134,8100,0.012768816977297254
APO-wr-DE,17,2134,8200,0.012768816977297254
APO-wr-DE,17,2134,8300,0.012768816977297254
APO-wr-DE,17,2134,8400,0.012768816977297254
APO-wr-DE,17,2134,8500,0.012768816977297254
APO-wr-DE,17,2134,8600,0.012768816977297254
APO-wr-DE,17,2134,8700,0.012758901718455354
APO-wr-DE,17,2134,8800,0.012758901718455354
APO-wr-DE,17,2134,8900,0.012758901718455354
APO-wr-DE,17,2134,9000,0.012758901718455354
APO-wr-DE,17,2134,9100,0.012758901718455354
APO-wr-DE,17,2134,9200,0.012758901718455354
APO-wr-DE,17,2134,9300,0.012758901718455354
APO-wr-DE,17,2134,9400,0.012758857988689323
APO-wr-DE,17,2134,9500,0.012758857988689323
APO-wr-DE,17,2134,9600,0.012727574818492323
APO-wr-DE,17,2134,9700,0.012727242189393653
APO-wr-DE,17,2134,9800,0.012725924114921176
APO-wr-DE,17,2134,9900,0.012725843045430426
APO-wr-DE,17,2134,10000,0.012725843045430426
APO-wr-LS,17,2134,100,0.0397775480012319
APO-wr-LS,17,2134,200,0.0397775480012319
APO-wr-LS,17,2134,300,0.03811383890770542
APO-wr-LS,17,2134,400,0.03811383890770542
APO-wr-LS,17,2134,500,0.03811383890770542
APO-wr-LS,17,2134,600,0.03811383890770542
APO-wr-LS,17,2134,700,0.026007909520099796
APO-wr-LS,17,2134,800,0.02098439466101463
APO-wr-LS,17,2134,900,0.01568355888679996
APO-wr-LS,17,2134,1000,0.01568355888679996
APO-wr-LS,17,2134,1100,0.01568355888679996
APO-wr-LS,17,2134,1200,0.01568355888679996
APO-wr-LS,17,2134,1300,0.01568355888679996
APO-wr-LS,17,2134,1400,0.01568355888679996
APO-wr-LS,17,2134,1500,0.01562614200534018
APO-wr-LS,17,2134,1600,0.013232540848030072
APO-wr-LS,17,2134,1700,0.013232540848030072
APO-wr-LS,17,2134,1800,0.013232540848030072
APO-wr-LS,17,2134,1900,0.013232540848030072
APO-wr-LS,17,2134,2000,0.013232540848030072
APO-wr-LS,17,2134,2100,0.013232540848030072
APO-wr-LS,17,2134,2200,0.013232540848030072
APO-wr-LS,17,2134,2300,0.013232540848030072
APO-wr-LS,17,2134,2400,0.013232540848030072
APO-wr-LS,17,2134,2500,0.013232540848030072
APO-wr-LS,17,2134,2600,0.013232540848030072
APO-wr-LS,17,2134,2700,0.013232540848030072
APO-wr-LS,17,2134,2800,0.013232540848030072
APO-wr-LS,17,2134,2900,0.013232540848030072
APO-wr-LS,17,2134,3000,0.012818787595401764
APO-wr-LS,17,2134,3100,0.012818787595401764
APO-wr-LS,17,2134,3200,0.012818787595401764
APO-wr-LS,17,2134,3300,0.012814957609849922
APO-wr-LS,17,2134,3400,0.012814957609849922
APO-wr-LS,17,2134,3500,0.012814957609849922
APO-wr-LS,17,2134,3600,0.012814957609849922
APO-wr-LS,17,2134,3700,0.012814957609849922
APO-wr-LS,17,2134,3800,0.012814957609849922
APO-wr-LS,17,2134,3900,0.012814957609849922
APO-wr-LS,17,2134,4000,0.012814957609849922
APO-wr-LS,17,2134,4100,0.012814957609849922
APO-wr-LS,17,2134,4200,0.012814957609849922
APO-wr-LS,17,2134,4300,0.012814957609849922
APO-wr-LS,17,2134,4400,0.012814957609849922
APO-wr-LS,17,2134,4500,0.012814957609849922
APO-wr-LS,17,2134,4600,0.012814957609849922
APO-wr-LS,17,2134,4700,0.012814957609849922
APO-wr-LS,17,2134,4800,0.012814957609849922
APO-wr-LS,17,2134,4900,0.012814957609849922
APO-wr-LS,17,2134,5000,0.012814957609849922
APO-wr-LS,17,2134,5100,0.012814957609849922
APO-wr-LS,17,2134,5200,0.012814957609849922
APO-wr-LS,17,2134,5300,0.012814957609849922
APO-wr-LS,17,2134,5400,0.012814957609849922
APO-wr-LS,17,2134,5500,0.012814957609849922
APO-wr-LS,17,2134,5600,0.012814957609849922
APO-wr-LS,17,2134,5700,0.012814957609849922
APO-wr-LS,17,2134,5800,0.012814957609849922
APO-wr-LS,17,2134,5900,0.012814957609849922
APO-wr-LS,17,2134,6000,0.012814957609849922
APO-wr-LS,17,2134,6100,0.012814957609849922
APO-wr-LS,17,2134,6200,0.012814957609849922
APO-wr-LS,17,2134,6300,0.012814957609849922
APO-wr-LS,17,2134,6400,0.012814957609849922
APO-wr-LS,17,2134,6500,0.012814957609849922
APO-wr-LS,17,2134,6600,0.012814957609849922
APO-wr-LS,17,2134,6700,0.012814957609849922
APO-wr-LS,17,2134,6800,0.012814957609849922
APO-wr-LS,17,2134,6900,0.012814957609849922
APO-wr-LS,17,2134,7000,0.012814957609849922
APO-wr-LS,17,2134,7100,0.012814957609849922
APO-wr-LS,17,2134,7200,0.012814957609849922
APO-wr-LS,17,2134,7300,0.012814957609849922
APO-wr-LS,17,2134,7400,0.012805825187036853
APO-wr-LS,17,2134,7500,0.012805825187036853
APO-wr-LS,17,2134,7600,0.012805825187036853
APO-wr-LS,17,2134,7700,0.012805825187036853
APO-wr-LS,17,2134,7800,0.012805825187036853
APO-wr-LS,17,2134,7900,0.012805825187036853
APO-wr-LS,17,2134,8000,0.012805825187036853
APO-wr-LS,17,2134,8100,0.012772595991470527
APO-wr-LS,17,2134,8200,0.012772595991470527
APO-wr-LS,17,2134,8300,0.012772595991470527
APO-wr-LS,17,2134,8400,0.012772595991470527
APO-wr-LS,17,2134,8500,0.012739074879485333
APO-wr-LS,17,2134,8600,0.012739074879485333
APO-wr-LS,17,2134,8700,0.012739074879485333
APO-wr-LS,17,2134,8800,0.012739074879485333
APO-wr-LS,17,2134,8900,0.012739074879485333
APO-wr-LS,17,2134,9000,0.012739074879485333
APO-wr-LS,17,2134,9100,0.012739074879485333
APO-wr-LS,17,2134,9200,0.012739074879485333
APO-wr-LS,17,2134,9300,0.012739074879485333
APO-wr-LS,17,2134,9400,0.012739074879485333
APO-wr-LS,17,2134,9500,0.012739074879485333
APO-wr-LS,17,2134,9600,0.012739074879485333
APO-wr-LS,17,2134,9700,0.012739034363711026
APO-wr-LS,17,2134,9800,0.012739034363711026
APO-wr-LS,17,2134,9900,0.012739034363711026
APO-wr-LS,17,2134,10000,0.012739034363711026
APO-wr-PSO,17,2134,100,0.0397775480012319
APO-wr-PSO,17,2134,200,0.0397775480012319
APO-wr-PSO,17,2134,300,0.03801494781604819
APO-wr-PSO,17,2134,400,0.012954983858688303
APO-wr-PSO,17,2134,500,0.012954983858688303
APO-wr-PSO,17,2134,600,0.012954983858688303
APO-wr-PSO,17,2134,700,0.012954983858688303
APO-wr-PSO,17,2134,800,0.012954983858688303
APO-wr-PSO,17,2134,900,0.012954983858688303
APO-wr-PSO,17,2134,1000,0.012954983858688303
APO-wr-PSO,17,2134,1100,0.012954983858688303
APO-wr-PSO,17,2134,1200,0.012954983858688303
APO-wr-PSO,17,2134,1300,0.012954983858688303
APO-wr-PSO,17,2134,1400,0.012954983858688303
APO-wr-PSO,17,2134,1500,0.012954983858688303
APO-wr-PSO,17,2134,1600,0.012954983858688303
APO-wr-PSO,17,2134,1700,0.012954983858688303
APO-wr-PSO,17,2134,1800,0.012954983858688303
APO-wr-PSO,17,2134,1900,0.012954983858688303
APO-wr-PSO,17,2134,2000,0.012954983858688303
APO-wr-PSO,17,2134,2100,0.012954983858688303
APO-wr-PSO,17,2134,2200,0.012954983858688303
APO-wr-PSO,17,2134,2300,0.012954983858688303
APO-wr-PSO,17,2134,2400,0.012954983858688303
APO-wr-PSO,17,2134,2500,0.012954983858688303
APO-wr-PSO,17,2134,2600,0.012954983858688303
APO-wr-PSO,17,2134,2700,0.012954983858688303
APO-wr-PSO,17,2134,2800,0.012954983858688303
APO-wr-PSO,17,2134,2900,0.012954983858688303
APO-wr-PSO,17,2134,3000,0.012954983858688303
APO-wr-PSO,17,2134,3100,0.012954983858688303
APO-wr-PSO,17,2134,3200,0.012954983858688303
APO-wr-PSO,17,2134,3300,0.012954983858688303
APO-wr-PSO,17,2134,3400,0.012954983858688303
APO-wr-PSO,17,2134,3500,0.012954983858688303
APO-wr-PSO,17,2134,3600,0.012954983858688303
APO-wr-PSO,17,2134,3700,0.012954983858688303
APO-wr-PSO,17,2134,3800,0.012954983858688303
APO-wr-PSO,17,2134,3900,0.012954983858688303
APO-wr-PSO,17,2134,4000,0.012954983858688303
APO-wr-PSO,17,2134,4100,0.012954983858688303
APO-wr-PSO,17,2134,4200,0.012954983858688303
APO-wr-PSO,17,2134,4300,0.012954983858688303
APO-wr-PSO,17,2134,4400,0.012953763704838922
APO-wr-PSO,17,2134,4500,0.012953763704838922
APO-wr-PSO,17,2134,4600,0.012953763704838922
APO-wr-PSO,17,2134,4700,0.012953763704838922
APO-wr-PSO,17,2134,4800,0.012953763704838922
APO-wr-PSO,17,2134,4900,0.012948229737217945
APO-wr-PSO,17,2134,5000,0.012948229737217945
APO-wr-PSO,17,2134,5100,0.012948229737217945
APO-wr-PSO,17,2134,5200,0.012948229737217945
APO-wr-PSO,17,2134,5300,0.012948229737217945
APO-wr-PSO,17,2134,5400,0.012948229737217945
APO-wr-PSO,17,2134,5500,0.012948229737217945
APO-wr-PSO,17,2134,5600,0.012948229737217945
APO-wr-PSO,17,2134,5700,0.012948229737217945
APO-wr-PSO,17,2134,5800,0.012948229737217945
APO-wr-PSO,17,2134,5900,0.012948229737217945
APO-wr-PSO,17,2134,6000,0.01286079598966447
APO-wr-PSO,17,2134,6100,0.01286079598966447
APO-wr-PSO,17,2134,6200,0.01286079598966447
APO-wr-PSO,17,2134,6300,0.01286079598966447
APO-wr-PSO,17,2134,6400,0.01286079598966447
APO-wr-PSO,17,2134,6500,0.01286079598966447
APO-wr-PSO,17,2134,6600,0.01286079598966447
APO-wr-PSO,17,2134,6700,0.01286079598966447
APO-wr-PSO,17,2134,6800,0.01286079598966447
APO-wr-PSO,17,2134,6900,0.01286079598966447
APO-wr-PSO,17,2134,7000,0.01286079598966447
APO-wr-PSO,17,2134,7100,0.01286079598966447
APO-wr-PSO,17,2134,7200,0.01286079598966447
APO-wr-PSO,17,2134,7300,0.01286079598966447
APO-wr-PSO,17,2134,7400,0.012752028345071463
APO-wr-PSO,17,2134,7500,0.012752028345071463
APO-wr-PSO,17,2134,7600,0.012752028345071463
APO-wr-PSO,17,2134,7700,0.012752028345071463
APO-wr-PSO,17,2134,7800,0.012752028345071463
APO-wr-PSO,17,2134,7900,0.012752028345071463
APO-wr-PSO,17,2134,8000,0.012752028345071463
APO-wr-PSO,17,2134,8100,0.012752028345071463
APO-wr-PSO,17,2134,8200,0.012752028345071463
APO-wr-PSO,17,2134,8300,0.012752028345071463
APO-wr-PSO,17,2134,8400,0.012752028345071463
APO-wr-PSO,17,2134,8500,0.012752028345071463
APO-wr-PSO,17,2134,8600,0.012752028345071463
APO-wr-PSO,17,2134,8700,0.012752028345071463
APO-wr-PSO,17,2134,8800,0.012752028345071463
APO-wr-PSO,17,2134,8900,0.012752028345071463
APO-wr-PSO,17,2134,9000,0.012741700115830713
APO-wr-PSO,17,2134,9100,0.012741700115830713
APO-wr-PSO,17,2134,9200,0.012741700115830713
APO-wr-PSO,17,2134,9300,0.012741700115830713
APO-wr-PSO,17,2134,9400,0.012741700115830713
APO-wr-PSO,17,2134,9500,0.012741700115830713
APO-wr-PSO,17,2134,9600,0.012741700115830713
APO-wr-PSO,17,2134,9700,0.012741700115830713
APO-wr-PSO,17,2134,9800,0.012741700115830713
APO-wr-PSO,17,2134,9900,0.012741637698687039
APO-wr-PSO,17,2134,10000,0.012741637698687039
APO,18,2141,100,692947.0765455246
APO,18,2141,200,16825.153183840997
APO,18,2141,300,559.7934723758684
APO,18,2141,400,347.5623120971161
APO,18,2141,500,0.016800191969844776
APO,18,2141,600,0.016800191773494812
APO,18,2141,700,0.016800191773494812
APO,18,2141,800,0.016478937095271023
APO,18,2141,900,0.016478937095271023
APO,18,2141,1000,0.01306179378639117
APO,18,2141,1100,0.01306179378639117
APO,18,2141,1200,0.01306179378639117
APO,18,2141,1300,0.01306179378639117
APO,18,2141,1400,0.01306179378639117
APO,18,2141,1500,0.01306179378639117
APO,18,2141,1600,0.01306179378639117
APO,18,2141,1700,0.01306179378639117
APO,18,2141,1800,0.01306179378639117
APO,18,2141,1900,0.01306179378639117
APO,18,2141,2000,0.01306179378639117
APO,18,2141,2100,0.01306179378639117
APO,18,2141,2200,0.01306179378639117
APO,18,2141,2300,0.012832269435697732
APO,18,2141,2400,0.012832269435697732
APO,18,2141,2500,0.012832269435697732
APO,18,2141,2600,0.012832269435697732
APO,18,2141,2700,0.012832269435697732
APO,18,2141,2800,0.012832269435697732
APO,18,2141,2900,0.012832269435697732
APO,18,2141,3000,0.012832269435697732
APO,18,2141,3100,0.012832269435697732
APO,18,2141,3200,0.012832269435697732
APO,18,2141,3300,0.012832269435697732
APO,18,2141,3400,0.012832269435697732
APO,18,2141,3500,0.012832269435697732
APO,18,2141,3600,0.012832269435697732
APO,18,2141,3700,0.012832269435697732
APO,18,2141,3800,0.012832269435697732
APO,18,2141,3900,0.012832269435697732
APO,18,2141,4000,0.012832269435697732
APO,18,2141,4100,0.012832269435697732
APO,18,2141,4200,0.012832269435697732
APO,18,2141,4300,0.012832269435697732
APO,18,2141,4400,0.012832269435697732
APO,18,2141,4500,0.012832269435697732
APO,18,2141,4600,0.012832269435697732
APO,18,2141,4700,0.012832269435697732
APO,18,2141,4800,0.012832269435697732
APO,18,2141,4900,0.012723785703615369
APO,18,2141,5000,0.012723785703615369
APO,18,2141,5100,0.012723785703615369
APO,18,2141,5200,0.012723785703615369
APO,18,2141,5300,0.012723785703615369
APO,18,2141,5400,0.012723785703615369
APO,18,2141,5500,0.012723785703615369
APO,18,2141,5600,0.012723785703615369
APO,18,2141,5700,0.012723785703615369
APO,18,2141,5800,0.012723785703615369
APO,18,2141,5900,0.012723785703615369
APO,18,2141,6000,0.012723785703615369
APO,18,2141,6100,0.012723785703615369
APO,18,2141,6200,0.012723785703615369
APO,18,2141,6300,0.012723785703615369
APO,18,2141,6400,0.012723785703615369
APO,18,2141,6500,0.012723785703615369
APO,18,2141,6600,0.012723785703615369
APO,18,2141,6700,0.012681289975531763
APO,18,2141,6800,0.012681289975531763
APO,18,2141,6900,0.012681289975531763
APO,18,2141,7000,0.012681289975531763
APO,18,2141,7100,0.012681289975531763
APO,18,2141,7200,0.012681289975531763
APO,18,2141,7300,0.012681289975531763
APO,18,2141,7400,0.012681289975531763
APO,18,2141,7500,0.012681289975531763
APO,18,2141,7600,0.012681289975531763
APO,18,2141,7700,0.012681289975531763
APO,18,2141,7800,0.012681289975531763
APO,18,2141,7900,0.012681289975531763
APO,18,2141,8000,0.012681289975531763
APO,18,2141,8100,0.012681289975531763
APO,18,2141,8200,0.012681289975531763
APO,18,2141,8300,0.012681289975531763
APO,18,2141,8400,0.012677876526874458
APO,18,2141,8500,0.012677876526874458
APO,18,2141,8600,0.012677876526874458
APO,18,2141,8700,0.012677876526874458
APO,18,2141,8800,0.012677876526874458
APO,18,2141,8900,0.012677876526874458
APO,18,2141,9000,0.012677876526874458
APO,18,2141,9100,0.012677876526874458
APO,18,2141,9200,0.012677876526874458
APO,18,2141,9300,0.012677876526874458
APO,18,2141,9400,0.012677876526874458
APO,18,2141,9500,0.012675514616163047
APO,18,2141,9600,0.012675514616163047
APO,18,2141,9700,0.012675364005711981
APO,18,2141,9800,0.012675364005711981
APO,18,2141,9900,0.012675364005711981
APO,18,2141,10000,0.012675364005711981
APO-wr,18,2141,100,692947.0765455246
APO-wr,18,2141,200,16825.153183840997
APO-wr,18,2141,300,0.03568877662131248
APO-wr,18,2141,400,0.03568877662131248
APO-wr,18,2141,500,0.032496732666356797
APO-wr,18,2141,600,0.032496732666356797
APO-wr,18,2141,700,0.032496732666356797
APO-wr,18,2141,800,0.022692420180902173
APO-wr,18,2141,900,0.02153834470232014
APO-wr,18,2141,1000,0.019973342817802706
APO-wr,18,2141,1100,0.014869318176764953
APO-wr,18,2141,1200,0.014869318176764953
APO-wr,18,2141,1300,0.014869318176764953
APO-wr,18,2141,1400,0.014869318176764953
APO-wr,18,2141,1500,0.014869318176764953
APO-wr,18,2141,1600,0.014869318176764953
APO-wr,18,2141,1700,0.013842440204423575
APO-wr,18,2141,1800,0.013842440204423575
APO-wr,18,2141,1900,0.013842440204423575
APO-wr,18,2141,2000,0.013842440204423575
APO-wr,18,2141,2100,0.013842440204423575
APO-wr,18,2141,2200,0.013842440204423575
APO-wr,18,2141,2300,0.013842440204423575
APO-wr,18,2141,2400,0.013842440204423575
APO-wr,18,2141,2500,0.013842440204423575
APO-wr,18,2141,2600,0.013842440204423575
APO-wr,18,2141,2700,0.013842440204423575
APO-wr,18,2141,2800,0.013842440204423575
APO-wr,18,2141,2900,0.013842440204423575
APO-wr,18,2141,3000,0.013842440204423575
APO-wr,18,2141,3100,0.013842440204423575
APO-wr,18,2141,3200,0.013322857916551455
APO-wr,18,2141,3300,0.013322857916551455
APO-wr,18,2141,3400,0.013322857916551455
APO-wr,18,2141,3500,0.013322857916551455
APO-wr,18,2141,3600,0.013322857916551455
APO-wr,18,2141,3700,0.013322857916551455
APO-wr,18,2141,3800,0.013322857916551455
APO-wr,18,2141,3900,0.013322857916551455
APO-wr,18,2141,4000,0.013322857916551455
APO-wr,18,2141,4100,0.01276239299467501
APO-wr,18,2141,4200,0.01276239299467501
APO-wr,18,2141,4300,0.01276239299467501
APO-wr,18,2141,4400,0.01276239299467501
APO-wr,18,2141,4500,0.012751467450171505
APO-wr,18,2141,4600,0.012751467450171505
APO-wr,18,2141,4700,0.012751467450171505
APO-wr,18,2141,4800,0.012751467450171505
APO-wr,18,2141,4900,0.012701631058771624
APO-wr,18,2141,5000,0.012701631058771624
APO-wr,18,2141,5100,0.012701631058771624
APO-wr,18,2141,5200,0.012701631058771624
APO-wr,18,2141,5300,0.012701631058771624
APO-wr,18,2141,5400,0.012701631058771624
APO-wr,18,2141,5500,0.012701631058771624
APO-wr,18,2141,5600,0.012701631058771624
APO-wr,18,2141,5700,0.012701631058771624
APO-wr,18,2141,5800,0.012701631058771624
APO-wr,18,2141,5900,0.012701631058771624
APO-wr,18,2141,6000,0.012701631058771624
APO-wr,18,2141,6100,0.012701631058771624
APO-wr,18,2141,6200,0.012701631058771624
APO-wr,18,2141,6300,0.012701631058771624
APO-wr,18,2141,6400,0.012701631058771624
APO-wr,18,2141,6500,0.012701631058771624
APO-wr,18,2141,6600,0.012701631058771624
APO-wr,18,2141,6700,0.012701631058771624
APO-wr,18,2141,6800,0.012701631058771624
APO-wr,18,2141,6900,0.012701631058771624
APO-wr,18,2141,7000,0.012701631058771624
APO-wr,18,2141,7100,0.012701631058771624
APO-wr,18,2141,7200,0.012701631058771624
APO-wr,18,2141,7300,0.012701631058771624
APO-wr,18,2141,7400,0.012701631058771624
APO-wr,18,2141,7500,0.012701631058771624
APO-wr,18,2141,7600,0.012701631058771624
APO-wr,18,2141,7700,0.012701631058771624
APO-wr,18,2141,7800,0.012701631058771624
APO-wr,18,2141,7900,0.012701631058771624
APO-wr,18,2141,8000,0.012701631058771624
APO-wr,18,2141,8100,0.012701631058771624
APO-wr,18,2141,8200,0.012701631058771624
APO-wr,18,2141,8300,0.012701631058771624
APO-wr,18,2141,8400,0.012691832365828694
APO-wr,18,2141,8500,0.012691832365828694
APO-wr,18,2141,8600,0.012691832365828694
APO-wr,18,2141,8700,0.012691832365828694
APO-wr,18,2141,8800,0.012691832365828694
APO-wr,18,2141,8900,0.012691832365828694
APO-wr,18,2141,9000,0.012691832365828694
APO-wr,18,2141,9100,0.012691832365828694
APO-wr,18,2141,9200,0.012691832365828694
APO-wr,18,2141,9300,0.012691832365828694
APO-wr,18,2141,9400,0.012691832365828694
APO-wr,18,2141,9500,0.012691832365828694
APO-wr,18,2141,9600,0.012689634925100437
APO-wr,18,2141,9700,0.012689274856051239
APO-wr,18,2141,9800,0.012688163928892089
APO-wr,18,2141,9900,0.012688163928892089
APO-wr,18,2141,10000,0.012688163928892089
APO-DE,18,2141,100,692947.0765455246
APO-DE,18,2141,200,16825.153183840997
APO-DE,18,2141,300,9017.938981435993
APO-DE,18,2141,400,0.013435724073850365
APO-DE,18,2141,500,0.013435724073850365
APO-DE,18,2141,600,0.013261127934429032
APO-DE,18,2141,700,0.013261127934429032
APO-DE,18,2141,800,0.013261127934429032
APO-DE,18,2141,900,0.013261127934429032
APO-DE,18,2141,1000,0.013261127934429032
APO-DE,18,2141,1100,0.013236507844560458
APO-DE,18,2141,1200,0.013236507844560458
APO-DE,18,2141,1300,0.013236507844560458
APO-DE,18,2141,1400,0.013236507844560458
APO-DE,18,2141,1500,0.013236507844560458
APO-DE,18,2141,1600,0.013236507844560458
APO-DE,18,2141,1700,0.013236507844560458
APO-DE,18,2141,1800,0.013236507844560458
APO-DE,18,2141,1900,0.013236507844560458
APO-DE,18,2141,2000,0.013236507844560458
APO-DE,18,2141,2100,0.013236507844560458
APO-DE,18,2141,2200,0.013236507844560458
APO-DE,18,2141,2300,0.013236507844560458
APO-DE,18,2141,2400,0.013236507844560458
APO-DE,18,2141,2500,0.013236507844560458
APO-DE,18,2141,2600,0.013227976973389855
APO-DE,18,2141,2700,0.013227976973389855
APO-DE,18,2141,2800,0.013227976973389855
APO-DE,18,2141,2900,0.013227976973389855
APO-DE,18,2141,3000,0.013227976973389855
APO-DE,18,2141,3100,0.013227976973389855
APO-DE,18,2141,3200,0.013227976973389855
APO-DE,18,2141,3300,0.013227976973389855
APO-DE,18,2141,3400,0.013227976973389855
APO-DE,18,2141,3500,0.013227976973389855
APO-DE,18,2141,3600,0.013227976973389855
APO-DE,18,2141,3700,0.013227976973389855
APO-DE,18,2141,3800,0.013227976973389855
APO-DE,18,2141,3900,0.013084943451165636
APO-DE,18,2141,4000,0.013084943451165636
APO-DE,18,2141,4100,0.013074440656421887
APO-DE,18,2141,4200,0.013074440656421887
APO-DE,18,2141,4300,0.013074440656421887
APO-DE,18,2141,4400,0.013074440656421887
APO-DE,18,2141,4500,0.013074440656421887
APO-DE,18,2141,4600,0.013074440656421887
APO-DE,18,2141,4700,0.013074440656421887
APO-DE,18,2141,4800,0.013074440656421887
APO-DE,18,2141,4900,0.013074440656421887
APO-DE,18,2141,5000,0.013074440656421887
APO-DE,18,2141,5100,0.01300236807269818
APO-DE,18,2141,5200,0.01300236807269818
APO-DE,18,2141,5300,0.01300236807269818
APO-DE,18,2141,5400,0.01300236807269818
APO-DE,18,2141,5500,0.01300236807269818
APO-DE,18,2141,5600,0.01300236807269818
APO-DE,18,2141,5700,0.012971653004964922
APO-DE,18,2141,5800,0.012971653004964922
APO-DE,18,2141,5900,0.012971653004964922
APO-DE,18,2141,6000,0.012971653004964922
APO-DE,18,2141,6100,0.012971653004964922
APO-DE,18,2141,6200,0.012840097622211758
APO-DE,18,2141,6300,0.012840097622211758
APO-DE,18,2141,6400,0.012840097622211758
APO-DE,18,2141,6500,0.012743069546830429
APO-DE,18,2141,6600,0.012743069546830429
APO-DE,18,2141,6700,0.012743069546830429
APO-DE,18,2141,6800,0.012721807427987083
APO-DE,18,2141,6900,0.012721807427987083
APO-DE,18,2141,7000,0.012721807427987083
APO-DE,18,2141,7100,0.012721807427987083
APO-DE,18,2141,7200,0.012721807427987083
APO-DE,18,2141,7300,0.012721807427987083
APO-DE,18,2141,7400,0.012721807427987083
APO-DE,18,2141,7500,0.012721807427987083
APO-DE,18,2141,7600,0.01272028432941559
APO-DE,18,2141,7700,0.01272028432941559
APO-DE,18,2141,7800,0.01272028432941559
APO-DE,18,2141,7900,0.012706242989218177
APO-DE,18,2141,8000,0.012697433579852169
APO-DE,18,2141,8100,0.012697433579852169
APO-DE,18,2141,8200,0.012697433579852169
APO-DE,18,2141,8300,0.012671765501387705
APO-DE,18,2141,8400,0.012671765501387705
APO-DE,18,2141,8500,0.012671765501387705
APO-DE,18,2141,8600,0.012671765501387705
APO-DE,18,2141,8700,0.012671765501387705
APO-DE,18,2141,8800,0.012671765501387705
APO-DE,18,2141,8900,0.012671765501387705
APO-DE,18,2141,9000,0.012671765501387705
APO-DE,18,2141,9100,0.012671765501387705
APO-DE,18,2141,9200,0.012671765501387705
APO-DE,18,2141,9300,0.012671765501387705
APO-DE,18,2141,9400,0.012671765501387705
APO-DE,18,2141,9500,0.012671765501387705
APO-DE,18,2141,9600,0.012671765501387705
APO-DE,18,2141,9700,0.012671765501387705
APO-DE,18,2141,9800,0.012671765501387705
APO-DE,18,2141,9900,0.012671702474146
APO-DE,18,2141,10000,0.012671702474146
APO-LS,18,2141,100,692947.0765455246
APO-LS,18,2141,200,16825.153183840997
APO-LS,18,2141,300,0.050759685115354024
APO-LS,18,2141,400,0.050759685115354024
APO-LS,18,2141,500,0.019139239529033254
APO-LS,18,2141,600,0.019139239529033254
APO-LS,18,2141,700,0.019139239529033254
APO-LS,18,2141,800,0.01328441568184686
APO-LS,18,2141,900,0.01328441568184686
APO-LS,18,2141,1000,0.01328441568184686
APO-LS,18,2141,1100,0.01327288778454956
APO-LS,18,2141,1200,0.01319916495833489
APO-LS,18,2141,1300,0.01319916495833489
APO-LS,18,2141,1400,0.01319916495833489
APO-LS,18,2141,1500,0.01319916495833489
APO-LS,18,2141,1600,0.01319916495833489
APO-LS,18,2141,1700,0.01319916495833489
APO-LS,18,2141,1800,0.01319916495833489
APO-LS,18,2141,1900,0.01319916495833489
APO-LS,18,2141,2000,0.01319916495833489
APO-LS,18,2141,2100,0.01319916495833489
APO-LS,18,2141,2200,0.01319916495833489
APO-LS,18,2141,2300,0.01319916495833489
APO-LS,18,2141,2400,0.01319916495833489
APO-LS,18,2141,2500,0.01319916495833489
APO-LS,18,2141,2600,0.01319916495833489
APO-LS,18,2141,2700,0.01319916495833489
APO-LS,18,2141,2800,0.01319916495833489
APO-LS,18,2141,2900,0.01319916495833489
APO-LS,18,2141,3000,0.01319916495833489
APO-LS,18,2141,3100,0.01319916495833489
APO-LS,18,2141,3200,0.01319916495833489
APO-LS,18,2141,3300,0.01319916495833489
APO-LS,18,2141,3400,0.01319916495833489
APO-LS,18,2141,3500,0.01319916495833489
APO-LS,18,2141,3600,0.01319916495833489
APO-LS,18,2141,3700,0.01319916495833489
APO-LS,18,2141,3800,0.01319916495833489
APO-LS,18,2141,3900,0.01319916495833489
APO-LS,18,2141,4000,0.01319916495833489
APO-LS,18,2141,4100,0.01319916495833489
APO-LS,18,2141,4200,0.01319916495833489
APO-LS,18,2141,4300,0.012868990499852507
APO-LS,18,2141,4400,0.012868990499852507
APO-LS,18,2141,4500,0.012868990499852507
APO-LS,18,2141,4600,0.012868990499852507
APO-LS,18,2141,4700,0.012868990499852507
APO-LS,18,2141,4800,0.012868990499852507
APO-LS,18,2141,4900,0.012868990499852507
APO-LS,18,2141,5000,0.012868990499852507
APO-LS,18,2141,5100,0.012868990499852507
APO-LS,18,2141,5200,0.012868990499852507
APO-LS,18,2141,5300,0.012868990499852507
APO-LS,18,2141,5400,0.012868990499852507
APO-LS,18,2141,5500,0.012868990499852507
APO-LS,18,2141,5600,0.012868990499852507
APO-LS,18,2141,5700,0.012868990499852507
APO-LS,18,2141,5800,0.012868990499852507
APO-LS,18,2141,5900,0.012868990499852507
APO-LS,18,2141,6000,0.012868990499852507
APO-LS,18,2141,6100,0.012864291645421863
APO-LS,18,2141,6200,0.012864291645421863
APO-LS,18,2141,6300,0.012864291645421863
APO-LS,18,2141,6400,0.012864291645421863
APO-LS,18,2141,6500,0.012864291645421863
APO-LS,18,2141,6600,0.012864291645421863
APO-LS,18,2141,6700,0.012864291645421863
APO-LS,18,2141,6800,0.012864291645421863
APO-LS,18,2141,6900,0.012864291645421863
APO-LS,18,2141,7000,0.012864291645421863
APO-LS,18,2141,7100,0.012864291645421863
APO-LS,18,2141,7200,0.012864291645421863
APO-LS,18,2141,7300,0.012864291645421863
APO-LS,18,2141,7400,0.012864291645421863
APO-LS,18,2141,7500,0.012864291645421863
APO-LS,18,2141,7600,0.012864291645421863
APO-LS,18,2141,7700,0.012768403827048573
APO-LS,18,2141,7800,0.012768403827048573
APO-LS,18,2141,7900,0.012768403827048573
APO-LS,18,2141,8000,0.012768403827048573
APO-LS,18,2141,8100,0.012768403827048573
APO-LS,18,2141,8200,0.012768403827048573
APO-LS,18,2141,8300,0.012768403827048573
APO-LS,18,2141,8400,0.012768403827048573
APO-LS,18,2141,8500,0.012768403827048573
APO-LS,18,2141,8600,0.012768403827048573
APO-LS,18,2141,8700,0.012768403827048573
APO-LS,18,2141,8800,0.012765314201055939
APO-LS,18,2141,8900,0.012765314201055939
APO-LS,18,2141,9000,0.012765314201055939
APO-LS,18,2141,9100,0.012765314201055939
APO-LS,18,2141,9200,0.012765314201055939
APO-LS,18,2141,9300,0.012765314201055939
APO-LS,18,2141,9400,0.012765314201055939
APO-LS,18,2141,9500,0.012761808364360647
APO-LS,18,2141,9600,0.012761808364360647
APO-LS,18,2141,9700,0.012761808364360647
APO-LS,18,2141,9800,0.012761808364360647
APO-LS,18,2141,9900,0.012761808364360647
APO-LS,18,2141,10000,0.012761808364360647
APO-PSO,18,2141,100,692947.0765455246
APO-PSO,18,2141,200,16825.153183840997
APO-PSO,18,2141,300,16825.153183840997
APO-PSO,18,2141,400,0.024418932274466065
APO-PSO,18,2141,500,0.023315410262025667
APO-PSO,18,2141,600,0.023315410262025667
APO-PSO,18,2141,700,0.023315409383719163
APO-PSO,18,2141,800,0.022834964257574048
APO-PSO,18,2141,900,0.013958708492085813
APO-PSO,18,2141,1000,0.01348367032119303
APO-PSO,18,2141,1100,0.01309771244658632
APO-PSO,18,2141,1200,0.01309771244658632
APO-PSO,18,2141,1300,0.01309771244658632
APO-PSO,18,2141,1400,0.01309771244658632
APO-PSO,18,2141,1500,0.01309771244658632
APO-PSO,18,2141,1600,0.01309771244658632
APO-PSO,18,2141,1700,0.01309771244658632
APO-PSO,18,2141,1800,0.01309771244658632
APO-PSO,18,2141,1900,0.01309771244658632
APO-PSO,18,2141,2000,0.01309771244658632
APO-PSO,18,2141,2100,0.01309771244658632
APO-PSO,18,2141,2200,0.01309771244658632
APO-PSO,18,2141,2300,0.01309771244658632
APO-PSO,18,2141,2400,0.01309771244658632
APO-PSO,18,2141,2500,0.01309771244658632
APO-PSO,18,2141,2600,0.01309771244658632
APO-PSO,18,2141,2700,0.012967423013663127
APO-PSO,18,2141,2800,0.012967423013663127
APO-PSO,18,2141,2900,0.012967423013663127
APO-PSO,18,2141,3000,0.012967423013663127
APO-PSO,18,2141,3100,0.012967423013663127
APO-PSO,18,2141,3200,0.012967423013663127
APO-PSO,18,2141,3300,0.012967423013663127
APO-PSO,18,2141,3400,0.012967423013663127
APO-PSO,18,2141,3500,0.012967423013663127
APO-PSO,18,2141,3600,0.012967423013663127
APO-PSO,18,2141,3700,0.012967423013663127
APO-PSO,18,2141,3800,0.012967423013663127
APO-PSO,18,2141,3900,0.012967423013663127
APO-PSO,18,2141,4000,0.012967423013663127
APO-PSO,18,2141,4100,0.012967423013663127
APO-PSO,18,2141,4200,0.012967423013663127
APO-PSO,18,2141,4300,0.012967423013663127
APO-PSO,18,2141,4400,0.012967423013663127
APO-PSO,18,2141,4500,0.012967423013663127
APO-PSO,18,2141,4600,0.012967423013663127
APO-PSO,18,2141,4700,0.012967423013663127
APO-PSO,18,2141,4800,0.012967423013663127
APO-PSO,18,2141,4900,0.012967423013663127
APO-PSO,18,2141,5000,0.012967423013663127
APO-PSO,18,2141,5100,0.012967423013663127
APO-PSO,18,2141,5200,0.012967423013663127
APO-PSO,18,2141,5300,0.012967423013663127
APO-PSO,18,2141,5400,0.012967423013663127
APO-PSO,18,2141,5500,0.012967423013663127
APO-PSO,18,2141,5600,0.012967423013663127
APO-PSO,18,2141,5700,0.012967423013663127
APO-PSO,18,2141,5800,0.012967423013663127
APO-PSO,18,2141,5900,0.012967423013663127
APO-PSO,18,2141,6000,0.012967423013663127
APO-PSO,18,2141,6100,0.012967423013663127
APO-PSO,18,2141,6200,0.012967423013663127
APO-PSO,18,2141,6300,0.012967423013663127
APO-PSO,18,2141,6400,0.012967423013663127
APO-PSO,18,2141,6500,0.012967423013663127
APO-PSO,18,2141,6600,0.012967423013663127
APO-PSO,18,2141,6700,0.012967423013663127
APO-PSO,18,2141,6800,0.012967423013663127
APO-PSO,18,2141,6900,0.012967423013663127
APO-PSO,18,2141,7000,0.012967423013663127
APO-PSO,18,2141,7100,0.012967423013663127
APO-PSO,18,2141,7200,0.012967423013663127
APO-PSO,18,2141,7300,0.01285381649810707
APO-PSO,18,2141,7400,0.01285381649810707
APO-PSO,18,2141,7500,0.01285381649810707
APO-PSO,18,2141,7600,0.012755412455980497
APO-PSO,18,2141,7700,0.012755412455980497
APO-PSO,18,2141,7800,0.012750332799537493
APO-PSO,18,2141,7900,0.012750332799537493
APO-PSO,18,2141,8000,0.012750332799537493
APO-PSO,18,2141,8100,0.012750332799537493
APO-PSO,18,2141,8200,0.012750332799537493
APO-PSO,18,2141,8300,0.012750332799537493
APO-PSO,18,2141,8400,0.012750332799537493
APO-PSO,18,2141,8500,0.012750332799537493
APO-PSO,18,2141,8600,0.012750332799537493
APO-PSO,18,2141,8700,0.012750332799537493
APO-PSO,18,2141,8800,0.012750332799537493
APO-PSO,18,2141,8900,0.012750332799537493
APO-PSO,18,2141,9000,0.012750332799537493
APO-PSO,18,2141,9100,0.012750332799537493
APO-PSO,18,2141,9200,0.012750332799537493
APO-PSO,18,2141,9300,0.012750332799537493
APO-PSO,18,2141,9400,0.012727318314181007
APO-PSO,18,2141,9500,0.012727318314181007
APO-PSO,18,2141,9600,0.012727318314181007
APO-PSO,18,2141,9700,0.012727318314181007
APO-PSO,18,2141,9800,0.012727318314181007
APO-PSO,18,2141,9900,0.012727318314181007
APO-PSO,18,2141,10000,0.012727216449597477
APO-wr-DE,18,2141,100,692947.0765455246
APO-wr-DE,18,2141,200,16825.153183840997
APO-wr-DE,18,2141,300,14886.124563862722
APO-wr-DE,18,2141,400,5077.688923554827
APO-wr-DE,18,2141,500,5077.688923554827
APO-wr-DE,18,2141,600,0.02867180483779754
APO-wr-DE,18,2141,700,0.02867180483779754
APO-wr-DE,18,2141,800,0.02867180483779754
APO-wr-DE,18,2141,900,0.016731221121401883
APO-wr-DE,18,2141,1000,0.016731221121401883
APO-wr-DE,18,2141,1100,0.016731221121401883
APO-wr-DE,18,2141,1200,0.013745676444573092
APO-wr-DE,18,2141,1300,0.013745676444573092
APO-wr-DE,18,2141,1400,0.013745676444573092
APO-wr-DE,18,2141,1500,0.013745676444573092
APO-wr-DE,18,2141,1600,0.013745676444573092
APO-wr-DE,18,2141,1700,0.013745676444573092
APO-wr-DE,18,2141,1800,0.013745676444573092
APO-wr-DE,18,2141,1900,0.013745676444573092
APO-wr-DE,18,2141,2000,0.013649979322602427
APO-wr-DE,18,2141,2100,0.013649979322602427
APO-wr-DE,18,2141,2200,0.013649979322602427
APO-wr-DE,18,2141,2300,0.013397658768774075
APO-wr-DE,18,2141,2400,0.013397658768774075
APO-wr-DE,18,2141,2500,0.013397658768774075
APO-wr-DE,18,2141,2600,0.013397658768774075
APO-wr-DE,18,2141,2700,0.013397658768774075
APO-wr-DE,18,2141,2800,0.013397658768774075
APO-wr-DE,18,2141,2900,0.013397658768774075
APO-wr-DE,18,2141,3000,0.013397658768774075
APO-wr-DE,18,2141,3100,0.012939829688327575
APO-wr-DE,18,2141,3200,0.012939829688327575
APO-wr-DE,18,2141,3300,0.012939829688327575
APO-wr-DE,18,2141,3400,0.012939829688327575
APO-wr-DE,18,2141,3500,0.012939829688327575
APO-wr-DE,18,2141,3600,0.012939829688327575
APO-wr-DE,18,2141,3700,0.012939829688327575
APO-wr-DE,18,2141,3800,0.012939829688327575
APO-wr-DE,18,2141,3900,0.012939829688327575
APO-wr-DE,18,2141,4000,0.012899437204098651
APO-wr-DE,18,2141,4100,0.012899437204098651
APO-wr-DE,18,2141,4200,0.012899437204098651
APO-wr-DE,18,2141,4300,0.012899437204098651
APO-wr-DE,18,2141,4400,0.012899437204098651
APO-wr-DE,18,2141,4500,0.012899437204098651
APO-wr-DE,18,2141,4600,0.012899437204098651
APO-wr-DE,18,2141,4700,0.012899437204098651
APO-wr-DE,18,2141,4800,0.012899437204098651
APO-wr-DE,18,2141,4900,0.012899437204098651
APO-wr-DE,18,2141,5000,0.012899437204098651
APO-wr-DE,18,2141,5100,0.012899437204098651
APO-wr-DE,18,2141,5200,0.012899437204098651
APO-wr-DE,18,2141,5300,0.012899437204098651
APO-wr-DE,18,2141,5400,0.012899437204098651
APO-wr-DE,18,2141,5500,0.012862332178258397
APO-wr-DE,18,2141,5600,0.012808573080258788
APO-wr-DE,18,2141,5700,0.012808573080258788
APO-wr-DE,18,2141,5800,0.012808573080258788
APO-wr-DE,18,2141,5900,0.012808573080258788
APO-wr-DE,18,2141,6000,0.012808573080258788
APO-wr-DE,18,2141,6100,0.012808573080258788
APO-wr-DE,18,2141,6200,0.012808573080258788
APO-wr-DE,18,2141,6300,0.012808573080258788
APO-wr-DE,18,2141,6400,0.012808573080258788
APO-wr-DE,18,2141,6500,0.012808573080258788
APO-wr-DE,18,2141,6600,0.012808573080258788
APO-wr-DE,18,2141,6700,0.012808573080258788
APO-wr-DE,18,2141,6800,0.012808573080258788
APO-wr-DE,18,2141,6900,0.012808573080258788
APO-wr-DE,18,2141,7000,0.012808573080258788
APO-wr-DE,18,2141,7100,0.012808573080258788
APO-wr-DE,18,2141,7200,0.012808573080258788
APO-wr-DE,18,2141,7300,0.012717037736373303
APO-wr-DE,18,2141,7400,0.012717037736373303
APO-wr-DE,18,2141,7500,0.012717037736373303
APO-wr-DE,18,2141,7600,0.012717037736373303
APO-wr-DE,18,2141,7700,0.012717037736373303
APO-wr-DE,18,2141,7800,0.012717037736373303
APO-wr-DE,18,2141,7900,0.012717037736373303
APO-wr-DE,18,2141,8000,0.012717037736373303
APO-wr-DE,18,2141,8100,0.012717037736373303
APO-wr-DE,18,2141,8200,0.012717037736373303
APO-wr-DE,18,2141,8300,0.012702201549594843
APO-wr-DE,18,2141,8400,0.012702201549594843
APO-wr-DE,18,2141,8500,0.012702201549594843
APO-wr-DE,18,2141,8600,0.012702201549594843
APO-wr-DE,18,2141,8700,0.012702201549594843
APO-wr-DE,18,2141,8800,0.012702201549594843
APO-wr-DE,18,2141,8900,0.012702201549594843
APO-wr-DE,18,2141,9000,0.012702201549594843
APO-wr-DE,18,2141,9100,0.012702201549594843
APO-wr-DE,18,2141,9200,0.012702201549594843
APO-wr-DE,18,2141,9300,0.012702201549594843
APO-wr-DE,18,2141,9400,0.012702201549594843
APO-wr-DE,18,2141,9500,0.012702201549594843
APO-wr-DE,18,2141,9600,0.012702201549594843
APO-wr-DE,18,2141,9700,0.012702201549594843
APO-wr-DE,18,2141,9800,0.012702201549594843
APO-wr-DE,18,2141,9900,0.012702201549594843
APO-wr-DE,18,2141,10000,0.012702128585607755
APO-wr-LS,18,2141,100,692947.0765455246
APO-wr-LS,18,2141,200,16825.153183840997
APO-wr-LS,18,2141,300,0.050759685115354024
APO-wr-LS,18,2141,400,0.050759685115354024
APO-wr-LS,18,2141,500,0.03101988650269405
APO-wr-LS,18,2141,600,0.017407655093348615
APO-wr-LS,18,2141,700,0.014668540502003953
APO-wr-LS,18,2141,800,0.014668540502003953
APO-wr-LS,18,2141,900,0.014668540502003953
APO-wr-LS,18,2141,1000,0.014668540502003953
APO-wr-LS,18,2141,1100,0.01422271958439969
APO-wr-LS,18,2141,1200,0.013017679635069973
APO-wr-LS,18,2141,1300,0.013017679635069973
APO-wr-LS,18,2141,1400,0.013017679635069973
APO-wr-LS,18,2141,1500,0.013017679635069973
APO-wr-LS,18,2141,1600,0.013017679635069973
APO-wr-LS,18,2141,1700,0.013017679635069973
APO-wr-LS,18,2141,1800,0.013017679635069973
APO-wr-LS,18,2141,1900,0.013017679635069973
APO-wr-LS,18,2141,2000,0.013017679635069973
APO-wr-LS,18,2141,2100,0.013017679635069973
APO-wr-LS,18,2141,2200,0.013017679635069973
APO-wr-LS,18,2141,2300,0.013017679635069973
APO-wr-LS,18,2141,2400,0.013017679635069973
APO-wr-LS,18,2141,2500,0.013010213119824601
APO-wr-LS,18,2141,2600,0.013010213119824601
APO-wr-LS,18,2141,2700,0.013010213119824601
APO-wr-LS,18,2141,2800,0.013010213119824601
APO-wr-LS,18,2141,2900,0.013010213119824601
APO-wr-LS,18,2141,3000,0.013010213119824601
APO-wr-LS,18,2141,3100,0.013010213119824601
APO-wr-LS,18,2141,3200,0.013010213119824601
APO-wr-LS,18,2141,3300,0.013010213119824601
APO-wr-LS,18,2141,3400,0.013010213119824601
APO-wr-LS,18,2141,3500,0.013010213119824601
APO-wr-LS,18,2141,3600,0.013010213119824601
APO-wr-LS,18,2141,3700,0.013010213119824601
APO-wr-LS,18,2141,3800,0.013010213119824601
APO-wr-LS,18,2141,3900,0.013010213119824601
APO-wr-LS,18,2141,4000,0.013010213119824601
APO-wr-LS,18,2141,4100,0.012933070229417098
APO-wr-LS,18,2141,4200,0.012933070229417098
APO-wr-LS,18,2141,4300,0.012933070229417098
APO-wr-LS,18,2141,4400,0.012933070229417098
APO-wr-LS,18,2141,4500,0.012933070229417098
APO-wr-LS,18,2141,4600,0.012933070229417098
APO-wr-LS,18,2141,4700,0.012868735333954152
APO-wr-LS,18,2141,4800,0.012868735333954152
APO-wr-LS,18,2141,4900,0.012868735333954152
APO-wr-LS,18,2141,5000,0.012810365496710234
APO-wr-LS,18,2141,5100,0.012810365496710234
APO-wr-LS,18,2141,5200,0.012810365496710234
APO-wr-LS,18,2141,5300,0.012810365496710234
APO-wr-LS,18,2141,5400,0.012810365496710234
APO-wr-LS,18,2141,5500,0.012810365496710234
APO-wr-LS,18,2141,5600,0.012810365496710234
APO-wr-LS,18,2141,5700,0.012810365496710234
APO-wr-LS,18,2141,5800,0.012810365496710234
APO-wr-LS,18,2141,5900,0.012810365496710234
APO-wr-LS,18,2141,6000,0.012810365496710234
APO-wr-LS,18,2141,6100,0.012810365496710234
APO-wr-LS,18,2141,6200,0.012810365496710234
APO-wr-LS,18,2141,6300,0.012810365496710234
APO-wr-LS,18,2141,6400,0.012810365496710234
APO-wr-LS,18,2141,6500,0.012810365496710234
APO-wr-LS,18,2141,6600,0.012810365496710234
APO-wr-LS,18,2141,6700,0.012810365496710234
APO-wr-LS,18,2141,6800,0.012810365496710234
APO-wr-LS,18,2141,6900,0.012810365496710234
APO-wr-LS,18,2141,7000,0.012810365496710234
APO-wr-LS,18,2141,7100,0.012810365496710234
APO-wr-LS,18,2141,7200,0.012810365496710234
APO-wr-LS,18,2141,7300,0.012810365496710234
APO-wr-LS,18,2141,7400,0.012810365496710234
APO-wr-LS,18,2141,7500,0.012810365496710234
APO-wr-LS,18,2141,7600,0.012810365496710234
APO-wr-LS,18,2141,7700,0.012810365496710234
APO-wr-LS,18,2141,7800,0.012810365496710234
APO-wr-LS,18,2141,7900,0.012810365496710234
APO-wr-LS,18,2141,8000,0.012810365496710234
APO-wr-LS,18,2141,8100,0.012810365496710234
APO-wr-LS,18,2141,8200,0.012810365496710234
APO-wr-LS,18,2141,8300,0.012810365496710234
APO-wr-LS,18,2141,8400,0.012810365496710234
APO-wr-LS,18,2141,8500,0.012810365496710234
APO-wr-LS,18,2141,8600,0.012810365496710234
APO-wr-LS,18,2141,8700,0.012810365496710234
APO-wr-LS,18,2141,8800,0.012805467651610919
APO-wr-LS,18,2141,8900,0.012801112141122617
APO-wr-LS,18,2141,9000,0.012801112141122617
APO-wr-LS,18,2141,9100,0.012801112141122617
APO-wr-LS,18,2141,9200,0.012801112141122617
APO-wr-LS,18,2141,9300,0.012801112141122617
APO-wr-LS,18,2141,9400,0.012801112141122617
APO-wr-LS,18,2141,9500,0.012798445206162308
APO-wr-LS,18,2141,9600,0.012798428462220516
APO-wr-LS,18,2141,9700,0.012795116455569676
APO-wr-LS,18,2141,9800,0.012794968344024294
APO-wr-LS,18,2141,9900,0.012794855598530892
APO-wr-LS,18,2141,10000,0.012794855598530892
APO-wr-PSO,18,2141,100,692947.0765455246
APO-wr-PSO,18,2141,200,16825.153183840997
APO-wr-PSO,18,2141,300,5077.686048634467
APO-wr-PSO,18,2141,400,4002.204109748799
APO-wr-PSO,18,2141,500,0.030530845834762208
APO-wr-PSO,18,2141,600,0.030530845834762208
APO-wr-PSO,18,2141,700,0.030530845834762208
APO-wr-PSO,18,2141,800,0.021162694753447453
APO-wr-PSO,18,2141,900,0.014606896104559964
APO-wr-PSO,18,2141,1000,0.014606896104559964
APO-wr-PSO,18,2141,1100,0.013946845963471633
APO-wr-PSO,18,2141,1200,0.013946845963471633
APO-wr-PSO,18,2141,1300,0.013946845963471633
APO-wr-PSO,18,2141,1400,0.013303520327612445
APO-wr-PSO,18,2141,1500,0.013303520327612445
APO-wr-PSO,18,2141,1600,0.013303520327612445
APO-wr-PSO,18,2141,1700,0.013303520327612445
APO-wr-PSO,18,2141,1800,0.013303520327612445
APO-wr-PSO,18,2141,1900,0.013303520327612445
APO-wr-PSO,18,2141,2000,0.013303520327612445
APO-wr-PSO,18,2141,2100,0.013303520327612445
APO-wr-PSO,18,2141,2200,0.013303520327612445
APO-wr-PSO,18,2141,2300,0.013303520327612445
APO-wr-PSO,18,2141,2400,0.013303520327612445
APO-wr-PSO,18,2141,2500,0.013303520327612445
APO-wr-PSO,18,2141,2600,0.013303520327612445
APO-wr-PSO,18,2141,2700,0.013292941201159907
APO-wr-PSO,18,2141,2800,0.013292941201159907
APO-wr-PSO,18,2141,2900,0.013292941201159907
APO-wr-PSO,18,2141,3000,0.013292941201159907
APO-wr-PSO,18,2141,3100,0.013292941201159907
APO-wr-PSO,18,2141,3200,0.013292941201159907
APO-wr-PSO,18,2141,3300,0.013292941201159907
APO-wr-PSO,18,2141,3400,0.013292941201159907
APO-wr-PSO,18,2141,3500,0.013292941201159907
APO-wr-PSO,18,2141,3600,0.013292941201159907
APO-wr-PSO,18,2141,3700,0.013292941201159907
APO-wr-PSO,18,2141,3800,0.013292941201159907
APO-wr-PSO,18,2141,3900,0.013292941201159907
APO-wr-PSO,18,2141,4000,0.013268408695187998
APO-wr-PSO,18,2141,4100,0.013268408695187998
APO-wr-PSO,18,2141,4200,0.013268408695187998
APO-wr-PSO,18,2141,4300,0.013268408695187998
APO-wr-PSO,18,2141,4400,0.013268408695187998
APO-wr-PSO,18,2141,4500,0.013230556548447183
APO-wr-PSO,18,2141,4600,0.013156637803678832
APO-wr-PSO,18,2141,4700,0.013156637803678832
APO-wr-PSO,18,2141,4800,0.013156637803678832
APO-wr-PSO,18,2141,4900,0.013075984647805898
APO-wr-PSO,18,2141,5000,0.013075984647805898
APO-wr-PSO,18,2141,5100,0.013075984647805898
APO-wr-PSO,18,2141,5200,0.013075984647805898
APO-wr-PSO,18,2141,5300,0.013075984647805898
APO-wr-PSO,18,2141,5400,0.013075984647805898
APO-wr-PSO,18,2141,5500,0.013075984647805898
APO-wr-PSO,18,2141,5600,0.013075984647805898
APO-wr-PSO,18,2141,5700,0.013075984647805898
APO-wr-PSO,18,2141,5800,0.012987942560210611
APO-wr-PSO,18,2141,5900,0.012987942560210611
APO-wr-PSO,18,2141,6000,0.012987942560210611
APO-wr-PSO,18,2141,6100,0.012987942560210611
APO-wr-PSO,18,2141,6200,0.012987942560210611
APO-wr-PSO,18,2141,6300,0.012807019103528664
APO-wr-PSO,18,2141,6400,0.012807019103528664
APO-wr-PSO,18,2141,6500,0.012807019103528664
APO-wr-PSO,18,2141,6600,0.012807019103528664
APO-wr-PSO,18,2141,6700,0.012807019103528664
APO-wr-PSO,18,2141,6800,0.012807019103528664
APO-wr-PSO,18,2141,6900,0.012807019103528664
APO-wr-PSO,18,2141,7000,0.012807019103528664
APO-wr-PSO,18,2141,7100,0.012807019103528664
APO-wr-PSO,18,2141,7200,0.012807019103528664
APO-wr-PSO,18,2141,7300,0.012807019103528664
APO-wr-PSO,18,2141,7400,0.012807019103528664
APO-wr-PSO,18,2141,7500,0.012807019103528664
APO-wr-PSO,18,2141,7600,0.012807019103528664
APO-wr-PSO,18,2141,7700,0.012807019103528664
APO-wr-PSO,18,2141,7800,0.012802806668940575
APO-wr-PSO,18,2141,7900,0.012802806668940575
APO-wr-PSO,18,2141,8000,0.012802806668940575
APO-wr-PSO,18,2141,8100,0.012802806668940575
APO-wr-PSO,18,2141,8200,0.012802806668940575
APO-wr-PSO,18,2141,8300,0.012802806668940575
APO-wr-PSO,18,2141,8400,0.012802806668940575
APO-wr-PSO,18,2141,8500,0.012802806668940575
APO-wr-PSO,18,2141,8600,0.012802806668940575
APO-wr-PSO,18,2141,8700,0.012802806668940575
APO-wr-PSO,18,2141,8800,0.012802806668940575
APO-wr-PSO,18,2141,8900,0.012802806668940575
APO-wr-PSO,18,2141,9000,0.012775337364075668
APO-wr-PSO,18,2141,9100,0.012775337364075668
APO-wr-PSO,18,2141,9200,0.012774017509497807
APO-wr-PSO,18,2141,9300,0.012774017509497807
APO-wr-PSO,18,2141,9400,0.012774017509497807
APO-wr-PSO,18,2141,9500,0.01276538379518785
APO-wr-PSO,18,2141,9600,0.01276538379518785
APO-wr-PSO,18,2141,9700,0.01276538379518785
APO-wr-PSO,18,2141,9800,0.01276538379518785
APO-wr-PSO,18,2141,9900,0.01276538379518785
APO-wr-PSO,18,2141,10000,0.01276538379518785
APO,19,2148,100,0.02802581149836975
APO,19,2148,200,0.02802581149836975
APO,19,2148,300,0.02802581149836975
APO,19,2148,400,0.024273452870915185
APO,19,2148,500,0.02018936991526999
APO,19,2148,600,0.02018936991526999
APO,19,2148,700,0.02018936991526999
APO,19,2148,800,0.02018936991526999
APO,19,2148,900,0.02018936991526999
APO,19,2148,1000,0.02018936981510731
APO,19,2148,1100,0.019525506022885625
APO,19,2148,1200,0.01946543675317948
APO,19,2148,1300,0.01833064223771586
APO,19,2148,1400,0.018308983089564843
APO,19,2148,1500,0.018308983089564843
APO,19,2148,1600,0.018308983089564843
APO,19,2148,1700,0.018308983089564843
APO,19,2148,1800,0.01828693319363107
APO,19,2148,1900,0.01828693319363107
APO,19,2148,2000,0.014587046485867823
APO,19,2148,2100,0.014587046485867823
APO,19,2148,2200,0.014587046485867823
APO,19,2148,2300,0.014587046485867823
APO,19,2148,2400,0.014587046485867823
APO,19,2148,2500,0.014587046485867823
APO,19,2148,2600,0.014504310113709904
APO,19,2148,2700,0.014504310113709904
APO,19,2148,2800,0.014504310113709904
APO,19,2148,2900,0.013866893396798434
APO,19,2148,3000,0.013866893396798434
APO,19,2148,3100,0.013866893396798434
APO,19,2148,3200,0.013791091183366447
APO,19,2148,3300,0.013791091183366447
APO,19,2148,3400,0.013610723544228254
APO,19,2148,3500,0.013239491904165342
APO,19,2148,3600,0.013239491904165342
APO,19,2148,3700,0.013239491904165342
APO,19,2148,3800,0.013239491904165342
APO,19,2148,3900,0.013239491904165342
APO,19,2148,4000,0.013239491904165342
APO,19,2148,4100,0.013239491904165342
APO,19,2148,4200,0.013239491904165342
APO,19,2148,4300,0.013239491904165342
APO,19,2148,4400,0.013239491904165342
APO,19,2148,4500,0.013239491904165342
APO,19,2148,4600,0.013239491904165342
APO,19,2148,4700,0.013239491904165342
APO,19,2148,4800,0.013239491904165342
APO,19,2148,4900,0.013239491904165342
APO,19,2148,5000,0.013239491904165342
APO,19,2148,5100,0.013239491904165342
APO,19,2148,5200,0.013239491904165342
APO,19,2148,5300,0.013239491904165342
APO,19,2148,5400,0.013239491904165342
APO,19,2148,5500,0.013232536589537224
APO,19,2148,5600,0.013232536589537224
APO,19,2148,5700,0.013232536589537224
APO,19,2148,5800,0.013232536589537224
APO,19,2148,5900,0.013232536589537224
APO,19,2148,6000,0.013128556216217696
APO,19,2148,6100,0.013128556216217696
APO,19,2148,6200,0.013056110162290815
APO,19,2148,6300,0.013056110162290815
APO,19,2148,6400,0.012933974820198472
APO,19,2148,6500,0.012933974820198472
APO,19,2148,6600,0.012933974820198472
APO,19,2148,6700,0.012933974820198472
APO,19,2148,6800,0.012933974820198472
APO,19,2148,6900,0.012933974820198472
APO,19,2148,7000,0.01292317931984178
APO,19,2148,7100,0.01292317931984178
APO,19,2148,7200,0.01292317931984178
APO,19,2148,7300,0.01292317931984178
APO,19,2148,7400,0.01292317931984178
APO,19,2148,7500,0.01292317931984178
APO,19,2148,7600,0.01292317931984178
APO,19,2148,7700,0.01292317931984178
APO,19,2148,7800,0.01292317931984178
APO,19,2148,7900,0.01292317931984178
APO,19,2148,8000,0.01292317931984178
APO,19,2148,8100,0.01292317931984178
APO,19,2148,8200,0.01292317931984178
APO,19,2148,8300,0.01292317931984178
APO,19,2148,8400,0.012902914653573138
APO,19,2148,8500,0.012902914653573138
APO,19,2148,8600,0.012902914653573138
APO,19,2148,8700,0.012902914653573138
APO,19,2148,8800,0.012902914653573138
APO,19,2148,8900,0.012896822303467725
APO,19,2148,9000,0.012896822303467725
APO,19,2148,9100,0.012892428960886044
APO,19,2148,9200,0.012892428960886044
APO,19,2148,9300,0.012892428960886044
APO,19,2148,9400,0.012891965245720418
APO,19,2148,9500,0.012889080209339137
APO,19,2148,9600,0.012884802954627933
APO,19,2148,9700,0.012884802954627933
APO,19,2148,9800,0.012884802954627933
APO,19,2148,9900,0.01288477422980328
APO,19,2148,10000,0.012884719370637425
APO-wr,19,2148,100,0.02802581149836975
APO-wr,19,2148,200,0.02802581149836975
APO-wr,19,2148,300,0.02802581149836975
APO-wr,19,2148,400,0.02802581149836975
APO-wr,19,2148,500,0.02802581149836975
APO-wr,19,2148,600,0.02802581149836975
APO-wr,19,2148,700,0.02802581149836975
APO-wr,19,2148,800,0.02802581149836975
APO-wr,19,2148,900,0.019109707335975605
APO-wr,19,2148,1000,0.01874689635016418
APO-wr,19,2148,1100,0.01874689635016418
APO-wr,19,2148,1200,0.01874689635016418
APO-wr,19,2148,1300,0.0168050147082353
APO-wr,19,2148,1400,0.0168050147082353
APO-wr,19,2148,1500,0.014045410503990939
APO-wr,19,2148,1600,0.014045410503990939
APO-wr,19,2148,1700,0.014045410503990939
APO-wr,19,2148,1800,0.014045410503990939
APO-wr,19,2148,1900,0.014045410503990939
APO-wr,19,2148,2000,0.014045410503990939
APO-wr,19,2148,2100,0.014045410503990939
APO-wr,19,2148,2200,0.014045410503990939
APO-wr,19,2148,2300,0.014045410503990939
APO-wr,19,2148,2400,0.014045410503990939
APO-wr,19,2148,2500,0.014045410503990939
APO-wr,19,2148,2600,0.014045410503990939
APO-wr,19,2148,2700,0.013459095734556037
APO-wr,19,2148,2800,0.013253486655211364
APO-wr,19,2148,2900,0.01305707320526288
APO-wr,19,2148,3000,0.01305707320526288
APO-wr,19,2148,3100,0.01305707320526288
APO-wr,19,2148,3200,0.01305707320526288
APO-wr,19,2148,3300,0.01305707320526288
APO-wr,19,2148,3400,0.01305707320526288
APO-wr,19,2148,3500,0.01305707320526288
APO-wr,19,2148,3600,0.01305707320526288
APO-wr,19,2148,3700,0.01305707320526288
APO-wr,19,2148,3800,0.01305707320526288
APO-wr,19,2148,3900,0.01305707320526288
APO-wr,19,2148,4000,0.01305707320526288
APO-wr,19,2148,4100,0.012867316480244652
APO-wr,19,2148,4200,0.012867316480244652
APO-wr,19,2148,4300,0.012867316480244652
APO-wr,19,2148,4400,0.012867316480244652
APO-wr,19,2148,4500,0.012867316480244652
APO-wr,19,2148,4600,0.012867316480244652
APO-wr,19,2148,4700,0.012867316480244652
APO-wr,19,2148,4800,0.012867316480244652
APO-wr,19,2148,4900,0.012867316480244652
APO-wr,19,2148,5000,0.012867316480244652
APO-wr,19,2148,5100,0.012867316480244652
APO-wr,19,2148,5200,0.012867316480244652
APO-wr,19,2148,5300,0.012867316480244652
APO-wr,19,2148,5400,0.012861351265177276
APO-wr,19,2148,5500,0.012861351265177276
APO-wr,19,2148,5600,0.012861351265177276
APO-wr,19,2148,5700,0.012861351265177276
APO-wr,19,2148,5800,0.012861351265177276
APO-wr,19,2148,5900,0.012861351265177276
APO-wr,19,2148,6000,0.012861351265177276
APO-wr,19,2148,6100,0.012861351265177276
APO-wr,19,2148,6200,0.012861351265177276
APO-wr,19,2148,6300,0.012861351265177276
APO-wr,19,2148,6400,0.012861351265177276
APO-wr,19,2148,6500,0.012861351265177276
APO-wr,19,2148,6600,0.012861351265177276
APO-wr,19,2148,6700,0.012793094297050738
APO-wr,19,2148,6800,0.012793094297050738
APO-wr,19,2148,6900,0.012793094297050738
APO-wr,19,2148,7000,0.012793094297050738
APO-wr,19,2148,7100,0.012793094297050738
APO-wr,19,2148,7200,0.012793094297050738
APO-wr,19,2148,7300,0.012793094297050738
APO-wr,19,2148,7400,0.012793094297050738
APO-wr,19,2148,7500,0.012793094297050738
APO-wr,19,2148,7600,0.012793094297050738
APO-wr,19,2148,7700,0.012793094297050738
APO-wr,19,2148,7800,0.012793094297050738
APO-wr,19,2148,7900,0.012793094297050738
APO-wr,19,2148,8000,0.012793094297050738
APO-wr,19,2148,8100,0.012793094297050738
APO-wr,19,2148,8200,0.012793094297050738
APO-wr,19,2148,8300,0.012793094297050738
APO-wr,19,2148,8400,0.012793094297050738
APO-wr,19,2148,8500,0.01278890658678596
APO-wr,19,2148,8600,0.01278890658678596
APO-wr,19,2148,8700,0.01278890658678596
APO-wr,19,2148,8800,0.01278890658678596
APO-wr,19,2148,8900,0.01278890658678596
APO-wr,19,2148,9000,0.01278890658678596
APO-wr,19,2148,9100,0.01278890658678596
APO-wr,19,2148,9200,0.01278890658678596
APO-wr,19,2148,9300,0.01278890658678596
APO-wr,19,2148,9400,0.01278890658678596
APO-wr,19,2148,9500,0.01278721023795131
APO-wr,19,2148,9600,0.01278721023795131
APO-wr,19,2148,9700,0.01278721023795131
APO-wr,19,2148,9800,0.012782098023880212
APO-wr,19,2148,9900,0.012782098023880212
APO-wr,19,2148,10000,0.012782098023880212
APO-DE,19,2148,100,0.02802581149836975
APO-DE,19,2148,200,0.02802581149836975
APO-DE,19,2148,300,0.02802581149836975
APO-DE,19,2148,400,0.02802581149836975
APO-DE,19,2148,500,0.02802581149836975
APO-DE,19,2148,600,0.017384549927372615
APO-DE,19,2148,700,0.017384549927372615
APO-DE,19,2148,800,0.013296955864132463
APO-DE,19,2148,900,0.013222308553916573
APO-DE,19,2148,1000,0.013222308553916573
APO-DE,19,2148,1100,0.013222308553916573
APO-DE,19,2148,1200,0.013222308553916573
APO-DE,19,2148,1300,0.013222308553916573
APO-DE,19,2148,1400,0.013222308553916573
APO-DE,19,2148,1500,0.013222308553916573
APO-DE,19,2148,1600,0.013222308553916573
APO-DE,19,2148,1700,0.013222308553916573
APO-DE,19,2148,1800,0.013222308553916573
APO-DE,19,2148,1900,0.013222308553916573
APO-DE,19,2148,2000,0.013222308553916573
APO-DE,19,2148,2100,0.013222308553916573
APO-DE,19,2148,2200,0.013222308553916573
APO-DE,19,2148,2300,0.013222308553916573
APO-DE,19,2148,2400,0.013222308553916573
APO-DE,19,2148,2500,0.013222308553916573
APO-DE,19,2148,2600,0.013222308553916573
APO-DE,19,2148,2700,0.013222308553916573
APO-DE,19,2148,2800,0.013222308553916573
APO-DE,19,2148,2900,0.013222308553916573
APO-DE,19,2148,3000,0.013222308553916573
APO-DE,19,2148,3100,0.013222308553916573
APO-DE,19,2148,3200,0.013222308553916573
APO-DE,19,2148,3300,0.013222308553916573
APO-DE,19,2148,3400,0.013222308553916573
APO-DE,19,2148,3500,0.013222308553916573
APO-DE,19,2148,3600,0.013222308553916573
APO-DE,19,2148,3700,0.013222308553916573
APO-DE,19,2148,3800,0.013222308553916573
APO-DE,19,2148,3900,0.013222308553916573
APO-DE,19,2148,4000,0.013222308553916573
APO-DE,19,2148,4100,0.013222308553916573
APO-DE,19,2148,4200,0.013222308553916573
APO-DE,19,2148,4300,0.013166808106244415
APO-DE,19,2148,4400,0.013166808106244415
APO-DE,19,2148,4500,0.013166808106244415
APO-DE,19,2148,4600,0.013166808106244415
APO-DE,19,2148,4700,0.013166808106244415
APO-DE,19,2148,4800,0.012888594846568055
APO-DE,19,2148,4900,0.012888594846568055
APO-DE,19,2148,5000,0.012888594846568055
APO-DE,19,2148,5100,0.012888594846568055
APO-DE,19,2148,5200,0.012888594846568055
APO-DE,19,2148,5300,0.01281238079271228
APO-DE,19,2148,5400,0.01281238079271228
APO-DE,19,2148,5500,0.01281238079271228
APO-DE,19,2148,5600,0.01281238079271228
APO-DE,19,2148,5700,0.01281238079271228
APO-DE,19,2148,5800,0.01281238079271228
APO-DE,19,2148,5900,0.01281238079271228
APO-DE,19,2148,6000,0.01281238079271228
APO-DE,19,2148,6100,0.01281238079271228
APO-DE,19,2148,6200,0.01281238079271228
APO-DE,19,2148,6300,0.01281238079271228
APO-DE,19,2148,6400,0.01281238079271228
APO-DE,19,2148,6500,0.01281238079271228
APO-DE,19,2148,6600,0.01281238079271228
APO-DE,19,2148,6700,0.01281238079271228
APO-DE,19,2148,6800,0.01281238079271228
APO-DE,19,2148,6900,0.012751855643775036
APO-DE,19,2148,7000,0.012751855643775036
APO-DE,19,2148,7100,0.012751855643775036
APO-DE,19,2148,7200,0.012751855643775036
APO-DE,19,2148,7300,0.012751855643775036
APO-DE,19,2148,7400,0.012751855643775036
APO-DE,19,2148,7500,0.012751855643775036
APO-DE,19,2148,7600,0.012751855643775036
APO-DE,19,2148,7700,0.01273689192057873
APO-DE,19,2148,7800,0.01273689192057873
APO-DE,19,2148,7900,0.01273689192057873
APO-DE,19,2148,8000,0.01273689192057873
APO-DE,19,2148,8100,0.01273689192057873
APO-DE,19,2148,8200,0.01273689192057873
APO-DE,19,2148,8300,0.01273689192057873
APO-DE,19,2148,8400,0.01273689192057873
APO-DE,19,2148,8500,0.01273689192057873
APO-DE,19,2148,8600,0.01273689192057873
APO-DE,19,2148,8700,0.01273689192057873
APO-DE,19,2148,8800,0.01273689192057873
APO-DE,19,2148,8900,0.012732997009215553
APO-DE,19,2148,9000,0.012732997009215553
APO-DE,19,2148,9100,0.012732997009215553
APO-DE,19,2148,9200,0.012732997009215553
APO-DE,19,2148,9300,0.012732997009215553
APO-DE,19,2148,9400,0.012732997009215553
APO-DE,19,2148,9500,0.012731875957608357
APO-DE,19,2148,9600,0.012731875957608357
APO-DE,19,2148,9700,0.012731875957608357
APO-DE,19,2148,9800,0.012731875957608357
APO-DE,19,2148,9900,0.012731744797553944
APO-DE,19,2148,10000,0.012731738099762174
APO-LS,19,2148,100,0.02802581149836975
APO-LS,19,2148,200,0.02802581149836975
APO-LS,19,2148,300,0.02802581149836975
APO-LS,19,2148,400,0.02802581149836975
APO-LS,19,2148,500,0.020195300675427005
APO-LS,19,2148,600,0.020195300675427005
APO-LS,19,2148,700,0.020195300675427005
APO-LS,19,2148,800,0.020195300675427005
APO-LS,19,2148,900,0.020195300675427005
APO-LS,19,2148,1000,0.020195300675427005
APO-LS,19,2148,1100,0.020195300675427005
APO-LS,19,2148,1200,0.019365872472335392
APO-LS,19,2148,1300,0.018405762241931835
APO-LS,19,2148,1400,0.018405762241931835
APO-LS,19,2148,1500,0.018405762241931835
APO-LS,19,2148,1600,0.01315855257038703
APO-LS,19,2148,1700,0.01315855257038703
APO-LS,19,2148,1800,0.01315855257038703
APO-LS,19,2148,1900,0.01309104973116456
APO-LS,19,2148,2000,0.01309104973116456
APO-LS,19,2148,2100,0.01309104973116456
APO-LS,19,2148,2200,0.01309104973116456
APO-LS,19,2148,2300,0.01309104973116456
APO-LS,19,2148,2400,0.01309104973116456
APO-LS,19,2148,2500,0.01309104973116456
APO-LS,19,2148,2600,0.01309104973116456
APO-LS,19,2148,2700,0.01309104973116456
APO-LS,19,2148,2800,0.01309104973116456
APO-LS,19,2148,2900,0.01309104973116456
APO-LS,19,2148,3000,0.01309104973116456
APO-LS,19,2148,3100,0.01309104973116456
APO-LS,19,2148,3200,0.012768700835473497
APO-LS,19,2148,3300,0.012768700835473497
APO-LS,19,2148,3400,0.012768700835473497
APO-LS,19,2148,3500,0.012768700835473497
APO-LS,19,2148,3600,0.012768700835473497
APO-LS,19,2148,3700,0.012768700835473497
APO-LS,19,2148,3800,0.012768700835473497
APO-LS,19,2148,3900,0.012768700835473497
APO-LS,19,2148,4000,0.012768700835473497
APO-LS,19,2148,4100,0.012768700835473497
APO-LS,19,2148,4200,0.012768700835473497
APO-LS,19,2148,4300,0.012768700835473497
APO-LS,19,2148,4400,0.012768700835473497
APO-LS,19,2148,4500,0.012768700835473497
APO-LS,19,2148,4600,0.012768700835473497
APO-LS,19,2148,4700,0.012768700835473497
APO-LS,19,2148,4800,0.012768700835473497
APO-LS,19,2148,4900,0.012768700835473497
APO-LS,19,2148,5000,0.012768700835473497
APO-LS,19,2148,5100,0.012768700835473497
APO-LS,19,2148,5200,0.012768700835473497
APO-LS,19,2148,5300,0.012768700835473497
APO-LS,19,2148,5400,0.012768700835473497
APO-LS,19,2148,5500,0.012768700835473497
APO-LS,19,2148,5600,0.012768700835473497
APO-LS,19,2148,5700,0.012768700835473497
APO-LS,19,2148,5800,0.012768700835473497
APO-LS,19,2148,5900,0.012768700835473497
APO-LS,19,2148,6000,0.012768700835473497
APO-LS,19,2148,6100,0.012768700835473497
APO-LS,19,2148,6200,0.012768700835473497
APO-LS,19,2148,6300,0.012768700835473497
APO-LS,19,2148,6400,0.012768700835473497
APO-LS,19,2148,6500,0.012768700835473497
APO-LS,19,2148,6600,0.012768700835473497
APO-LS,19,2148,6700,0.012768700835473497
APO-LS,19,2148,6800,0.012768700835473497
APO-LS,19,2148,6900,0.012768700835473497
APO-LS,19,2148,7000,0.012768700835473497
APO-LS,19,2148,7100,0.012768700835473497
APO-LS,19,2148,7200,0.012768700835473497
APO-LS,19,2148,7300,0.012768700835473497
APO-LS,19,2148,7400,0.012768700835473497
APO-LS,19,2148,7500,0.012768700835473497
APO-LS,19,2148,7600,0.012768700835473497
APO-LS,19,2148,7700,0.012768700835473497
APO-LS,19,2148,7800,0.012768700835473497
APO-LS,19,2148,7900,0.012768700835473497
APO-LS,19,2148,8000,0.012768700835473497
APO-LS,19,2148,8100,0.012768700835473497
APO-LS,19,2148,8200,0.012768700835473497
APO-LS,19,2148,8300,0.012768700835473497
APO-LS,19,2148,8400,0.012766303486973352
APO-LS,19,2148,8500,0.012766303486973352
APO-LS,19,2148,8600,0.012766303486973352
APO-LS,19,2148,8700,0.012766303486973352
APO-LS,19,2148,8800,0.012766303486973352
APO-LS,19,2148,8900,0.012766303486973352
APO-LS,19,2148,9000,0.012766303486973352
APO-LS,19,2148,9100,0.012766303486973352
APO-LS,19,2148,9200,0.012766303486973352
APO-LS,19,2148,9300,0.012766303486973352
APO-LS,19,2148,9400,0.012765783013525241
APO-LS,19,2148,9500,0.012765783013525241
APO-LS,19,2148,9600,0.012765783013525241
APO-LS,19,2148,9700,0.012758345837975499
APO-LS,19,2148,9800,0.012758345837975499
APO-LS,19,2148,9900,0.012758345837975499
APO-LS,19,2148,10000,0.012758345837975499
APO-PSO,19,2148,100,0.02802581149836975
APO-PSO,19,2148,200,0.02802581149836975
APO-PSO,19,2148,300,0.0264430209302263
APO-PSO,19,2148,400,0.0264430209302263
APO-PSO,19,2148,500,0.0264430209302263
APO-PSO,19,2148,600,0.0264430209302263
APO-PSO,19,2148,700,0.0264430209302263
APO-PSO,19,2148,800,0.0264430209302263
APO-PSO,19,2148,900,0.0264430209302263
APO-PSO,19,2148,1000,0.021913078828525966
APO-PSO,19,2148,1100,0.014572932542063162
APO-PSO,19,2148,1200,0.013822944625569584
APO-PSO,19,2148,1300,0.013822944625569584
APO-PSO,19,2148,1400,0.013822944625569584
APO-PSO,19,2148,1500,0.013822944625569584
APO-PSO,19,2148,1600,0.013822944625569584
APO-PSO,19,2148,1700,0.013822944625569584
APO-PSO,19,2148,1800,0.013822944625569584
APO-PSO,19,2148,1900,0.013822944625569584
APO-PSO,19,2148,2000,0.013822944625569584
APO-PSO,19,2148,2100,0.013822944625569584
APO-PSO,19,2148,2200,0.013822944625569584
APO-PSO,19,2148,2300,0.013822944625569584
APO-PSO,19,2148,2400,0.013813578912621518
APO-PSO,19,2148,2500,0.01352519541633181
APO-PSO,19,2148,2600,0.01352519541633181
APO-PSO,19,2148,2700,0.01352519541633181
APO-PSO,19,2148,2800,0.01352519541633181
APO-PSO,19,2148,2900,0.01352519541633181
APO-PSO,19,2148,3000,0.01352519541633181
APO-PSO,19,2148,3100,0.01352519541633181
APO-PSO,19,2148,3200,0.01352519541633181
APO-PSO,19,2148,3300,0.01352519541633181
APO-PSO,19,2148,3400,0.01352519541633181
APO-PSO,19,2148,3500,0.01352519541633181
APO-PSO,19,2148,3600,0.01339491342686341
APO-PSO,19,2148,3700,0.01339491342686341
APO-PSO,19,2148,3800,0.01339491342686341
APO-PSO,19,2148,3900,0.01339491342686341
APO-PSO,19,2148,4000,0.01339491342686341
APO-PSO,19,2148,4100,0.013372167063751371
APO-PSO,19,2148,4200,0.013372167063751371
APO-PSO,19,2148,4300,0.013372167063751371
APO-PSO,19,2148,4400,0.013322350764642164
APO-PSO,19,2148,4500,0.013322350764642164
APO-PSO,19,2148,4600,0.013322350764642164
APO-PSO,19,2148,4700,0.013322350764642164
APO-PSO,19,2148,4800,0.013322350764642164
APO-PSO,19,2148,4900,0.013322350764642164
APO-PSO,19,2148,5000,0.013322350764642164
APO-PSO,19,2148,5100,0.013322350764642164
APO-PSO,19,2148,5200,0.013197573065881391
APO-PSO,19,2148,5300,0.013197573065881391
APO-PSO,19,2148,5400,0.013197573065881391
APO-PSO,19,2148,5500,0.013197573065881391
APO-PSO,19,2148,5600,0.013197573065881391
APO-PSO,19,2148,5700,0.013045537520049964
APO-PSO,19,2148,5800,0.013045537520049964
APO-PSO,19,2148,5900,0.013045537520049964
APO-PSO,19,2148,6000,0.013045537520049964
APO-PSO,19,2148,6100,0.013045537520049964
APO-PSO,19,2148,6200,0.013028171814643026
APO-PSO,19,2148,6300,0.013028171814643026
APO-PSO,19,2148,6400,0.013028171814643026
APO-PSO,19,2148,6500,0.013028171814643026
APO-PSO,19,2148,6600,0.013028171814643026
APO-PSO,19,2148,6700,0.013028171814643026
APO-PSO,19,2148,6800,0.012892268299758772
APO-PSO,19,2148,6900,0.012892268299758772
APO-PSO,19,2148,7000,0.012892268299758772
APO-PSO,19,2148,7100,0.012892268299758772
APO-PSO,19,2148,7200,0.012892268299758772
APO-PSO,19,2148,7300,0.012892268299758772
APO-PSO,19,2148,7400,0.012846508899619408
APO-PSO,19,2148,7500,0.012846508899619408
APO-PSO,19,2148,7600,0.012794725994101565
APO-PSO,19,2148,7700,0.012794725994101565
APO-PSO,19,2148,7800,0.012794725994101565
APO-PSO,19,2148,7900,0.012794725994101565
APO-PSO,19,2148,8000,0.012794725994101565
APO-PSO,19,2148,8100,0.012773870137983956
APO-PSO,19,2148,8200,0.012773870137983956
APO-PSO,19,2148,8300,0.012773870137983956
APO-PSO,19,2148,8400,0.012773870137983956
APO-PSO,19,2148,8500,0.012769557028671915
APO-PSO,19,2148,8600,0.012769557028671915
APO-PSO,19,2148,8700,0.012769557028671915
APO-PSO,19,2148,8800,0.012769557028671915
APO-PSO,19,2148,8900,0.012769557028671915
APO-PSO,19,2148,9000,0.012769557028671915
APO-PSO,19,2148,9100,0.012769557028671915
APO-PSO,19,2148,9200,0.012769557028671915
APO-PSO,19,2148,9300,0.01276934600038903
APO-PSO,19,2148,9400,0.01276934600038903
APO-PSO,19,2148,9500,0.01275792120501662
APO-PSO,19,2148,9600,0.01275792120501662
APO-PSO,19,2148,9700,0.01275792120501662
APO-PSO,19,2148,9800,0.01275792120501662
APO-PSO,19,2148,9900,0.01275792120501662
APO-PSO,19,2148,10000,0.01275792120501662
APO-wr-DE,19,2148,100,0.02802581149836975
APO-wr-DE,19,2148,200,0.02802581149836975
APO-wr-DE,19,2148,300,0.02802581149836975
APO-wr-DE,19,2148,400,0.02802581149836975
APO-wr-DE,19,2148,500,0.01332825159611439
APO-wr-DE,19,2148,600,0.01332825159611439
APO-wr-DE,19,2148,700,0.01332825159611439
APO-wr-DE,19,2148,800,0.013325392318252196
APO-wr-DE,19,2148,900,0.013325392318252196
APO-wr-DE,19,2148,1000,0.013325392318252196
APO-wr-DE,19,2148,1100,0.013325392318252196
APO-wr-DE,19,2148,1200,0.013325392318252196
APO-wr-DE,19,2148,1300,0.013325392318252196
APO-wr-DE,19,2148,1400,0.013325392318252196
APO-wr-DE,19,2148,1500,0.013325392318252196
APO-wr-DE,19,2148,1600,0.013325392318252196
APO-wr-DE,19,2148,1700,0.013325392318252196
APO-wr-DE,19,2148,1800,0.013325392318252196
APO-wr-DE,19,2148,1900,0.013325392318252196
APO-wr-DE,19,2148,2000,0.013325392318252196
APO-wr-DE,19,2148,2100,0.013325392318252196
APO-wr-DE,19,2148,2200,0.013325392318252196
APO-wr-DE,19,2148,2300,0.013325392318252196
APO-wr-DE,19,2148,2400,0.013325392318252196
APO-wr-DE,19,2148,2500,0.013325392318252196
APO-wr-DE,19,2148,2600,0.013325392318252196
APO-wr-DE,19,2148,2700,0.013325392318252196
APO-wr-DE,19,2148,2800,0.013325392318252196
APO-wr-DE,19,2148,2900,0.013325392318252196
APO-wr-DE,19,2148,3000,0.013325392318252196
APO-wr-DE,19,2148,3100,0.013325392318252196
APO-wr-DE,19,2148,3200,0.013325392318252196
APO-wr-DE,19,2148,3300,0.013325392318252196
APO-wr-DE,19,2148,3400,0.013325392318252196
APO-wr-DE,19,2148,3500,0.013325392318252196
APO-wr-DE,19,2148,3600,0.013325392318252196
APO-wr-DE,19,2148,3700,0.013325392318252196
APO-wr-DE,19,2148,3800,0.013325392318252196
APO-wr-DE,19,2148,3900,0.013325392318252196
APO-wr-DE,19,2148,4000,0.013325392318252196
APO-wr-DE,19,2148,4100,0.013271907090556763
APO-wr-DE,19,2148,4200,0.013271907090556763
APO-wr-DE,19,2148,4300,0.013271907090556763
APO-wr-DE,19,2148,4400,0.01321846513634577
APO-wr-DE,19,2148,4500,0.01321846513634577
APO-wr-DE,19,2148,4600,0.01321846513634577
APO-wr-DE,19,2148,4700,0.01321846513634577
APO-wr-DE,19,2148,4800,0.01321846513634577
APO-wr-DE,19,2148,4900,0.013160898200007503
APO-wr-DE,19,2148,5000,0.013111485277777475
APO-wr-DE,19,2148,5100,0.013094732315104246
APO-wr-DE,19,2148,5200,0.013031800397078606
APO-wr-DE,19,2148,5300,0.013031800397078606
APO-wr-DE,19,2148,5400,0.013031800397078606
APO-wr-DE,19,2148,5500,0.01300995695764749
APO-wr-DE,19,2148,5600,0.01300995695764749
APO-wr-DE,19,2148,5700,0.01300995695764749
APO-wr-DE,19,2148,5800,0.012879395594606739
APO-wr-DE,19,2148,5900,0.012879395594606739
APO-wr-DE,19,2148,6000,0.012879395594606739
APO-wr-DE,19,2148,6100,0.012879395594606739
APO-wr-DE,19,2148,6200,0.012879395594606739
APO-wr-DE,19,2148,6300,0.012879395594606739
APO-wr-DE,19,2148,6400,0.012879395594606739
APO-wr-DE,19,2148,6500,0.012879395594606739
APO-wr-DE,19,2148,6600,0.012879395594606739
APO-wr-DE,19,2148,6700,0.012755838307631667
APO-wr-DE,19,2148,6800,0.012755838307631667
APO-wr-DE,19,2148,6900,0.012755838307631667
APO-wr-DE,19,2148,7000,0.012755838307631667
APO-wr-DE,19,2148,7100,0.012755838307631667
APO-wr-DE,19,2148,7200,0.012755838307631667
APO-wr-DE,19,2148,7300,0.012755838307631667
APO-wr-DE,19,2148,7400,0.012755838307631667
APO-wr-DE,19,2148,7500,0.012755838307631667
APO-wr-DE,19,2148,7600,0.012755838307631667
APO-wr-DE,19,2148,7700,0.012755838307631667
APO-wr-DE,19,2148,7800,0.012744237256148216
APO-wr-DE,19,2148,7900,0.012744237256148216
APO-wr-DE,19,2148,8000,0.012744237256148216
APO-wr-DE,19,2148,8100,0.012736218906281564
APO-wr-DE,19,2148,8200,0.012736218906281564
APO-wr-DE,19,2148,8300,0.012736218906281564
APO-wr-DE,19,2148,8400,0.012736218906281564
APO-wr-DE,19,2148,8500,0.012736218906281564
APO-wr-DE,19,2148,8600,0.012736218906281564
APO-wr-DE,19,2148,8700,0.012736218906281564
APO-wr-DE,19,2148,8800,0.012736218906281564
APO-wr-DE,19,2148,8900,0.012728278146366834
APO-wr-DE,19,2148,9000,0.012728278146366834
APO-wr-DE,19,2148,9100,0.012728278146366834
APO-wr-DE,19,2148,9200,0.012728278146366834
APO-wr-DE,19,2148,9300,0.012728278146366834
APO-wr-DE,19,2148,9400,0.012728278146366834
APO-wr-DE,19,2148,9500,0.012726561946506372
APO-wr-DE,19,2148,9600,0.012691120421563168
APO-wr-DE,19,2148,9700,0.012691120421563168
APO-wr-DE,19,2148,9800,0.012691120421563168
APO-wr-DE,19,2148,9900,0.012691067804085191
APO-wr-DE,19,2148,10000,0.012691067804085191
APO-wr-LS,19,2148,100,0.02802581149836975
APO-wr-LS,19,2148,200,0.02802581149836975
APO-wr-LS,19,2148,300,0.02802581149836975
APO-wr-LS,19,2148,400,0.013240061353371675
APO-wr-LS,19,2148,500,0.013240061353371675
APO-wr-LS,19,2148,600,0.013240061353371675
APO-wr-LS,19,2148,700,0.013240061353371675
APO-wr-LS,19,2148,800,0.013240061353371675
APO-wr-LS,19,2148,900,0.013240061353371675
APO-wr-LS,19,2148,1000,0.013240061353371675
APO-wr-LS,19,2148,1100,0.013240061353371675
APO-wr-LS,19,2148,1200,0.013219222965384693
APO-wr-LS,19,2148,1300,0.013219222965384693
APO-wr-LS,19,2148,1400,0.013219222965384693
APO-wr-LS,19,2148,1500,0.013219222965384693
APO-wr-LS,19,2148,1600,0.013219222965384693
APO-wr-LS,19,2148,1700,0.013219222965384693
APO-wr-LS,19,2148,1800,0.013219222965384693
APO-wr-LS,19,2148,1900,0.013219222965384693
APO-wr-LS,19,2148,2000,0.013219222965384693
APO-wr-LS,19,2148,2100,0.013219222965384693
APO-wr-LS,19,2148,2200,0.013219222965384693
APO-wr-LS,19,2148,2300,0.013219222965384693
APO-wr-LS,19,2148,2400,0.013219222965384693
APO-wr-LS,19,2148,2500,0.013219222965384693
APO-wr-LS,19,2148,2600,0.013219222965384693
APO-wr-LS,19,2148,2700,0.013219222965384693
APO-wr-LS,19,2148,2800,0.013219222965384693
APO-wr-LS,19,2148,2900,0.013219222965384693
APO-wr-LS,19,2148,3000,0.013219222965384693
APO-wr-LS,19,2148,3100,0.013219222965384693
APO-wr-LS,19,2148,3200,0.012902264711752737
APO-wr-LS,19,2148,3300,0.012902264711752737
APO-wr-LS,19,2148,3400,0.012902264711752737
APO-wr-LS,19,2148,3500,0.012902264711752737
APO-wr-LS,19,2148,3600,0.012902264711752737
APO-wr-LS,19,2148,3700,0.012902264711752737
APO-wr-LS,19,2148,3800,0.012902264711752737
APO-wr-LS,19,2148,3900,0.012902264711752737
APO-wr-LS,19,2148,4000,0.012902264711752737
APO-wr-LS,19,2148,4100,0.012902264711752737
APO-wr-LS,19,2148,4200,0.012902264711752737
APO-wr-LS,19,2148,4300,0.012902264711752737
APO-wr-LS,19,2148,4400,0.012902264711752737
APO-wr-LS,19,2148,4500,0.012902264711752737
APO-wr-LS,19,2148,4600,0.012902264711752737
APO-wr-LS,19,2148,4700,0.012902264711752737
APO-wr-LS,19,2148,4800,0.012902264711752737
APO-wr-LS,19,2148,4900,0.012902264711752737
APO-wr-LS,19,2148,5000,0.012902264711752737
APO-wr-LS,19,2148,5100,0.012902264711752737
APO-wr-LS,19,2148,5200,0.012902264711752737
APO-wr-LS,19,2148,5300,0.012902264711752737
APO-wr-LS,19,2148,5400,0.012902264711752737
APO-wr-LS,19,2148,5500,0.012902264711752737
APO-wr-LS,19,2148,5600,0.012902264711752737
APO-wr-LS,19,2148,5700,0.012902264711752737
APO-wr-LS,19,2148,5800,0.012902264711752737
APO-wr-LS,19,2148,5900,0.012902264711752737
APO-wr-LS,19,2148,6000,0.012902264711752737
APO-wr-LS,19,2148,6100,0.012902264711752737
APO-wr-LS,19,2148,6200,0.012902264711752737
APO-wr-LS,19,2148,6300,0.012902264711752737
APO-wr-LS,19,2148,6400,0.012902264711752737
APO-wr-LS,19,2148,6500,0.012879612675225817
APO-wr-LS,19,2148,6600,0.012879612675225817
APO-wr-LS,19,2148,6700,0.012879612675225817
APO-wr-LS,19,2148,6800,0.012879612675225817
APO-wr-LS,19,2148,6900,0.012879612675225817
APO-wr-LS,19,2148,7000,0.012879612675225817
APO-wr-LS,19,2148,7100,0.012870846883890858
APO-wr-LS,19,2148,7200,0.012870846883890858
APO-wr-LS,19,2148,7300,0.012870846883890858
APO-wr-LS,19,2148,7400,0.012847632679002973
APO-wr-LS,19,2148,7500,0.012847632679002973
APO-wr-LS,19,2148,7600,0.012847632679002973
APO-wr-LS,19,2148,7700,0.012847632679002973
APO-wr-LS,19,2148,7800,0.012779104149807981
APO-wr-LS,19,2148,7900,0.012779104149807981
APO-wr-LS,19,2148,8000,0.012779104149807981
APO-wr-LS,19,2148,8100,0.012779104149807981
APO-wr-LS,19,2148,8200,0.012779104149807981
APO-wr-LS,19,2148,8300,0.012742792909822932
APO-wr-LS,19,2148,8400,0.0127299589648457
APO-wr-LS,19,2148,8500,0.0127299589648457
APO-wr-LS,19,2148,8600,0.0127299589648457
APO-wr-LS,19,2148,8700,0.0127299589648457
APO-wr-LS,19,2148,8800,0.0127299589648457
APO-wr-LS,19,2148,8900,0.0127299589648457
APO-wr-LS,19,2148,9000,0.0127299589648457
APO-wr-LS,19,2148,9100,0.0127299589648457
APO-wr-LS,19,2148,9200,0.012726152177100861
APO-wr-LS,19,2148,9300,0.012726152177100861
APO-wr-LS,19,2148,9400,0.012726152177100861
APO-wr-LS,19,2148,9500,0.012724162497526767
APO-wr-LS,19,2148,9600,0.012724162497526767
APO-wr-LS,19,2148,9700,0.012724162497526767
APO-wr-LS,19,2148,9800,0.01272342492883588
APO-wr-LS,19,2148,9900,0.012723147091467147
APO-wr-LS,19,2148,10000,0.012723147091467147
APO-wr-PSO,19,2148,100,0.02802581149836975
APO-wr-PSO,19,2148,200,0.02802581149836975
APO-wr-PSO,19,2148,300,0.02802581149836975
APO-wr-PSO,19,2148,400,0.02469919544300309
APO-wr-PSO,19,2148,500,0.02469919544300309
APO-wr-PSO,19,2148,600,0.02469919544300309
APO-wr-PSO,19,2148,700,0.022121745606437055
APO-wr-PSO,19,2148,800,0.02161923897734999
APO-wr-PSO,19,2148,900,0.015288060936413493
APO-wr-PSO,19,2148,1000,0.015288060936413493
APO-wr-PSO,19,2148,1100,0.015288060936413493
APO-wr-PSO,19,2148,1200,0.015288060936413493
APO-wr-PSO,19,2148,1300,0.015288060936413493
APO-wr-PSO,19,2148,1400,0.015288060936413493
APO-wr-PSO,19,2148,1500,0.015288060936413493
APO-wr-PSO,19,2148,1600,0.015288060936413493
APO-wr-PSO,19,2148,1700,0.015288060936413493
APO-wr-PSO,19,2148,1800,0.014916816449815589
APO-wr-PSO,19,2148,1900,0.014916816449815589
APO-wr-PSO,19,2148,2000,0.014916816449815589
APO-wr-PSO,19,2148,2100,0.014916816449815589
APO-wr-PSO,19,2148,2200,0.014916816449815589
APO-wr-PSO,19,2148,2300,0.014916816449815589
APO-wr-PSO,19,2148,2400,0.014568729973209793
APO-wr-PSO,19,2148,2500,0.014568729973209793
APO-wr-PSO,19,2148,2600,0.014568729973209793
APO-wr-PSO,19,2148,2700,0.014568729973209793
APO-wr-PSO,19,2148,2800,0.014420233188896583
APO-wr-PSO,19,2148,2900,0.014420233188896583
APO-wr-PSO,19,2148,3000,0.014420233188896583
APO-wr-PSO,19,2148,3100,0.014420233188896583
APO-wr-PSO,19,2148,3200,0.014354064413030368
APO-wr-PSO,19,2148,3300,0.01398201789449416
APO-wr-PSO,19,2148,3400,0.01398201789449416
APO-wr-PSO,19,2148,3500,0.012928052489002691
APO-wr-PSO,19,2148,3600,0.012928052489002691
APO-wr-PSO,19,2148,3700,0.012928052489002691
APO-wr-PSO,19,2148,3800,0.012926199267032338
APO-wr-PSO,19,2148,3900,0.012926199267032338
APO-wr-PSO,19,2148,4000,0.012926199267032338
APO-wr-PSO,19,2148,4100,0.012926199267032338
APO-wr-PSO,19,2148,4200,0.012926199267032338
APO-wr-PSO,19,2148,4300,0.012926199267032338
APO-wr-PSO,19,2148,4400,0.012926199267032338
APO-wr-PSO,19,2148,4500,0.012926199267032338
APO-wr-PSO,19,2148,4600,0.012926199267032338
APO-wr-PSO,19,2148,4700,0.012926199267032338
APO-wr-PSO,19,2148,4800,0.012926199267032338
APO-wr-PSO,19,2148,4900,0.012926199267032338
APO-wr-PSO,19,2148,5000,0.012926199267032338
APO-wr-PSO,19,2148,5100,0.012926199267032338
APO-wr-PSO,19,2148,5200,0.012926199267032338
APO-wr-PSO,19,2148,5300,0.012926199267032338
APO-wr-PSO,19,2148,5400,0.012926199267032338
APO-wr-PSO,19,2148,5500,0.012926199267032338
APO-wr-PSO,19,2148,5600,0.012926199267032338
APO-wr-PSO,19,2148,5700,0.012926199267032338
APO-wr-PSO,19,2148,5800,0.012926199267032338
APO-wr-PSO,19,2148,5900,0.012926199267032338
APO-wr-PSO,19,2148,6000,0.012926199267032338
APO-wr-PSO,19,2148,6100,0.012926199267032338
APO-wr-PSO,19,2148,6200,0.012926199267032338
APO-wr-PSO,19,2148,6300,0.012926199267032338
APO-wr-PSO,19,2148,6400,0.012926199267032338
APO-wr-PSO,19,2148,6500,0.012926199267032338
APO-wr-PSO,19,2148,6600,0.01292381112450791
APO-wr-PSO,19,2148,6700,0.01292381112450791
APO-wr-PSO,19,2148,6800,0.01292381112450791
APO-wr-PSO,19,2148,6900,0.01292381112450791
APO-wr-PSO,19,2148,7000,0.01292381112450791
APO-wr-PSO,19,2148,7100,0.01292381112450791
APO-wr-PSO,19,2148,7200,0.012893998769662938
APO-wr-PSO,19,2148,7300,0.012893998769662938
APO-wr-PSO,19,2148,7400,0.012810355142923623
APO-wr-PSO,19,2148,7500,0.012810355142923623
APO-wr-PSO,19,2148,7600,0.012810355142923623
APO-wr-PSO,19,2148,7700,0.012810355142923623
APO-wr-PSO,19,2148,7800,0.012766077988996944
APO-wr-PSO,19,2148,7900,0.012766077988996944
APO-wr-PSO,19,2148,8000,0.012766077988996944
APO-wr-PSO,19,2148,8100,0.012766077988996944
APO-wr-PSO,19,2148,8200,0.012766077988996944
APO-wr-PSO,19,2148,8300,0.012766077988996944
APO-wr-PSO,19,2148,8400,0.012766077988996944
APO-wr-PSO,19,2148,8500,0.012766077988996944
APO-wr-PSO,19,2148,8600,0.012766077988996944
APO-wr-PSO,19,2148,8700,0.012766077988996944
APO-wr-PSO,19,2148,8800,0.012766077988996944
APO-wr-PSO,19,2148,8900,0.012766077988996944
APO-wr-PSO,19,2148,9000,0.012766077988996944
APO-wr-PSO,19,2148,9100,0.012766077988996944
APO-wr-PSO,19,2148,9200,0.012766077988996944
APO-wr-PSO,19,2148,9300,0.012763675354660105
APO-wr-PSO,19,2148,9400,0.012763675354660105
APO-wr-PSO,19,2148,9500,0.012763348759656516
APO-wr-PSO,19,2148,9600,0.012762727389785867
APO-wr-PSO,19,2148,9700,0.012762727389785867
APO-wr-PSO,19,2148,9800,0.012762727389785867
APO-wr-PSO,19,2148,9900,0.012762449860088732
APO-wr-PSO,19,2148,10000,0.012762437040537205
APO,20,2155,100,384871.21869482123
APO,20,2155,200,115806.49706831238
APO,20,2155,300,9906.650700472228
APO,20,2155,400,0.16025241650336985
APO,20,2155,500,0.01347478136786823
APO,20,2155,600,0.013445228016958315
APO,20,2155,700,0.013302558920570827
APO,20,2155,800,0.013302558920570827
APO,20,2155,900,0.013302558920570827
APO,20,2155,1000,0.013302558920570827
APO,20,2155,1100,0.013302558920570827
APO,20,2155,1200,0.013302558920570827
APO,20,2155,1300,0.013302558920570827
APO,20,2155,1400,0.013302558920570827
APO,20,2155,1500,0.013302558920570827
APO,20,2155,1600,0.013302558920570827
APO,20,2155,1700,0.013302558920570827
APO,20,2155,1800,0.013302558920570827
APO,20,2155,1900,0.013302558920570827
APO,20,2155,2000,0.013302558920570827
APO,20,2155,2100,0.013183945503382009
APO,20,2155,2200,0.013183945503382009
APO,20,2155,2300,0.013183945503382009
APO,20,2155,2400,0.013183945503382009
APO,20,2155,2500,0.013047654677654355
APO,20,2155,2600,0.013047654677654355
APO,20,2155,2700,0.013047654677654355
APO,20,2155,2800,0.013047654677654355
APO,20,2155,2900,0.013047654677654355
APO,20,2155,3000,0.013047654677654355
APO,20,2155,3100,0.013047654677654355
APO,20,2155,3200,0.013047654677654355
APO,20,2155,3300,0.013047654677654355
APO,20,2155,3400,0.013047654677654355
APO,20,2155,3500,0.013047654677654355
APO,20,2155,3600,0.013047654677654355
APO,20,2155,3700,0.013047654677654355
APO,20,2155,3800,0.013047654677654355
APO,20,2155,3900,0.013020637495891225
APO,20,2155,4000,0.013020637495891225
APO,20,2155,4100,0.013020637495891225
APO,20,2155,4200,0.013020637495891225
APO,20,2155,4300,0.013020637495891225
APO,20,2155,4400,0.013020637495891225
APO,20,2155,4500,0.013020637495891225
APO,20,2155,4600,0.013020637495891225
APO,20,2155,4700,0.013020637495891225
APO,20,2155,4800,0.013020637495891225
APO,20,2155,4900,0.013020637495891225
APO,20,2155,5000,0.013020637495891225
APO,20,2155,5100,0.013020637495891225
APO,20,2155,5200,0.013020637495891225
APO,20,2155,5300,0.013020637495891225
APO,20,2155,5400,0.013020637495891225
APO,20,2155,5500,0.013020637495891225
APO,20,2155,5600,0.013020637495891225
APO,20,2155,5700,0.013020637495891225
APO,20,2155,5800,0.013020637495891225
APO,20,2155,5900,0.013020637495891225
APO,20,2155,6000,0.013020637495891225
APO,20,2155,6100,0.012911586566398016
APO,20,2155,6200,0.012911586566398016
APO,20,2155,6300,0.012911586566398016
APO,20,2155,6400,0.012911586566398016
APO,20,2155,6500,0.012911586566398016
APO,20,2155,6600,0.012911586566398016
APO,20,2155,6700,0.012911586566398016
APO,20,2155,6800,0.012911586566398016
APO,20,2155,6900,0.012911586566398016
APO,20,2155,7000,0.012911586566398016
APO,20,2155,7100,0.012911586566398016
APO,20,2155,7200,0.012911586566398016
APO,20,2155,7300,0.012911586566398016
APO,20,2155,7400,0.012911586566398016
APO,20,2155,7500,0.012911586566398016
APO,20,2155,7600,0.012911586566398016
APO,20,2155,7700,0.012900189814916406
APO,20,2155,7800,0.012900189814916406
APO,20,2155,7900,0.012789687232581693
APO,20,2155,8000,0.012789687232581693
APO,20,2155,8100,0.012789687232581693
APO,20,2155,8200,0.012789687232581693
APO,20,2155,8300,0.012789687232581693
APO,20,2155,8400,0.012789687232581693
APO,20,2155,8500,0.012789687232581693
APO,20,2155,8600,0.012789687232581693
APO,20,2155,8700,0.012789687232581693
APO,20,2155,8800,0.012781878694903534
APO,20,2155,8900,0.012781878694903534
APO,20,2155,9000,0.012774742290919284
APO,20,2155,9100,0.012774742290919284
APO,20,2155,9200,0.012774742290919284
APO,20,2155,9300,0.012774742290919284
APO,20,2155,9400,0.012774742290919284
APO,20,2155,9500,0.012774742290919284
APO,20,2155,9600,0.012774742290919284
APO,20,2155,9700,0.012774742290919284
APO,20,2155,9800,0.012774742290919284
APO,20,2155,9900,0.01277431397980246
APO,20,2155,10000,0.012774187467191268
APO-wr,20,2155,100,384871.21869482123
APO-wr,20,2155,200,228108.21096857192
APO-wr,20,2155,300,0.07472544927365594
APO-wr,20,2155,400,0.07472544927365594
APO-wr,20,2155,500,0.04268542610517177
APO-wr,20,2155,600,0.019877784503163503
APO-wr,20,2155,700,0.01978203161039843
APO-wr,20,2155,800,0.01332527116401023
APO-wr,20,2155,900,0.01332527116401023
APO-wr,20,2155,1000,0.01332527116401023
APO-wr,20,2155,1100,0.01331097250399692
APO-wr,20,2155,1200,0.01331097250399692
APO-wr,20,2155,1300,0.01331097250399692
APO-wr,20,2155,1400,0.01331097250399692
APO-wr,20,2155,1500,0.01331097250399692
APO-wr,20,2155,1600,0.01331097250399692
APO-wr,20,2155,1700,0.01331097250399692
APO-wr,20,2155,1800,0.01331097250399692
APO-wr,20,2155,1900,0.01331097250399692
APO-wr,20,2155,2000,0.01331097250399692
APO-wr,20,2155,2100,0.013234224165571129
APO-wr,20,2155,2200,0.013234224165571129
APO-wr,20,2155,2300,0.013234224165571129
APO-wr,20,2155,2400,0.013234224165571129
APO-wr,20,2155,2500,0.013075308003032766
APO-wr,20,2155,2600,0.013025846826730055
APO-wr,20,2155,2700,0.013025846826730055
APO-wr,20,2155,2800,0.013025846826730055
APO-wr,20,2155,2900,0.013025846826730055
APO-wr,20,2155,3000,0.013025846826730055
APO-wr,20,2155,3100,0.012913590957352769
APO-wr,20,2155,3200,0.012913590957352769
APO-wr,20,2155,3300,0.012913590957352769
APO-wr,20,2155,3400,0.012913590957352769
APO-wr,20,2155,3500,0.012913590957352769
APO-wr,20,2155,3600,0.012913590957352769
APO-wr,20,2155,3700,0.012913590957352769
APO-wr,20,2155,3800,0.012913590957352769
APO-wr,20,2155,3900,0.012913590957352769
APO-wr,20,2155,4000,0.012913590957352769
APO-wr,20,2155,4100,0.012913590957352769
APO-wr,20,2155,4200,0.012913590957352769
APO-wr,20,2155,4300,0.012913590957352769
APO-wr,20,2155,4400,0.012913590957352769
APO-wr,20,2155,4500,0.012913590957352769
APO-wr,20,2155,4600,0.012913590957352769
APO-wr,20,2155,4700,0.012913590957352769
APO-wr,20,2155,4800,0.012913590957352769
APO-wr,20,2155,4900,0.012913590957352769
APO-wr,20,2155,5000,0.012913590957352769
APO-wr,20,2155,5100,0.012913590957352769
APO-wr,20,2155,5200,0.012913590957352769
APO-wr,20,2155,5300,0.012913590957352769
APO-wr,20,2155,5400,0.012913590957352769
APO-wr,20,2155,5500,0.012913590957352769
APO-wr,20,2155,5600,0.012913590957352769
APO-wr,20,2155,5700,0.012913590957352769
APO-wr,20,2155,5800,0.012913590957352769
APO-wr,20,2155,5900,0.012913590957352769
APO-wr,20,2155,6000,0.012913590957352769
APO-wr,20,2155,6100,0.012913590957352769
APO-wr,20,2155,6200,0.012913590957352769
APO-wr,20,2155,6300,0.012913590957352769
APO-wr,20,2155,6400,0.012913590957352769
APO-wr,20,2155,6500,0.012913590957352769
APO-wr,20,2155,6600,0.012913590957352769
APO-wr,20,2155,6700,0.012913590957352769
APO-wr,20,2155,6800,0.012913590957352769
APO-wr,20,2155,6900,0.012911505513199063
APO-wr,20,2155,7000,0.012911505513199063
APO-wr,20,2155,7100,0.012911505513199063
APO-wr,20,2155,7200,0.012884684411662597
APO-wr,20,2155,7300,0.012884684411662597
APO-wr,20,2155,7400,0.012884684411662597
APO-wr,20,2155,7500,0.01279319346625794
APO-wr,20,2155,7600,0.01279319346625794
APO-wr,20,2155,7700,0.012774495824723297
APO-wr,20,2155,7800,0.012774495824723297
APO-wr,20,2155,7900,0.012774495824723297
APO-wr,20,2155,8000,0.012758768939975055
APO-wr,20,2155,8100,0.012758768939975055
APO-wr,20,2155,8200,0.012758768939975055
APO-wr,20,2155,8300,0.012758768939975055
APO-wr,20,2155,8400,0.012758768939975055
APO-wr,20,2155,8500,0.012758768939975055
APO-wr,20,2155,8600,0.012758768939975055
APO-wr,20,2155,8700,0.012709962408666703
APO-wr,20,2155,8800,0.012709962408666703
APO-wr,20,2155,8900,0.012709962408666703
APO-wr,20,2155,9000,0.012709962408666703
APO-wr,20,2155,9100,0.012709962408666703
APO-wr,20,2155,9200,0.012709962408666703
APO-wr,20,2155,9300,0.012709962408666703
APO-wr,20,2155,9400,0.012709962408666703
APO-wr,20,2155,9500,0.012709131752897819
APO-wr,20,2155,9600,0.012708916134921294
APO-wr,20,2155,9700,0.012708880936423667
APO-wr,20,2155,9800,0.012708044724978131
APO-wr,20,2155,9900,0.01270798064291141
APO-wr,20,2155,10000,0.012707934481031299
APO-DE,20,2155,100,384871.21869482123
APO-DE,20,2155,200,115806.49706831238
APO-DE,20,2155,300,0.09012529372653538
APO-DE,20,2155,400,0.053007375188017354
APO-DE,20,2155,500,0.02323631340404214
APO-DE,20,2155,600,0.013364751033529684
APO-DE,20,2155,700,0.013364751033529684
APO-DE,20,2155,800,0.013364751033529684
APO-DE,20,2155,900,0.013231219712991444
APO-DE,20,2155,1000,0.013231219712991444
APO-DE,20,2155,1100,0.013231219712991444
APO-DE,20,2155,1200,0.013231219712991444
APO-DE,20,2155,1300,0.013231219712991444
APO-DE,20,2155,1400,0.013231219712991444
APO-DE,20,2155,1500,0.013231219712991444
APO-DE,20,2155,1600,0.013231219712991444
APO-DE,20,2155,1700,0.013231219712991444
APO-DE,20,2155,1800,0.013231219712991444
APO-DE,20,2155,1900,0.013231219712991444
APO-DE,20,2155,2000,0.013231219712991444
APO-DE,20,2155,2100,0.013231219712991444
APO-DE,20,2155,2200,0.013231219712991444
APO-DE,20,2155,2300,0.013231219712991444
APO-DE,20,2155,2400,0.013231219712991444
APO-DE,20,2155,2500,0.013231219712991444
APO-DE,20,2155,2600,0.013231219712991444
APO-DE,20,2155,2700,0.013179363206646609
APO-DE,20,2155,2800,0.013179363206646609
APO-DE,20,2155,2900,0.013179363206646609
APO-DE,20,2155,3000,0.01315808898494957
APO-DE,20,2155,3100,0.01315808898494957
APO-DE,20,2155,3200,0.01315808898494957
APO-DE,20,2155,3300,0.01315808898494957
APO-DE,20,2155,3400,0.01315808898494957
APO-DE,20,2155,3500,0.01315808898494957
APO-DE,20,2155,3600,0.01315808898494957
APO-DE,20,2155,3700,0.01315808898494957
APO-DE,20,2155,3800,0.013038726069568593
APO-DE,20,2155,3900,0.013038726069568593
APO-DE,20,2155,4000,0.013038726069568593
APO-DE,20,2155,4100,0.013038726069568593
APO-DE,20,2155,4200,0.013038726069568593
APO-DE,20,2155,4300,0.013038726069568593
APO-DE,20,2155,4400,0.013038726069568593
APO-DE,20,2155,4500,0.013038726069568593
APO-DE,20,2155,4600,0.013038726069568593
APO-DE,20,2155,4700,0.013038726069568593
APO-DE,20,2155,4800,0.013038726069568593
APO-DE,20,2155,4900,0.013038726069568593
APO-DE,20,2155,5000,0.013038726069568593
APO-DE,20,2155,5100,0.013038726069568593
APO-DE,20,2155,5200,0.012984290605342768
APO-DE,20,2155,5300,0.01289977197281082
APO-DE,20,2155,5400,0.01289977197281082
APO-DE,20,2155,5500,0.01289977197281082
APO-DE,20,2155,5600,0.01289977197281082
APO-DE,20,2155,5700,0.01289977197281082
APO-DE,20,2155,5800,0.01289977197281082
APO-DE,20,2155,5900,0.01289977197281082
APO-DE,20,2155,6000,0.01289977197281082
APO-DE,20,2155,6100,0.01289977197281082
APO-DE,20,2155,6200,0.01289977197281082
APO-DE,20,2155,6300,0.01289977197281082
APO-DE,20,2155,6400,0.01289977197281082
APO-DE,20,2155,6500,0.012875901643337505
APO-DE,20,2155,6600,0.012875901643337505
APO-DE,20,2155,6700,0.012875901643337505
APO-DE,20,2155,6800,0.012875901643337505
APO-DE,20,2155,6900,0.012875901643337505
APO-DE,20,2155,7000,0.012701895563150331
APO-DE,20,2155,7100,0.012701895563150331
APO-DE,20,2155,7200,0.012701895563150331
APO-DE,20,2155,7300,0.012701895563150331
APO-DE,20,2155,7400,0.012701895563150331
APO-DE,20,2155,7500,0.012701895563150331
APO-DE,20,2155,7600,0.012701895563150331
APO-DE,20,2155,7700,0.012701895563150331
APO-DE,20,2155,7800,0.012701895563150331
APO-DE,20,2155,7900,0.012701895563150331
APO-DE,20,2155,8000,0.012701895563150331
APO-DE,20,2155,8100,0.012701895563150331
APO-DE,20,2155,8200,0.012701895563150331
APO-DE,20,2155,8300,0.012679601406242058
APO-DE,20,2155,8400,0.012679601406242058
APO-DE,20,2155,8500,0.012679601406242058
APO-DE,20,2155,8600,0.012679601406242058
APO-DE,20,2155,8700,0.012679601406242058
APO-DE,20,2155,8800,0.012679601406242058
APO-DE,20,2155,8900,0.012679601406242058
APO-DE,20,2155,9000,0.012679601406242058
APO-DE,20,2155,9100,0.012679601406242058
APO-DE,20,2155,9200,0.012679601406242058
APO-DE,20,2155,9300,0.012679601406242058
APO-DE,20,2155,9400,0.01267944929990715
APO-DE,20,2155,9500,0.01267944929990715
APO-DE,20,2155,9600,0.012679418407835947
APO-DE,20,2155,9700,0.012679418407835947
APO-DE,20,2155,9800,0.012679418407835947
APO-DE,20,2155,9900,0.012679418407835947
APO-DE,20,2155,10000,0.012679366810815496
APO-LS,20,2155,100,384871.21869482123
APO-LS,20,2155,200,115806.49706831238
APO-LS,20,2155,300,10296.758155123709
APO-LS,20,2155,400,0.15158792383396402
APO-LS,20,2155,500,0.06573748309654788
APO-LS,20,2155,600,0.03295560509049047
APO-LS,20,2155,700,0.03295560509049047
APO-LS,20,2155,800,0.03295560509049047
APO-LS,20,2155,900,0.027821546527202774
APO-LS,20,2155,1000,0.01325380346
APO-LS,20,2155,1100,0.01325380346
APO-LS,20,2155,1200,0.01325380346
APO-LS,20,2155,1300,0.01325380346
APO-LS,20,2155,1400,0.01325380346
APO-LS,20,2155,1500,0.01325380346
APO-LS,20,2155,1600,0.01325380346
APO-LS,20,2155,1700,0.01325380346
APO-LS,20,2155,1800,0.01325380346
APO-LS,20,2155,1900,0.01325380346
APO-LS,20,2155,2000,0.01325380346
APO-LS,20,2155,2100,0.01325380346
APO-LS,20,2155,2200,0.01325380346
APO-LS,20,2155,2300,0.01325380346
APO-LS,20,2155,2400,0.01325380346
APO-LS,20,2155,2500,0.01325380346
APO-LS,20,2155,2600,0.01325380346
APO-LS,20,2155,2700,0.01325380346
APO-LS,20,2155,2800,0.01325380346
APO-LS,20,2155,2900,0.01325380346
APO-LS,20,2155,3000,0.01325380346
APO-LS,20,2155,3100,0.013213026101575555
APO-LS,20,2155,3200,0.013213026101575555
APO-LS,20,2155,3300,0.013156888543890357
APO-LS,20,2155,3400,0.013156888543890357
APO-LS,20,2155,3500,0.013156888543890357
APO-LS,20,2155,3600,0.013156888543890357
APO-LS,20,2155,3700,0.013117336080097509
APO-LS,20,2155,3800,0.013117336080097509
APO-LS,20,2155,3900,0.013117336080097509
APO-LS,20,2155,4000,0.013117336080097509
APO-LS,20,2155,4100,0.013117336080097509
APO-LS,20,2155,4200,0.013117336080097509
APO-LS,20,2155,4300,0.013117336080097509
APO-LS,20,2155,4400,0.013117336080097509
APO-LS,20,2155,4500,0.013117336080097509
APO-LS,20,2155,4600,0.013117336080097509
APO-LS,20,2155,4700,0.013117336080097509
APO-LS,20,2155,4800,0.013063192499364263
APO-LS,20,2155,4900,0.013063192499364263
APO-LS,20,2155,5000,0.012886717079638923
APO-LS,20,2155,5100,0.012886717079638923
APO-LS,20,2155,5200,0.012886717079638923
APO-LS,20,2155,5300,0.012886717079638923
APO-LS,20,2155,5400,0.012886717079638923
APO-LS,20,2155,5500,0.012886717079638923
APO-LS,20,2155,5600,0.012886717079638923
APO-LS,20,2155,5700,0.012886717079638923
APO-LS,20,2155,5800,0.012886717079638923
APO-LS,20,2155,5900,0.012886717079638923
APO-LS,20,2155,6000,0.012886717079638923
APO-LS,20,2155,6100,0.012886717079638923
APO-LS,20,2155,6200,0.012886717079638923
APO-LS,20,2155,6300,0.012886717079638923
APO-LS,20,2155,6400,0.012886717079638923
APO-LS,20,2155,6500,0.012886717079638923
APO-LS,20,2155,6600,0.012886717079638923
APO-LS,20,2155,6700,0.012783678327831354
APO-LS,20,2155,6800,0.012783678327831354
APO-LS,20,2155,6900,0.012783678327831354
APO-LS,20,2155,7000,0.012783678327831354
APO-LS,20,2155,7100,0.012783678327831354
APO-LS,20,2155,7200,0.012783678327831354
APO-LS,20,2155,7300,0.012783678327831354
APO-LS,20,2155,7400,0.012783678327831354
APO-LS,20,2155,7500,0.012783678327831354
APO-LS,20,2155,7600,0.012783678327831354
APO-LS,20,2155,7700,0.012783678327831354
APO-LS,20,2155,7800,0.012783678327831354
APO-LS,20,2155,7900,0.012783678327831354
APO-LS,20,2155,8000,0.012783678327831354
APO-LS,20,2155,8100,0.012783678327831354
APO-LS,20,2155,8200,0.012783678327831354
APO-LS,20,2155,8300,0.012783678327831354
APO-LS,20,2155,8400,0.012783678327831354
APO-LS,20,2155,8500,0.012783678327831354
APO-LS,20,2155,8600,0.012783678327831354
APO-LS,20,2155,8700,0.012775813261935769
APO-LS,20,2155,8800,0.012775813261935769
APO-LS,20,2155,8900,0.012775813261935769
APO-LS,20,2155,9000,0.012775813261935769
APO-LS,20,2155,9100,0.012775813261935769
APO-LS,20,2155,9200,0.012775813261935769
APO-LS,20,2155,9300,0.012775813261935769
APO-LS,20,2155,9400,0.012775813261935769
APO-LS,20,2155,9500,0.012775813261935769
APO-LS,20,2155,9600,0.012775813261935769
APO-LS,20,2155,9700,0.012770788769380679
APO-LS,20,2155,9800,0.012768877127416579
APO-LS,20,2155,9900,0.012768856232821703
APO-LS,20,2155,10000,0.012768515832886773
APO-PSO,20,2155,100,384871.21869482123
APO-PSO,20,2155,200,115806.49706831238
APO-PSO,20,2155,300,115806.49706831238
APO-PSO,20,2155,400,115806.49706831238
APO-PSO,20,2155,500,0.026772144540873566
APO-PSO,20,2155,600,0.01342662841712054
APO-PSO,20,2155,700,0.013261003145382548
APO-PSO,20,2155,800,0.013261003145382548
APO-PSO,20,2155,900,0.013212434738207452
APO-PSO,20,2155,1000,0.013212434738207452
APO-PSO,20,2155,1100,0.013212434738207452
APO-PSO,20,2155,1200,0.013040503622041694
APO-PSO,20,2155,1300,0.013040503622041694
APO-PSO,20,2155,1400,0.013040503622041694
APO-PSO,20,2155,1500,0.013040503622041694
APO-PSO,20,2155,1600,0.013040503622041694
APO-PSO,20,2155,1700,0.013040503622041694
APO-PSO,20,2155,1800,0.013040503622041694
APO-PSO,20,2155,1900,0.012911972536288214
APO-PSO,20,2155,2000,0.012911972536288214
APO-PSO,20,2155,2100,0.012911972536288214
APO-PSO,20,2155,2200,0.012911972536288214
APO-PSO,20,2155,2300,0.012911972536288214
APO-PSO,20,2155,2400,0.012911972536288214
APO-PSO,20,2155,2500,0.012911972536288214
APO-PSO,20,2155,2600,0.012911972536288214
APO-PSO,20,2155,2700,0.012911972536288214
APO-PSO,20,2155,2800,0.012911972536288214
APO-PSO,20,2155,2900,0.012911972536288214
APO-PSO,20,2155,3000,0.012911972536288214
APO-PSO,20,2155,3100,0.012911972536288214
APO-PSO,20,2155,3200,0.012911972536288214
APO-PSO,20,2155,3300,0.012911972536288214
APO-PSO,20,2155,3400,0.012911972536288214
APO-PSO,20,2155,3500,0.012911972536288214
APO-PSO,20,2155,3600,0.012911972536288214
APO-PSO,20,2155,3700,0.012911972536288214
APO-PSO,20,2155,3800,0.012911972536288214
APO-PSO,20,2155,3900,0.012911972536288214
APO-PSO,20,2155,4000,0.012911972536288214
APO-PSO,20,2155,4100,0.012911972536288214
APO-PSO,20,2155,4200,0.012911972536288214
APO-PSO,20,2155,4300,0.012911972536288214
APO-PSO,20,2155,4400,0.012911972536288214
APO-PSO,20,2155,4500,0.012911972536288214
APO-PSO,20,2155,4600,0.012911972536288214
APO-PSO,20,2155,4700,0.012911972536288214
APO-PSO,20,2155,4800,0.012911972536288214
APO-PSO,20,2155,4900,0.012911972536288214
APO-PSO,20,2155,5000,0.012911972536288214
APO-PSO,20,2155,5100,0.012911972536288214
APO-PSO,20,2155,5200,0.012911972536288214
APO-PSO,20,2155,5300,0.012911972536288214
APO-PSO,20,2155,5400,0.012911972536288214
APO-PSO,20,2155,5500,0.012911972536288214
APO-PSO,20,2155,5600,0.012911972536288214
APO-PSO,20,2155,5700,0.012911972536288214
APO-PSO,20,2155,5800,0.012911972536288214
APO-PSO,20,2155,5900,0.012911972536288214
APO-PSO,20,2155,6000,0.012911972536288214
APO-PSO,20,2155,6100,0.012864856998821526
APO-PSO,20,2155,6200,0.012864856998821526
APO-PSO,20,2155,6300,0.012864856998821526
APO-PSO,20,2155,6400,0.012864856998821526
APO-PSO,20,2155,6500,0.012864856998821526
APO-PSO,20,2155,6600,0.012864856998821526
APO-PSO,20,2155,6700,0.012864856998821526
APO-PSO,20,2155,6800,0.012864856998821526
APO-PSO,20,2155,6900,0.012864856998821526
APO-PSO,20,2155,7000,0.012864856998821526
APO-PSO,20,2155,7100,0.012864856998821526
APO-PSO,20,2155,7200,0.012864856998821526
APO-PSO,20,2155,7300,0.012864856998821526
APO-PSO,20,2155,7400,0.012864856998821526
APO-PSO,20,2155,7500,0.012786157332985356
APO-PSO,20,2155,7600,0.012786157332985356
APO-PSO,20,2155,7700,0.012786157332985356
APO-PSO,20,2155,7800,0.012786157332985356
APO-PSO,20,2155,7900,0.012786157332985356
APO-PSO,20,2155,8000,0.012786157332985356
APO-PSO,20,2155,8100,0.012690591288452652
APO-PSO,20,2155,8200,0.01268701037094035
APO-PSO,20,2155,8300,0.01268701037094035
APO-PSO,20,2155,8400,0.01268701037094035
APO-PSO,20,2155,8500,0.01268701037094035
APO-PSO,20,2155,8600,0.01268701037094035
APO-PSO,20,2155,8700,0.01268701037094035
APO-PSO,20,2155,8800,0.01268701037094035
APO-PSO,20,2155,8900,0.01268701037094035
APO-PSO,20,2155,9000,0.01268701037094035
APO-PSO,20,2155,9100,0.01268701037094035
APO-PSO,20,2155,9200,0.01268701037094035
APO-PSO,20,2155,9300,0.012685996281832037
APO-PSO,20,2155,9400,0.012685996281832037
APO-PSO,20,2155,9500,0.012685996281832037
APO-PSO,20,2155,9600,0.012685996281832037
APO-PSO,20,2155,9700,0.012685996281832037
APO-PSO,20,2155,9800,0.012685996281832037
APO-PSO,20,2155,9900,0.012685743995462089
APO-PSO,20,2155,10000,0.012685646379222329
APO-wr-DE,20,2155,100,384871.21869482123
APO-wr-DE,20,2155,200,162152.9103072679
APO-wr-DE,20,2155,300,103.39361999189366
APO-wr-DE,20,2155,400,0.05947027490506919
APO-wr-DE,20,2155,500,0.03029132897478106
APO-wr-DE,20,2155,600,0.03029132897478106
APO-wr-DE,20,2155,700,0.03029132897478106
APO-wr-DE,20,2155,800,0.013221193964994245
APO-wr-DE,20,2155,900,0.013221193964994245
APO-wr-DE,20,2155,1000,0.013221193964994245
APO-wr-DE,20,2155,1100,0.013221193964994245
APO-wr-DE,20,2155,1200,0.012992931954648857
APO-wr-DE,20,2155,1300,0.012992931954648857
APO-wr-DE,20,2155,1400,0.012992931954648857
APO-wr-DE,20,2155,1500,0.012992931954648857
APO-wr-DE,20,2155,1600,0.012992931954648857
APO-wr-DE,20,2155,1700,0.012992931954648857
APO-wr-DE,20,2155,1800,0.012992931954648857
APO-wr-DE,20,2155,1900,0.012992931954648857
APO-wr-DE,20,2155,2000,0.012992931954648857
APO-wr-DE,20,2155,2100,0.012992931954648857
APO-wr-DE,20,2155,2200,0.012992931954648857
APO-wr-DE,20,2155,2300,0.012992931954648857
APO-wr-DE,20,2155,2400,0.012992931954648857
APO-wr-DE,20,2155,2500,0.012992931954648857
APO-wr-DE,20,2155,2600,0.012992931954648857
APO-wr-DE,20,2155,2700,0.01295627737729645
APO-wr-DE,20,2155,2800,0.01295627737729645
APO-wr-DE,20,2155,2900,0.01295627737729645
APO-wr-DE,20,2155,3000,0.01295425541774576
APO-wr-DE,20,2155,3100,0.01295425541774576
APO-wr-DE,20,2155,3200,0.01295425541774576
APO-wr-DE,20,2155,3300,0.01295425541774576
APO-wr-DE,20,2155,3400,0.01295425541774576
APO-wr-DE,20,2155,3500,0.01295425541774576
APO-wr-DE,20,2155,3600,0.01295425541774576
APO-wr-DE,20,2155,3700,0.01295425541774576
APO-wr-DE,20,2155,3800,0.01295425541774576
APO-wr-DE,20,2155,3900,0.01295425541774576
APO-wr-DE,20,2155,4000,0.01295425541774576
APO-wr-DE,20,2155,4100,0.01295425541774576
APO-wr-DE,20,2155,4200,0.01285951305354346
APO-wr-DE,20,2155,4300,0.01285951305354346
APO-wr-DE,20,2155,4400,0.01285951305354346
APO-wr-DE,20,2155,4500,0.01285951305354346
APO-wr-DE,20,2155,4600,0.01285951305354346
APO-wr-DE,20,2155,4700,0.01285951305354346
APO-wr-DE,20,2155,4800,0.012845896596185416
APO-wr-DE,20,2155,4900,0.012845896596185416
APO-wr-DE,20,2155,5000,0.012845896596185416
APO-wr-DE,20,2155,5100,0.012845896596185416
APO-wr-DE,20,2155,5200,0.012845896596185416
APO-wr-DE,20,2155,5300,0.012796150711942381
APO-wr-DE,20,2155,5400,0.012796150711942381
APO-wr-DE,20,2155,5500,0.012796150711942381
APO-wr-DE,20,2155,5600,0.012796150711942381
APO-wr-DE,20,2155,5700,0.012796150711942381
APO-wr-DE,20,2155,5800,0.0127422010292289
APO-wr-DE,20,2155,5900,0.0127422010292289
APO-wr-DE,20,2155,6000,0.0127422010292289
APO-wr-DE,20,2155,6100,0.0127422010292289
APO-wr-DE,20,2155,6200,0.0127422010292289
APO-wr-DE,20,2155,6300,0.0127422010292289
APO-wr-DE,20,2155,6400,0.0127422010292289
APO-wr-DE,20,2155,6500,0.0127422010292289
APO-wr-DE,20,2155,6600,0.0127422010292289
APO-wr-DE,20,2155,6700,0.0127422010292289
APO-wr-DE,20,2155,6800,0.0127422010292289
APO-wr-DE,20,2155,6900,0.0127422010292289
APO-wr-DE,20,2155,7000,0.0127422010292289
APO-wr-DE,20,2155,7100,0.0127422010292289
APO-wr-DE,20,2155,7200,0.0127422010292289
APO-wr-DE,20,2155,7300,0.0127422010292289
APO-wr-DE,20,2155,7400,0.0127422010292289
APO-wr-DE,20,2155,7500,0.0127422010292289
APO-wr-DE,20,2155,7600,0.0127422010292289
APO-wr-DE,20,2155,7700,0.0127422010292289
APO-wr-DE,20,2155,7800,0.0127422010292289
APO-wr-DE,20,2155,7900,0.0127422010292289
APO-wr-DE,20,2155,8000,0.012705370822907926
APO-wr-DE,20,2155,8100,0.012705370822907926
APO-wr-DE,20,2155,8200,0.012705370822907926
APO-wr-DE,20,2155,8300,0.012705370822907926
APO-wr-DE,20,2155,8400,0.012705370822907926
APO-wr-DE,20,2155,8500,0.012705370822907926
APO-wr-DE,20,2155,8600,0.012705370822907926
APO-wr-DE,20,2155,8700,0.012705370822907926
APO-wr-DE,20,2155,8800,0.012705370822907926
APO-wr-DE,20,2155,8900,0.012705370822907926
APO-wr-DE,20,2155,9000,0.012705370822907926
APO-wr-DE,20,2155,9100,0.012705370822907926
APO-wr-DE,20,2155,9200,0.012705370822907926
APO-wr-DE,20,2155,9300,0.012705370822907926
APO-wr-DE,20,2155,9400,0.012705144014289542
APO-wr-DE,20,2155,9500,0.012705144014289542
APO-wr-DE,20,2155,9600,0.012697474556125568
APO-wr-DE,20,2155,9700,0.012697474556125568
APO-wr-DE,20,2155,9800,0.012697474556125568
APO-wr-DE,20,2155,9900,0.012697474556125568
APO-wr-DE,20,2155,10000,0.012697457476730631
APO-wr-LS,20,2155,100,384871.21869482123
APO-wr-LS,20,2155,200,228108.21096857192
APO-wr-LS,20,2155,300,7783.113818615015
APO-wr-LS,20,2155,400,0.03682399866935369
APO-wr-LS,20,2155,500,0.01519417482512673
APO-wr-LS,20,2155,600,0.01519417482512673
APO-wr-LS,20,2155,700,0.013197601103974086
APO-wr-LS,20,2155,800,0.013197601103974086
APO-wr-LS,20,2155,900,0.013197601103974086
APO-wr-LS,20,2155,1000,0.013197601103974086
APO-wr-LS,20,2155,1100,0.013197601103974086
APO-wr-LS,20,2155,1200,0.013197601103974086
APO-wr-LS,20,2155,1300,0.013197601103974086
APO-wr-LS,20,2155,1400,0.013197601103974086
APO-wr-LS,20,2155,1500,0.013197601103974086
APO-wr-LS,20,2155,1600,0.013197601103974086
APO-wr-LS,20,2155,1700,0.013197601103974086
APO-wr-LS,20,2155,1800,0.013197601103974086
APO-wr-LS,20,2155,1900,0.013050030707079937
APO-wr-LS,20,2155,2000,0.013050030707079937
APO-wr-LS,20,2155,2100,0.013050030707079937
APO-wr-LS,20,2155,2200,0.013017860682477449
APO-wr-LS,20,2155,2300,0.013017860682477449
APO-wr-LS,20,2155,2400,0.013017860682477449
APO-wr-LS,20,2155,2500,0.013017860682477449
APO-wr-LS,20,2155,2600,0.013017860682477449
APO-wr-LS,20,2155,2700,0.013017860682477449
APO-wr-LS,20,2155,2800,0.013017860682477449
APO-wr-LS,20,2155,2900,0.013017860682477449
APO-wr-LS,20,2155,3000,0.013017860682477449
APO-wr-LS,20,2155,3100,0.013017860682477449
APO-wr-LS,20,2155,3200,0.013017860682477449
APO-wr-LS,20,2155,3300,0.013017860682477449
APO-wr-LS,20,2155,3400,0.013017860682477449
APO-wr-LS,20,2155,3500,0.013017860682477449
APO-wr-LS,20,2155,3600,0.013017860682477449
APO-wr-LS,20,2155,3700,0.013017860682477449
APO-wr-LS,20,2155,3800,0.013017860682477449
APO-wr-LS,20,2155,3900,0.012992461519783486
APO-wr-LS,20,2155,4000,0.012992461519783486
APO-wr-LS,20,2155,4100,0.012992461519783486
APO-wr-LS,20,2155,4200,0.012836938569057025
APO-wr-LS,20,2155,4300,0.012836938569057025
APO-wr-LS,20,2155,4400,0.012836938569057025
APO-wr-LS,20,2155,4500,0.012809588714779678
APO-wr-LS,20,2155,4600,0.01279135670187296
APO-wr-LS,20,2155,4700,0.01279135670187296
APO-wr-LS,20,2155,4800,0.01279135670187296
APO-wr-LS,20,2155,4900,0.01279135670187296
APO-wr-LS,20,2155,5000,0.01279135670187296
APO-wr-LS,20,2155,5100,0.01279135670187296
APO-wr-LS,20,2155,5200,0.01279135670187296
APO-wr-LS,20,2155,5300,0.01279135670187296
APO-wr-LS,20,2155,5400,0.01279135670187296
APO-wr-LS,20,2155,5500,0.01279135670187296
APO-wr-LS,20,2155,5600,0.01279135670187296
APO-wr-LS,20,2155,5700,0.01279135670187296
APO-wr-LS,20,2155,5800,0.01279135670187296
APO-wr-LS,20,2155,5900,0.01279135670187296
APO-wr-LS,20,2155,6000,0.01279135670187296
APO-wr-LS,20,2155,6100,0.012737392627440272
APO-wr-LS,20,2155,6200,0.012737392627440272
APO-wr-LS,20,2155,6300,0.012737392627440272
APO-wr-LS,20,2155,6400,0.012737392627440272
APO-wr-LS,20,2155,6500,0.012737392627440272
APO-wr-LS,20,2155,6600,0.012737392627440272
APO-wr-LS,20,2155,6700,0.012737392627440272
APO-wr-LS,20,2155,6800,0.012698988462656942
APO-wr-LS,20,2155,6900,0.012698988462656942
APO-wr-LS,20,2155,7000,0.012698988462656942
APO-wr-LS,20,2155,7100,0.012698988462656942
APO-wr-LS,20,2155,7200,0.012698988462656942
APO-wr-LS,20,2155,7300,0.012698988462656942
APO-wr-LS,20,2155,7400,0.012698988462656942
APO-wr-LS,20,2155,7500,0.012698988462656942
APO-wr-LS,20,2155,7600,0.012698988462656942
APO-wr-LS,20,2155,7700,0.012698988462656942
APO-wr-LS,20,2155,7800,0.012698988462656942
APO-wr-LS,20,2155,7900,0.012698988462656942
APO-wr-LS,20,2155,8000,0.012698988462656942
APO-wr-LS,20,2155,8100,0.012698988462656942
APO-wr-LS,20,2155,8200,0.012698988462656942
APO-wr-LS,20,2155,8300,0.012698988462656942
APO-wr-LS,20,2155,8400,0.012698988462656942
APO-wr-LS,20,2155,8500,0.012698988462656942
APO-wr-LS,20,2155,8600,0.012688734463850392
APO-wr-LS,20,2155,8700,0.01268768574870016
APO-wr-LS,20,2155,8800,0.01268768574870016
APO-wr-LS,20,2155,8900,0.01268768574870016
APO-wr-LS,20,2155,9000,0.01268768574870016
APO-wr-LS,20,2155,9100,0.012684993919976696
APO-wr-LS,20,2155,9200,0.012684993919976696
APO-wr-LS,20,2155,9300,0.012684993919976696
APO-wr-LS,20,2155,9400,0.012684993919976696
APO-wr-LS,20,2155,9500,0.012684993919976696
APO-wr-LS,20,2155,9600,0.012684993919976696
APO-wr-LS,20,2155,9700,0.012684993919976696
APO-wr-LS,20,2155,9800,0.012684993919976696
APO-wr-LS,20,2155,9900,0.012684892749360535
APO-wr-LS,20,2155,10000,0.012684764300126319
APO-wr-PSO,20,2155,100,384871.21869482123
APO-wr-PSO,20,2155,200,228108.21096857192
APO-wr-PSO,20,2155,300,0.08846550915012968
APO-wr-PSO,20,2155,400,0.08846550915012968
APO-wr-PSO,20,2155,500,0.013314754725432207
APO-wr-PSO,20,2155,600,0.013314754725432207
APO-wr-PSO,20,2155,700,0.01329864392010744
APO-wr-PSO,20,2155,800,0.01329864392010744
APO-wr-PSO,20,2155,900,0.013261221236871018
APO-wr-PSO,20,2155,1000,0.013261221236871018
APO-wr-PSO,20,2155,1100,0.013261221236871018
APO-wr-PSO,20,2155,1200,0.01322893117585953
APO-wr-PSO,20,2155,1300,0.01322893117585953
APO-wr-PSO,20,2155,1400,0.01322893117585953
APO-wr-PSO,20,2155,1500,0.01322893117585953
APO-wr-PSO,20,2155,1600,0.01322893117585953
APO-wr-PSO,20,2155,1700,0.01322893117585953
APO-wr-PSO,20,2155,1800,0.01322893117585953
APO-wr-PSO,20,2155,1900,0.01322893117585953
APO-wr-PSO,20,2155,2000,0.01322893117585953
APO-wr-PSO,20,2155,2100,0.01322893117585953
APO-wr-PSO,20,2155,2200,0.01322893117585953
APO-wr-PSO,20,2155,2300,0.01322893117585953
APO-wr-PSO,20,2155,2400,0.01322893117585953
APO-wr-PSO,20,2155,2500,0.01322893117585953
APO-wr-PSO,20,2155,2600,0.01322893117585953
APO-wr-PSO,20,2155,2700,0.01322893117585953
APO-wr-PSO,20,2155,2800,0.01322893117585953
APO-wr-PSO,20,2155,2900,0.013201878351884236
APO-wr-PSO,20,2155,3000,0.013201878351884236
APO-wr-PSO,20,2155,3100,0.013030190215397863
APO-wr-PSO,20,2155,3200,0.013030190215397863
APO-wr-PSO,20,2155,3300,0.013030190215397863
APO-wr-PSO,20,2155,3400,0.013030190215397863
APO-wr-PSO,20,2155,3500,0.013030190215397863
APO-wr-PSO,20,2155,3600,0.013030190215397863
APO-wr-PSO,20,2155,3700,0.013030190215397863
APO-wr-PSO,20,2155,3800,0.013030190215397863
APO-wr-PSO,20,2155,3900,0.013030190215397863
APO-wr-PSO,20,2155,4000,0.013030190215397863
APO-wr-PSO,20,2155,4100,0.013030190215397863
APO-wr-PSO,20,2155,4200,0.013030190215397863
APO-wr-PSO,20,2155,4300,0.013030190215397863
APO-wr-PSO,20,2155,4400,0.013030190215397863
APO-wr-PSO,20,2155,4500,0.013030190215397863
APO-wr-PSO,20,2155,4600,0.013030190215397863
APO-wr-PSO,20,2155,4700,0.013030190215397863
APO-wr-PSO,20,2155,4800,0.013030190215397863
APO-wr-PSO,20,2155,4900,0.013030190215397863
APO-wr-PSO,20,2155,5000,0.013030190215397863
APO-wr-PSO,20,2155,5100,0.013030190215397863
APO-wr-PSO,20,2155,5200,0.01298767324953049
APO-wr-PSO,20,2155,5300,0.01298767324953049
APO-wr-PSO,20,2155,5400,0.01298767324953049
APO-wr-PSO,20,2155,5500,0.01298767324953049
APO-wr-PSO,20,2155,5600,0.01298767324953049
APO-wr-PSO,20,2155,5700,0.01298767324953049
APO-wr-PSO,20,2155,5800,0.01298767324953049
APO-wr-PSO,20,2155,5900,0.01298767324953049
APO-wr-PSO,20,2155,6000,0.01298767324953049
APO-wr-PSO,20,2155,6100,0.01298767324953049
APO-wr-PSO,20,2155,6200,0.01298767324953049
APO-wr-PSO,20,2155,6300,0.01298767324953049
APO-wr-PSO,20,2155,6400,0.01298767324953049
APO-wr-PSO,20,2155,6500,0.01298767324953049
APO-wr-PSO,20,2155,6600,0.01298767324953049
APO-wr-PSO,20,2155,6700,0.01298767324953049
APO-wr-PSO,20,2155,6800,0.01298767324953049
APO-wr-PSO,20,2155,6900,0.01298767324953049
APO-wr-PSO,20,2155,7000,0.012968198312229508
APO-wr-PSO,20,2155,7100,0.012847338059460464
APO-wr-PSO,20,2155,7200,0.012847338059460464
APO-wr-PSO,20,2155,7300,0.012847338059460464
APO-wr-PSO,20,2155,7400,0.012847338059460464
APO-wr-PSO,20,2155,7500,0.012847338059460464
APO-wr-PSO,20,2155,7600,0.012847338059460464
APO-wr-PSO,20,2155,7700,0.012736997477739036
APO-wr-PSO,20,2155,7800,0.012736997477739036
APO-wr-PSO,20,2155,7900,0.012736997477739036
APO-wr-PSO,20,2155,8000,0.012736997477739036
APO-wr-PSO,20,2155,8100,0.012736997477739036
APO-wr-PSO,20,2155,8200,0.012736997477739036
APO-wr-PSO,20,2155,8300,0.012736997477739036
APO-wr-PSO,20,2155,8400,0.012736997477739036
APO-wr-PSO,20,2155,8500,0.012736997477739036
APO-wr-PSO,20,2155,8600,0.012714152395678137
APO-wr-PSO,20,2155,8700,0.012714152395678137
APO-wr-PSO,20,2155,8800,0.012714152395678137
APO-wr-PSO,20,2155,8900,0.012697491327223476
APO-wr-PSO,20,2155,9000,0.012697491327223476
APO-wr-PSO,20,2155,9100,0.012697491327223476
APO-wr-PSO,20,2155,9200,0.012697491327223476
APO-wr-PSO,20,2155,9300,0.012697491327223476
APO-wr-PSO,20,2155,9400,0.012697491327223476
APO-wr-PSO,20,2155,9500,0.012697491327223476
APO-wr-PSO,20,2155,9600,0.012696037518622503
APO-wr-PSO,20,2155,9700,0.012696037518622503
APO-wr-PSO,20,2155,9800,0.012696037518622503
APO-wr-PSO,20,2155,9900,0.012696037518622503
APO-wr-PSO,20,2155,10000,0.012696037518622503
APO,21,2162,100,257465.08005382767
APO,21,2162,200,0.06729426451350723
APO,21,2162,300,0.06729426451350723
APO,21,2162,400,0.06269559517633327
APO,21,2162,500,0.013274401934604588
APO,21,2162,600,0.013274401934604588
APO,21,2162,700,0.013274401934604588
APO,21,2162,800,0.013274401934604588
APO,21,2162,900,0.013208660156811342
APO,21,2162,1000,0.013208660156811342
APO,21,2162,1100,0.013208660156811342
APO,21,2162,1200,0.013208660156811342
APO,21,2162,1300,0.013208660156811342
APO,21,2162,1400,0.013208660156811342
APO,21,2162,1500,0.013208660156811342
APO,21,2162,1600,0.013208660156811342
APO,21,2162,1700,0.013208660156811342
APO,21,2162,1800,0.013208660156811342
APO,21,2162,1900,0.013208660156811342
APO,21,2162,2000,0.013208660156811342
APO,21,2162,2100,0.013208660156811342
APO,21,2162,2200,0.013208660156811342
APO,21,2162,2300,0.013208660156811342
APO,21,2162,2400,0.013208660156811342
APO,21,2162,2500,0.013208660156811342
APO,21,2162,2600,0.013208660156811342
APO,21,2162,2700,0.013208660156811342
APO,21,2162,2800,0.013093540356805905
APO,21,2162,2900,0.013093540356805905
APO,21,2162,3000,0.013093540356805905
APO,21,2162,3100,0.013093540356805905
APO,21,2162,3200,0.013093540356805905
APO,21,2162,3300,0.013093540356805905
APO,21,2162,3400,0.013093284049253367
APO,21,2162,3500,0.013093284049253367
APO,21,2162,3600,0.013093284049253367
APO,21,2162,3700,0.013093284049253367
APO,21,2162,3800,0.013027343950185864
APO,21,2162,3900,0.012871142763920294
APO,21,2162,4000,0.012871142763920294
APO,21,2162,4100,0.012871142763920294
APO,21,2162,4200,0.012871142763920294
APO,21,2162,4300,0.012871142763920294
APO,21,2162,4400,0.012871142763920294
APO,21,2162,4500,0.012871142763920294
APO,21,2162,4600,0.012871142763920294
APO,21,2162,4700,0.012871142763920294
APO,21,2162,4800,0.012871142763920294
APO,21,2162,4900,0.012871142763920294
APO,21,2162,5000,0.012871142763920294
APO,21,2162,5100,0.012871142763920294
APO,21,2162,5200,0.012871142763920294
APO,21,2162,5300,0.012871142763920294
APO,21,2162,5400,0.012871142763920294
APO,21,2162,5500,0.012871142763920294
APO,21,2162,5600,0.012871142763920294
APO,21,2162,5700,0.012871142763920294
APO,21,2162,5800,0.012871142763920294
APO,21,2162,5900,0.012871142763920294
APO,21,2162,6000,0.012871142763920294
APO,21,2162,6100,0.012871142763920294
APO,21,2162,6200,0.012871142763920294
APO,21,2162,6300,0.012871142763920294
APO,21,2162,6400,0.012871142763920294
APO,21,2162,6500,0.012871142763920294
APO,21,2162,6600,0.012871142763920294
APO,21,2162,6700,0.012871142763920294
APO,21,2162,6800,0.012871142763920294
APO,21,2162,6900,0.012871142763920294
APO,21,2162,7000,0.012871142763920294
APO,21,2162,7100,0.012871142763920294
APO,21,2162,7200,0.012871142763920294
APO,21,2162,7300,0.012871142763920294
APO,21,2162,7400,0.012871142763920294
APO,21,2162,7500,0.012870566662454836
APO,21,2162,7600,0.012870566662454836
APO,21,2162,7700,0.012870566662454836
APO,21,2162,7800,0.012870566662454836
APO,21,2162,7900,0.012830547264564111
APO,21,2162,8000,0.012830547264564111
APO,21,2162,8100,0.012830547264564111
APO,21,2162,8200,0.012830547264564111
APO,21,2162,8300,0.012830547264564111
APO,21,2162,8400,0.01278914648317359
APO,21,2162,8500,0.01278914648317359
APO,21,2162,8600,0.01278914648317359
APO,21,2162,8700,0.01278914648317359
APO,21,2162,8800,0.01278914648317359
APO,21,2162,8900,0.01278914648317359
APO,21,2162,9000,0.01278914648317359
APO,21,2162,9100,0.01278914648317359
APO,21,2162,9200,0.012777297082507988
APO,21,2162,9300,0.012776642990516054
APO,21,2162,9400,0.012774157450749972
APO,21,2162,9500,0.012774157450749972
APO,21,2162,9600,0.012770662825923968
APO,21,2162,9700,0.012769732370006497
APO,21,2162,9800,0.012769732370006497
APO,21,2162,9900,0.012769732370006497
APO,21,2162,10000,0.012769732370006497
APO-wr,21,2162,100,257465.08005382767
APO-wr,21,2162,200,32175.486614622045
APO-wr,21,2162,300,491.8122314609885
APO-wr,21,2162,400,0.06269559517633327
APO-wr,21,2162,500,0.013344975964659967
APO-wr,21,2162,600,0.013205015274205952
APO-wr,21,2162,700,0.013205015274205952
APO-wr,21,2162,800,0.013205015274205952
APO-wr,21,2162,900,0.013205015274205952
APO-wr,21,2162,1000,0.013205015274205952
APO-wr,21,2162,1100,0.013205015274205952
APO-wr,21,2162,1200,0.013205015274205952
APO-wr,21,2162,1300,0.013205015274205952
APO-wr,21,2162,1400,0.013205015274205952
APO-wr,21,2162,1500,0.013205015274205952
APO-wr,21,2162,1600,0.013205015274205952
APO-wr,21,2162,1700,0.013205015274205952
APO-wr,21,2162,1800,0.013100959978586122
APO-wr,21,2162,1900,0.013100959978586122
APO-wr,21,2162,2000,0.013100959978586122
APO-wr,21,2162,2100,0.013100959978586122
APO-wr,21,2162,2200,0.013100959978586122
APO-wr,21,2162,2300,0.013100959978586122
APO-wr,21,2162,2400,0.012980413992590206
APO-wr,21,2162,2500,0.012980413992590206
APO-wr,21,2162,2600,0.012980413992590206
APO-wr,21,2162,2700,0.012980413992590206
APO-wr,21,2162,2800,0.012980413992590206
APO-wr,21,2162,2900,0.012980413992590206
APO-wr,21,2162,3000,0.012980413992590206
APO-wr,21,2162,3100,0.012980413992590206
APO-wr,21,2162,3200,0.012980413992590206
APO-wr,21,2162,3300,0.012980413992590206
APO-wr,21,2162,3400,0.012980413992590206
APO-wr,21,2162,3500,0.012980413992590206
APO-wr,21,2162,3600,0.012980413992590206
APO-wr,21,2162,3700,0.012980413992590206
APO-wr,21,2162,3800,0.01277093553818188
APO-wr,21,2162,3900,0.01277093553818188
APO-wr,21,2162,4000,0.01277093553818188
APO-wr,21,2162,4100,0.01277093553818188
APO-wr,21,2162,4200,0.01277093553818188
APO-wr,21,2162,4300,0.01277093553818188
APO-wr,21,2162,4400,0.01277093553818188
APO-wr,21,2162,4500,0.01277093553818188
APO-wr,21,2162,4600,0.01277093553818188
APO-wr,21,2162,4700,0.01277093553818188
APO-wr,21,2162,4800,0.01277093553818188
APO-wr,21,2162,4900,0.01277093553818188
APO-wr,21,2162,5000,0.01277093553818188
APO-wr,21,2162,5100,0.01277093553818188
APO-wr,21,2162,5200,0.01277093553818188
APO-wr,21,2162,5300,0.01277093553818188
APO-wr,21,2162,5400,0.01277093553818188
APO-wr,21,2162,5500,0.01277093553818188
APO-wr,21,2162,5600,0.01277093553818188
APO-wr,21,2162,5700,0.01277093553818188
APO-wr,21,2162,5800,0.01277093553818188
APO-wr,21,2162,5900,0.01277093553818188
APO-wr,21,2162,6000,0.01277093553818188
APO-wr,21,2162,6100,0.01277093553818188
APO-wr,21,2162,6200,0.01277093553818188
APO-wr,21,2162,6300,0.01277093553818188
APO-wr,21,2162,6400,0.01277093553818188
APO-wr,21,2162,6500,0.01277093553818188
APO-wr,21,2162,6600,0.01277093553818188
APO-wr,21,2162,6700,0.01277093553818188
APO-wr,21,2162,6800,0.01277093553818188
APO-wr,21,2162,6900,0.01277093553818188
APO-wr,21,2162,7000,0.01277093553818188
APO-wr,21,2162,7100,0.01277093553818188
APO-wr,21,2162,7200,0.01277093553818188
APO-wr,21,2162,7300,0.01277093553818188
APO-wr,21,2162,7400,0.01277093553818188
APO-wr,21,2162,7500,0.01277093553818188
APO-wr,21,2162,7600,0.01277093553818188
APO-wr,21,2162,7700,0.01277093553818188
APO-wr,21,2162,7800,0.01277093553818188
APO-wr,21,2162,7900,0.01277093553818188
APO-wr,21,2162,8000,0.01277093553818188
APO-wr,21,2162,8100,0.01277093553818188
APO-wr,21,2162,8200,0.01276921582985039
APO-wr,21,2162,8300,0.01276921582985039
APO-wr,21,2162,8400,0.01276921582985039
APO-wr,21,2162,8500,0.01276921582985039
APO-wr,21,2162,8600,0.01276921582985039
APO-wr,21,2162,8700,0.01275282732831318
APO-wr,21,2162,8800,0.01275282732831318
APO-wr,21,2162,8900,0.012750554653726142
APO-wr,21,2162,9000,0.0127484658553905
APO-wr,21,2162,9100,0.012748253306143976
APO-wr,21,2162,9200,0.012733418108197872
APO-wr,21,2162,9300,0.012731724331800899
APO-wr,21,2162,9400,0.012727979310255612
APO-wr,21,2162,9500,0.012727979310255612
APO-wr,21,2162,9600,0.012725280361704856
APO-wr,21,2162,9700,0.012725168160888764
APO-wr,21,2162,9800,0.012725168160888764
APO-wr,21,2162,9900,0.012725168160888764
APO-wr,21,2162,10000,0.012725168160888764
APO-DE,21,2162,100,257465.08005382767
APO-DE,21,2162,200,0.06729426451350723
APO-DE,21,2162,300,0.06729426451350723
APO-DE,21,2162,400,0.06729426451350723
APO-DE,21,2162,500,0.06729426451350723
APO-DE,21,2162,600,0.014545558522561772
APO-DE,21,2162,700,0.014545558522561772
APO-DE,21,2162,800,0.014545558522561772
APO-DE,21,2162,900,0.014545558522561772
APO-DE,21,2162,1000,0.014545558522561772
APO-DE,21,2162,1100,0.014545558522561772
APO-DE,21,2162,1200,0.014545558522561772
APO-DE,21,2162,1300,0.014545558522561772
APO-DE,21,2162,1400,0.014545558522561772
APO-DE,21,2162,1500,0.014545558522561772
APO-DE,21,2162,1600,0.014545558522561772
APO-DE,21,2162,1700,0.014545558522561772
APO-DE,21,2162,1800,0.014545558522561772
APO-DE,21,2162,1900,0.014545558522561772
APO-DE,21,2162,2000,0.014484964274895165
APO-DE,21,2162,2100,0.014484964274895165
APO-DE,21,2162,2200,0.014484964274895165
APO-DE,21,2162,2300,0.014484964274895165
APO-DE,21,2162,2400,0.014484964274895165
APO-DE,21,2162,2500,0.014484964274895165
APO-DE,21,2162,2600,0.014484964274895165
APO-DE,21,2162,2700,0.014484964274895165
APO-DE,21,2162,2800,0.014484964274895165
APO-DE,21,2162,2900,0.014484964274895165
APO-DE,21,2162,3000,0.014484964274895165
APO-DE,21,2162,3100,0.014484964274895165
APO-DE,21,2162,3200,0.014484964274895165
APO-DE,21,2162,3300,0.014484964274895165
APO-DE,21,2162,3400,0.014439155171232917
APO-DE,21,2162,3500,0.014439155171232917
APO-DE,21,2162,3600,0.014439155171232917
APO-DE,21,2162,3700,0.014439155171232917
APO-DE,21,2162,3800,0.014439155171232917
APO-DE,21,2162,3900,0.014349820873387473
APO-DE,21,2162,4000,0.013521928582260943
APO-DE,21,2162,4100,0.013521928582260943
APO-DE,21,2162,4200,0.013521928582260943
APO-DE,21,2162,4300,0.013521928582260943
APO-DE,21,2162,4400,0.013521928582260943
APO-DE,21,2162,4500,0.013521928582260943
APO-DE,21,2162,4600,0.01334818156978208
APO-DE,21,2162,4700,0.01334818156978208
APO-DE,21,2162,4800,0.01334818156978208
APO-DE,21,2162,4900,0.013196052302833187
APO-DE,21,2162,5000,0.013196052302833187
APO-DE,21,2162,5100,0.013196052302833187
APO-DE,21,2162,5200,0.013196052302833187
APO-DE,21,2162,5300,0.013196052302833187
APO-DE,21,2162,5400,0.013111091463630408
APO-DE,21,2162,5500,0.013111091463630408
APO-DE,21,2162,5600,0.013111091463630408
APO-DE,21,2162,5700,0.013111091463630408
APO-DE,21,2162,5800,0.013111091463630408
APO-DE,21,2162,5900,0.013111091463630408
APO-DE,21,2162,6000,0.013111091463630408
APO-DE,21,2162,6100,0.013046999406675015
APO-DE,21,2162,6200,0.013046999406675015
APO-DE,21,2162,6300,0.013046999406675015
APO-DE,21,2162,6400,0.013012313519401207
APO-DE,21,2162,6500,0.012975504853111403
APO-DE,21,2162,6600,0.012889052294109912
APO-DE,21,2162,6700,0.012889052294109912
APO-DE,21,2162,6800,0.012889052294109912
APO-DE,21,2162,6900,0.012889052294109912
APO-DE,21,2162,7000,0.012689502016025634
APO-DE,21,2162,7100,0.012689502016025634
APO-DE,21,2162,7200,0.012689502016025634
APO-DE,21,2162,7300,0.012689502016025634
APO-DE,21,2162,7400,0.012689502016025634
APO-DE,21,2162,7500,0.012689502016025634
APO-DE,21,2162,7600,0.012689502016025634
APO-DE,21,2162,7700,0.012689502016025634
APO-DE,21,2162,7800,0.012689502016025634
APO-DE,21,2162,7900,0.012689502016025634
APO-DE,21,2162,8000,0.012689502016025634
APO-DE,21,2162,8100,0.012689502016025634
APO-DE,21,2162,8200,0.012689502016025634
APO-DE,21,2162,8300,0.012689502016025634
APO-DE,21,2162,8400,0.012689502016025634
APO-DE,21,2162,8500,0.012689502016025634
APO-DE,21,2162,8600,0.012689502016025634
APO-DE,21,2162,8700,0.012689502016025634
APO-DE,21,2162,8800,0.012689502016025634
APO-DE,21,2162,8900,0.012689502016025634
APO-DE,21,2162,9000,0.012689502016025634
APO-DE,21,2162,9100,0.012689502016025634
APO-DE,21,2162,9200,0.012689502016025634
APO-DE,21,2162,9300,0.012689502016025634
APO-DE,21,2162,9400,0.012689017696440012
APO-DE,21,2162,9500,0.012686200027630339
APO-DE,21,2162,9600,0.012686200027630339
APO-DE,21,2162,9700,0.012686200027630339
APO-DE,21,2162,9800,0.012686200027630339
APO-DE,21,2162,9900,0.012686200027630339
APO-DE,21,2162,10000,0.012686200027630339
APO-LS,21,2162,100,257465.08005382767
APO-LS,21,2162,200,0.06729426451350723
APO-LS,21,2162,300,0.06253995567241133
APO-LS,21,2162,400,0.013423635716067486
APO-LS,21,2162,500,0.013423635716067486
APO-LS,21,2162,600,0.013423635716067486
APO-LS,21,2162,700,0.013423635716067486
APO-LS,21,2162,800,0.013423635716067486
APO-LS,21,2162,900,0.013423635716067486
APO-LS,21,2162,1000,0.013309300901806952
APO-LS,21,2162,1100,0.013309300901806952
APO-LS,21,2162,1200,0.012986175310474397
APO-LS,21,2162,1300,0.012986175310474397
APO-LS,21,2162,1400,0.012986175310474397
APO-LS,21,2162,1500,0.012986175310474397
APO-LS,21,2162,1600,0.012986175310474397
APO-LS,21,2162,1700,0.012986175310474397
APO-LS,21,2162,1800,0.012986175310474397
APO-LS,21,2162,1900,0.012986175310474397
APO-LS,21,2162,2000,0.012986175310474397
APO-LS,21,2162,2100,0.012971036536148884
APO-LS,21,2162,2200,0.012971036536148884
APO-LS,21,2162,2300,0.012971036536148884
APO-LS,21,2162,2400,0.012971036536148884
APO-LS,21,2162,2500,0.012971036536148884
APO-LS,21,2162,2600,0.012971036536148884
APO-LS,21,2162,2700,0.012971036536148884
APO-LS,21,2162,2800,0.012971036536148884
APO-LS,21,2162,2900,0.012971036536148884
APO-LS,21,2162,3000,0.012971036536148884
APO-LS,21,2162,3100,0.012971036536148884
APO-LS,21,2162,3200,0.01296022883917515
APO-LS,21,2162,3300,0.01296022883917515
APO-LS,21,2162,3400,0.01296022883917515
APO-LS,21,2162,3500,0.01296022883917515
APO-LS,21,2162,3600,0.01296022883917515
APO-LS,21,2162,3700,0.01296022883917515
APO-LS,21,2162,3800,0.01296022883917515
APO-LS,21,2162,3900,0.01296022883917515
APO-LS,21,2162,4000,0.01296022883917515
APO-LS,21,2162,4100,0.01296022883917515
APO-LS,21,2162,4200,0.01296022883917515
APO-LS,21,2162,4300,0.01296022883917515
APO-LS,21,2162,4400,0.01296022883917515
APO-LS,21,2162,4500,0.01296022883917515
APO-LS,21,2162,4600,0.012914886824095638
APO-LS,21,2162,4700,0.012914886824095638
APO-LS,21,2162,4800,0.012914886824095638
APO-LS,21,2162,4900,0.012914886824095638
APO-LS,21,2162,5000,0.012914886824095638
APO-LS,21,2162,5100,0.012914886824095638
APO-LS,21,2162,5200,0.012914886824095638
APO-LS,21,2162,5300,0.012914886824095638
APO-LS,21,2162,5400,0.012914886824095638
APO-LS,21,2162,5500,0.012914886824095638
APO-LS,21,2162,5600,0.012914886824095638
APO-LS,21,2162,5700,0.012914886824095638
APO-LS,21,2162,5800,0.012914886824095638
APO-LS,21,2162,5900,0.012914886824095638
APO-LS,21,2162,6000,0.012914886824095638
APO-LS,21,2162,6100,0.012914886824095638
APO-LS,21,2162,6200,0.012914886824095638
APO-LS,21,2162,6300,0.012914886824095638
APO-LS,21,2162,6400,0.012914886824095638
APO-LS,21,2162,6500,0.012914886824095638
APO-LS,21,2162,6600,0.012914886824095638
APO-LS,21,2162,6700,0.012914886824095638
APO-LS,21,2162,6800,0.012912168483492352
APO-LS,21,2162,6900,0.012912168483492352
APO-LS,21,2162,7000,0.012912168483492352
APO-LS,21,2162,7100,0.012912168483492352
APO-LS,21,2162,7200,0.012771519210588913
APO-LS,21,2162,7300,0.012771519210588913
APO-LS,21,2162,7400,0.012771519210588913
APO-LS,21,2162,7500,0.012771519210588913
APO-LS,21,2162,7600,0.012771519210588913
APO-LS,21,2162,7700,0.012771519210588913
APO-LS,21,2162,7800,0.012771519210588913
APO-LS,21,2162,7900,0.012771519210588913
APO-LS,21,2162,8000,0.012717014405453992
APO-LS,21,2162,8100,0.012717014405453992
APO-LS,21,2162,8200,0.012717014405453992
APO-LS,21,2162,8300,0.012717014405453992
APO-LS,21,2162,8400,0.012717014405453992
APO-LS,21,2162,8500,0.012717014405453992
APO-LS,21,2162,8600,0.012717014405453992
APO-LS,21,2162,8700,0.012717014405453992
APO-LS,21,2162,8800,0.012717014405453992
APO-LS,21,2162,8900,0.012702923731200336
APO-LS,21,2162,9000,0.012702923731200336
APO-LS,21,2162,9100,0.012702923731200336
APO-LS,21,2162,9200,0.012702923731200336
APO-LS,21,2162,9300,0.012702923731200336
APO-LS,21,2162,9400,0.012702923731200336
APO-LS,21,2162,9500,0.012702923731200336
APO-LS,21,2162,9600,0.012702803523364281
APO-LS,21,2162,9700,0.012702803523364281
APO-LS,21,2162,9800,0.012702410333244733
APO-LS,21,2162,9900,0.012702410333244733
APO-LS,21,2162,10000,0.012702410333244733
APO-PSO,21,2162,100,257465.08005382767
APO-PSO,21,2162,200,0.06729426451350723
APO-PSO,21,2162,300,0.06729426451350723
APO-PSO,21,2162,400,0.05411142955963743
APO-PSO,21,2162,500,0.01980255720145921
APO-PSO,21,2162,600,0.01626493312051218
APO-PSO,21,2162,700,0.01626493275234805
APO-PSO,21,2162,800,0.01626493275234805
APO-PSO,21,2162,900,0.013421157214370075
APO-PSO,21,2162,1000,0.013421157214370075
APO-PSO,21,2162,1100,0.013421157214370075
APO-PSO,21,2162,1200,0.013421157214370075
APO-PSO,21,2162,1300,0.013421157214370075
APO-PSO,21,2162,1400,0.013374908234922909
APO-PSO,21,2162,1500,0.013374908234922909
APO-PSO,21,2162,1600,0.013374908234922909
APO-PSO,21,2162,1700,0.013374908234922909
APO-PSO,21,2162,1800,0.013374908234922909
APO-PSO,21,2162,1900,0.013374908234922909
APO-PSO,21,2162,2000,0.013374908234922909
APO-PSO,21,2162,2100,0.013374908234922909
APO-PSO,21,2162,2200,0.013280995649898748
APO-PSO,21,2162,2300,0.013212581208284533
APO-PSO,21,2162,2400,0.013212581208284533
APO-PSO,21,2162,2500,0.013212581208284533
APO-PSO,21,2162,2600,0.013212581208284533
APO-PSO,21,2162,2700,0.013212581208284533
APO-PSO,21,2162,2800,0.013212581208284533
APO-PSO,21,2162,2900,0.013212581208284533
APO-PSO,21,2162,3000,0.013212581208284533
APO-PSO,21,2162,3100,0.013212581208284533
APO-PSO,21,2162,3200,0.013212581208284533
APO-PSO,21,2162,3300,0.013212581208284533
APO-PSO,21,2162,3400,0.013212581208284533
APO-PSO,21,2162,3500,0.013212581208284533
APO-PSO,21,2162,3600,0.013212581208284533
APO-PSO,21,2162,3700,0.013212581208284533
APO-PSO,21,2162,3800,0.013212581208284533
APO-PSO,21,2162,3900,0.013212581208284533
APO-PSO,21,2162,4000,0.013212581208284533
APO-PSO,21,2162,4100,0.013212581208284533
APO-PSO,21,2162,4200,0.013212581208284533
APO-PSO,21,2162,4300,0.013212581208284533
APO-PSO,21,2162,4400,0.013212581208284533
APO-PSO,21,2162,4500,0.013212581208284533
APO-PSO,21,2162,4600,0.013212581208284533
APO-PSO,21,2162,4700,0.013212581208284533
APO-PSO,21,2162,4800,0.013212581208284533
APO-PSO,21,2162,4900,0.013212581208284533
APO-PSO,21,2162,5000,0.013212581208284533
APO-PSO,21,2162,5100,0.013212581208284533
APO-PSO,21,2162,5200,0.013212581208284533
APO-PSO,21,2162,5300,0.013212581208284533
APO-PSO,21,2162,5400,0.013212581208284533
APO-PSO,21,2162,5500,0.013212581208284533
APO-PSO,21,2162,5600,0.013212581208284533
APO-PSO,21,2162,5700,0.013212581208284533
APO-PSO,21,2162,5800,0.013212581208284533
APO-PSO,21,2162,5900,0.013212581208284533
APO-PSO,21,2162,6000,0.013212581208284533
APO-PSO,21,2162,6100,0.013212581208284533
APO-PSO,21,2162,6200,0.013212581208284533
APO-PSO,21,2162,6300,0.013212581208284533
APO-PSO,21,2162,6400,0.013212581208284533
APO-PSO,21,2162,6500,0.013093106963135473
APO-PSO,21,2162,6600,0.013093106963135473
APO-PSO,21,2162,6700,0.013093106963135473
APO-PSO,21,2162,6800,0.013093106963135473
APO-PSO,21,2162,6900,0.013093106963135473
APO-PSO,21,2162,7000,0.013093106963135473
APO-PSO,21,2162,7100,0.013093106963135473
APO-PSO,21,2162,7200,0.013093106963135473
APO-PSO,21,2162,7300,0.013093106963135473
APO-PSO,21,2162,7400,0.013093106963135473
APO-PSO,21,2162,7500,0.013093106963135473
APO-PSO,21,2162,7600,0.013075626506184816
APO-PSO,21,2162,7700,0.013075626506184816
APO-PSO,21,2162,7800,0.013075626506184816
APO-PSO,21,2162,7900,0.013073689391069475
APO-PSO,21,2162,8000,0.013029265903855409
APO-PSO,21,2162,8100,0.013029265903855409
APO-PSO,21,2162,8200,0.013029265903855409
APO-PSO,21,2162,8300,0.013015513191065807
APO-PSO,21,2162,8400,0.012976372093087187
APO-PSO,21,2162,8500,0.012971504588951261
APO-PSO,21,2162,8600,0.012971504588951261
APO-PSO,21,2162,8700,0.012971504588951261
APO-PSO,21,2162,8800,0.012971504588951261
APO-PSO,21,2162,8900,0.012971504588951261
APO-PSO,21,2162,9000,0.012971504588951261
APO-PSO,21,2162,9100,0.012942866153775134
APO-PSO,21,2162,9200,0.012935340768890203
APO-PSO,21,2162,9300,0.012935340768890203
APO-PSO,21,2162,9400,0.012935340768890203
APO-PSO,21,2162,9500,0.012917632997848767
APO-PSO,21,2162,9600,0.012910099367950525
APO-PSO,21,2162,9700,0.012910099367950525
APO-PSO,21,2162,9800,0.012910015111735226
APO-PSO,21,2162,9900,0.012910015111735226
APO-PSO,21,2162,10000,0.012910015111735226
APO-wr-DE,21,2162,100,257465.08005382767
APO-wr-DE,21,2162,200,32175.486614622045
APO-wr-DE,21,2162,300,3660.6785153730666
APO-wr-DE,21,2162,400,2009.6424820227408
APO-wr-DE,21,2162,500,243.8362933899081
APO-wr-DE,21,2162,600,0.0644643210761098
APO-wr-DE,21,2162,700,0.04704848305840985
APO-wr-DE,21,2162,800,0.036902663084085324
APO-wr-DE,21,2162,900,0.014482037577762487
APO-wr-DE,21,2162,1000,0.014482037577762487
APO-wr-DE,21,2162,1100,0.014482037577762487
APO-wr-DE,21,2162,1200,0.014482037577762487
APO-wr-DE,21,2162,1300,0.014482037577762487
APO-wr-DE,21,2162,1400,0.014482037577762487
APO-wr-DE,21,2162,1500,0.013023207485515807
APO-wr-DE,21,2162,1600,0.013023207485515807
APO-wr-DE,21,2162,1700,0.013023207485515807
APO-wr-DE,21,2162,1800,0.013023207485515807
APO-wr-DE,21,2162,1900,0.013023207485515807
APO-wr-DE,21,2162,2000,0.013023207485515807
APO-wr-DE,21,2162,2100,0.013023207485515807
APO-wr-DE,21,2162,2200,0.013023207485515807
APO-wr-DE,21,2162,2300,0.013023207485515807
APO-wr-DE,21,2162,2400,0.013023207485515807
APO-wr-DE,21,2162,2500,0.013023207485515807
APO-wr-DE,21,2162,2600,0.013023207485515807
APO-wr-DE,21,2162,2700,0.013023207485515807
APO-wr-DE,21,2162,2800,0.013023207485515807
APO-wr-DE,21,2162,2900,0.013023207485515807
APO-wr-DE,21,2162,3000,0.013023207485515807
APO-wr-DE,21,2162,3100,0.013023207485515807
APO-wr-DE,21,2162,3200,0.01274386518926949
APO-wr-DE,21,2162,3300,0.01274386518926949
APO-wr-DE,21,2162,3400,0.01274386518926949
APO-wr-DE,21,2162,3500,0.01274386518926949
APO-wr-DE,21,2162,3600,0.01274386518926949
APO-wr-DE,21,2162,3700,0.01274386518926949
APO-wr-DE,21,2162,3800,0.01274386518926949
APO-wr-DE,21,2162,3900,0.01274386518926949
APO-wr-DE,21,2162,4000,0.01274386518926949
APO-wr-DE,21,2162,4100,0.01274386518926949
APO-wr-DE,21,2162,4200,0.01274386518926949
APO-wr-DE,21,2162,4300,0.01274386518926949
APO-wr-DE,21,2162,4400,0.01274386518926949
APO-wr-DE,21,2162,4500,0.01274386518926949
APO-wr-DE,21,2162,4600,0.012743330275978472
APO-wr-DE,21,2162,4700,0.012743330275978472
APO-wr-DE,21,2162,4800,0.012743330275978472
APO-wr-DE,21,2162,4900,0.012743330275978472
APO-wr-DE,21,2162,5000,0.012743330275978472
APO-wr-DE,21,2162,5100,0.012743330275978472
APO-wr-DE,21,2162,5200,0.012743330275978472
APO-wr-DE,21,2162,5300,0.012743330275978472
APO-wr-DE,21,2162,5400,0.012743330275978472
APO-wr-DE,21,2162,5500,0.012743330275978472
APO-wr-DE,21,2162,5600,0.012743330275978472
APO-wr-DE,21,2162,5700,0.012743330275978472
APO-wr-DE,21,2162,5800,0.012743330275978472
APO-wr-DE,21,2162,5900,0.012743330275978472
APO-wr-DE,21,2162,6000,0.012743330275978472
APO-wr-DE,21,2162,6100,0.012743330275978472
APO-wr-DE,21,2162,6200,0.012743330275978472
APO-wr-DE,21,2162,6300,0.012743330275978472
APO-wr-DE,21,2162,6400,0.012743330275978472
APO-wr-DE,21,2162,6500,0.012743330275978472
APO-wr-DE,21,2162,6600,0.012743330275978472
APO-wr-DE,21,2162,6700,0.012743330275978472
APO-wr-DE,21,2162,6800,0.012743330275978472
APO-wr-DE,21,2162,6900,0.012743330275978472
APO-wr-DE,21,2162,7000,0.012743330275978472
APO-wr-DE,21,2162,7100,0.012743330275978472
APO-wr-DE,21,2162,7200,0.012743330275978472
APO-wr-DE,21,2162,7300,0.012743330275978472
APO-wr-DE,21,2162,7400,0.012743330275978472
APO-wr-DE,21,2162,7500,0.012743330275978472
APO-wr-DE,21,2162,7600,0.012743330275978472
APO-wr-DE,21,2162,7700,0.012711749975757771
APO-wr-DE,21,2162,7800,0.012711749975757771
APO-wr-DE,21,2162,7900,0.012711749975757771
APO-wr-DE,21,2162,8000,0.012711749975757771
APO-wr-DE,21,2162,8100,0.012711749975757771
APO-wr-DE,21,2162,8200,0.012711749975757771
APO-wr-DE,21,2162,8300,0.012711749975757771
APO-wr-DE,21,2162,8400,0.012711749975757771
APO-wr-DE,21,2162,8500,0.012706168833766657
APO-wr-DE,21,2162,8600,0.012706168833766657
APO-wr-DE,21,2162,8700,0.012706168833766657
APO-wr-DE,21,2162,8800,0.012706168833766657
APO-wr-DE,21,2162,8900,0.012706168833766657
APO-wr-DE,21,2162,9000,0.012706168833766657
APO-wr-DE,21,2162,9100,0.012706168833766657
APO-wr-DE,21,2162,9200,0.012706168833766657
APO-wr-DE,21,2162,9300,0.012706168833766657
APO-wr-DE,21,2162,9400,0.012706168833766657
APO-wr-DE,21,2162,9500,0.012706168833766657
APO-wr-DE,21,2162,9600,0.012706168833766657
APO-wr-DE,21,2162,9700,0.012706168833766657
APO-wr-DE,21,2162,9800,0.0127040275224829
APO-wr-DE,21,2162,9900,0.012702757540094832
APO-wr-DE,21,2162,10000,0.012702757540094832
APO-wr-LS,21,2162,100,257465.08005382767
APO-wr-LS,21,2162,200,32175.486614622045
APO-wr-LS,21,2162,300,981.8989215658007
APO-wr-LS,21,2162,400,0.017482888873022594
APO-wr-LS,21,2162,500,0.017482888873022594
APO-wr-LS,21,2162,600,0.017482888873022594
APO-wr-LS,21,2162,700,0.017482888873022594
APO-wr-LS,21,2162,800,0.017482888873022594
APO-wr-LS,21,2162,900,0.01748235484425648
APO-wr-LS,21,2162,1000,0.015110047331924453
APO-wr-LS,21,2162,1100,0.015110047331924453
APO-wr-LS,21,2162,1200,0.01510214027852243
APO-wr-LS,21,2162,1300,0.01510214027852243
APO-wr-LS,21,2162,1400,0.01510214027852243
APO-wr-LS,21,2162,1500,0.01510214027852243
APO-wr-LS,21,2162,1600,0.01510214027852243
APO-wr-LS,21,2162,1700,0.01510214027852243
APO-wr-LS,21,2162,1800,0.01429043200007953
APO-wr-LS,21,2162,1900,0.01429043200007953
APO-wr-LS,21,2162,2000,0.01429043200007953
APO-wr-LS,21,2162,2100,0.01429043200007953
APO-wr-LS,21,2162,2200,0.01429043200007953
APO-wr-LS,21,2162,2300,0.01429043200007953
APO-wr-LS,21,2162,2400,0.01429043200007953
APO-wr-LS,21,2162,2500,0.01429043200007953
APO-wr-LS,21,2162,2600,0.01429043200007953
APO-wr-LS,21,2162,2700,0.01429043200007953
APO-wr-LS,21,2162,2800,0.01429043200007953
APO-wr-LS,21,2162,2900,0.014223231591462073
APO-wr-LS,21,2162,3000,0.013647136257462654
APO-wr-LS,21,2162,3100,0.013647136257462654
APO-wr-LS,21,2162,3200,0.013647136257462654
APO-wr-LS,21,2162,3300,0.013647136257462654
APO-wr-LS,21,2162,3400,0.013647136257462654
APO-wr-LS,21,2162,3500,0.013647136257462654
APO-wr-LS,21,2162,3600,0.013647136257462654
APO-wr-LS,21,2162,3700,0.013647136257462654
APO-wr-LS,21,2162,3800,0.013647136257462654
APO-wr-LS,21,2162,3900,0.013647136257462654
APO-wr-LS,21,2162,4000,0.013647136257462654
APO-wr-LS,21,2162,4100,0.013398015004634275
APO-wr-LS,21,2162,4200,0.013398015004634275
APO-wr-LS,21,2162,4300,0.013398015004634275
APO-wr-LS,21,2162,4400,0.013398015004634275
APO-wr-LS,21,2162,4500,0.013398015004634275
APO-wr-LS,21,2162,4600,0.013398015004634275
APO-wr-LS,21,2162,4700,0.013398015004634275
APO-wr-LS,21,2162,4800,0.013398015004634275
APO-wr-LS,21,2162,4900,0.013398015004634275
APO-wr-LS,21,2162,5000,0.013398015004634275
APO-wr-LS,21,2162,5100,0.013398015004634275
APO-wr-LS,21,2162,5200,0.013398015004634275
APO-wr-LS,21,2162,5300,0.013398015004634275
APO-wr-LS,21,2162,5400,0.013398015004634275
APO-wr-LS,21,2162,5500,0.013398015004634275
APO-wr-LS,21,2162,5600,0.013398015004634275
APO-wr-LS,21,2162,5700,0.013129526945114225
APO-wr-LS,21,2162,5800,0.013129526945114225
APO-wr-LS,21,2162,5900,0.013129526945114225
APO-wr-LS,21,2162,6000,0.01311502095849836
APO-wr-LS,21,2162,6100,0.01311502095849836
APO-wr-LS,21,2162,6200,0.01311502095849836
APO-wr-LS,21,2162,6300,0.01311502095849836
APO-wr-LS,21,2162,6400,0.01311502095849836
APO-wr-LS,21,2162,6500,0.01311502095849836
APO-wr-LS,21,2162,6600,0.01311502095849836
APO-wr-LS,21,2162,6700,0.01311502095849836
APO-wr-LS,21,2162,6800,0.01311502095849836
APO-wr-LS,21,2162,6900,0.01311502095849836
APO-wr-LS,21,2162,7000,0.01311502095849836
APO-wr-LS,21,2162,7100,0.01311502095849836
APO-wr-LS,21,2162,7200,0.013062903983758235
APO-wr-LS,21,2162,7300,0.013062903983758235
APO-wr-LS,21,2162,7400,0.013014395631125978
APO-wr-LS,21,2162,7500,0.013014395631125978
APO-wr-LS,21,2162,7600,0.013014395631125978
APO-wr-LS,21,2162,7700,0.013014395631125978
APO-wr-LS,21,2162,7800,0.013014395631125978
APO-wr-LS,21,2162,7900,0.013014395631125978
APO-wr-LS,21,2162,8000,0.012958711060272493
APO-wr-LS,21,2162,8100,0.012958711060272493
APO-wr-LS,21,2162,8200,0.012936193867950526
APO-wr-LS,21,2162,8300,0.012936193867950526
APO-wr-LS,21,2162,8400,0.012936193867950526
APO-wr-LS,21,2162,8500,0.012936193867950526
APO-wr-LS,21,2162,8600,0.012930305010286414
APO-wr-LS,21,2162,8700,0.012930305010286414
APO-wr-LS,21,2162,8800,0.012930305010286414
APO-wr-LS,21,2162,8900,0.012930305010286414
APO-wr-LS,21,2162,9000,0.012914623537272133
APO-wr-LS,21,2162,9100,0.012899500407526071
APO-wr-LS,21,2162,9200,0.012899500407526071
APO-wr-LS,21,2162,9300,0.012899500407526071
APO-wr-LS,21,2162,9400,0.012899500407526071
APO-wr-LS,21,2162,9500,0.012899500407526071
APO-wr-LS,21,2162,9600,0.012896578295754513
APO-wr-LS,21,2162,9700,0.012896561031197414
APO-wr-LS,21,2162,9800,0.012894348895367542
APO-wr-LS,21,2162,9900,0.01289430917625097
APO-wr-LS,21,2162,10000,0.01289430917625097
APO-wr-PSO,21,2162,100,257465.08005382767
APO-wr-PSO,21,2162,200,32175.486614622045
APO-wr-PSO,21,2162,300,18706.314995198114
APO-wr-PSO,21,2162,400,0.06509383666860857
APO-wr-PSO,21,2162,500,0.027096618184358257
APO-wr-PSO,21,2162,600,0.016280054193868267
APO-wr-PSO,21,2162,700,0.015399943679540675
APO-wr-PSO,21,2162,800,0.015399943679540675
APO-wr-PSO,21,2162,900,0.015399943679540675
APO-wr-PSO,21,2162,1000,0.015399943679540675
APO-wr-PSO,21,2162,1100,0.015399943679540675
APO-wr-PSO,21,2162,1200,0.015399943679540675
APO-wr-PSO,21,2162,1300,0.015399943679540675
APO-wr-PSO,21,2162,1400,0.015399943679540675
APO-wr-PSO,21,2162,1500,0.015399943679540675
APO-wr-PSO,21,2162,1600,0.014945830541019724
APO-wr-PSO,21,2162,1700,0.013677059198588458
APO-wr-PSO,21,2162,1800,0.013677059198588458
APO-wr-PSO,21,2162,1900,0.013677059198588458
APO-wr-PSO,21,2162,2000,0.013677059198588458
APO-wr-PSO,21,2162,2100,0.013677059198588458
APO-wr-PSO,21,2162,2200,0.013677059198588458
APO-wr-PSO,21,2162,2300,0.013677059198588458
APO-wr-PSO,21,2162,2400,0.013677059198588458
APO-wr-PSO,21,2162,2500,0.013677059198588458
APO-wr-PSO,21,2162,2600,0.013677059198588458
APO-wr-PSO,21,2162,2700,0.013677059198588458
APO-wr-PSO,21,2162,2800,0.013677059198588458
APO-wr-PSO,21,2162,2900,0.013677059198588458
APO-wr-PSO,21,2162,3000,0.013025023733368299
APO-wr-PSO,21,2162,3100,0.013025023733368299
APO-wr-PSO,21,2162,3200,0.013025023733368299
APO-wr-PSO,21,2162,3300,0.013025023733368299
APO-wr-PSO,21,2162,3400,0.013025023733368299
APO-wr-PSO,21,2162,3500,0.013025023733368299
APO-wr-PSO,21,2162,3600,0.013025023733368299
APO-wr-PSO,21,2162,3700,0.013025023733368299
APO-wr-PSO,21,2162,3800,0.013025023733368299
APO-wr-PSO,21,2162,3900,0.013025023733368299
APO-wr-PSO,21,2162,4000,0.013019213368120645
APO-wr-PSO,21,2162,4100,0.013019213368120645
APO-wr-PSO,21,2162,4200,0.013019213368120645
APO-wr-PSO,21,2162,4300,0.013019213368120645
APO-wr-PSO,21,2162,4400,0.013019213368120645
APO-wr-PSO,21,2162,4500,0.013019213368120645
APO-wr-PSO,21,2162,4600,0.013019213368120645
APO-wr-PSO,21,2162,4700,0.012958815994894003
APO-wr-PSO,21,2162,4800,0.012958815994894003
APO-wr-PSO,21,2162,4900,0.012958815994894003
APO-wr-PSO,21,2162,5000,0.012958815994894003
APO-wr-PSO,21,2162,5100,0.012958815994894003
APO-wr-PSO,21,2162,5200,0.012958815994894003
APO-wr-PSO,21,2162,5300,0.012958815994894003
APO-wr-PSO,21,2162,5400,0.012958815994894003
APO-wr-PSO,21,2162,5500,0.012958815994894003
APO-wr-PSO,21,2162,5600,0.012958815994894003
APO-wr-PSO,21,2162,5700,0.012958815994894003
APO-wr-PSO,21,2162,5800,0.012958815994894003
APO-wr-PSO,21,2162,5900,0.012958815994894003
APO-wr-PSO,21,2162,6000,0.012958815994894003
APO-wr-PSO,21,2162,6100,0.012958815994894003
APO-wr-PSO,21,2162,6200,0.012958815994894003
APO-wr-PSO,21,2162,6300,0.012958815994894003
APO-wr-PSO,21,2162,6400,0.012958815994894003
APO-wr-PSO,21,2162,6500,0.012958815994894003
APO-wr-PSO,21,2162,6600,0.012958815994894003
APO-wr-PSO,21,2162,6700,0.012958815994894003
APO-wr-PSO,21,2162,6800,0.012958815994894003
APO-wr-PSO,21,2162,6900,0.012958815994894003
APO-wr-PSO,21,2162,7000,0.012958815994894003
APO-wr-PSO,21,2162,7100,0.012939726444792712
APO-wr-PSO,21,2162,7200,0.012939726444792712
APO-wr-PSO,21,2162,7300,0.012939726444792712
APO-wr-PSO,21,2162,7400,0.012939726444792712
APO-wr-PSO,21,2162,7500,0.012939726444792712
APO-wr-PSO,21,2162,7600,0.012939726444792712
APO-wr-PSO,21,2162,7700,0.012939726444792712
APO-wr-PSO,21,2162,7800,0.012939726444792712
APO-wr-PSO,21,2162,7900,0.012933977798364577
APO-wr-PSO,21,2162,8000,0.012933977798364577
APO-wr-PSO,21,2162,8100,0.012911459237477765
APO-wr-PSO,21,2162,8200,0.012911459237477765
APO-wr-PSO,21,2162,8300,0.012907680699930167
APO-wr-PSO,21,2162,8400,0.012907680699930167
APO-wr-PSO,21,2162,8500,0.012907680699930167
APO-wr-PSO,21,2162,8600,0.01290541492401879
APO-wr-PSO,21,2162,8700,0.01290541492401879
APO-wr-PSO,21,2162,8800,0.012875504838980536
APO-wr-PSO,21,2162,8900,0.012875504838980536
APO-wr-PSO,21,2162,9000,0.012875504838980536
APO-wr-PSO,21,2162,9100,0.012875504838980536
APO-wr-PSO,21,2162,9200,0.012874073211898603
APO-wr-PSO,21,2162,9300,0.012874073211898603
APO-wr-PSO,21,2162,9400,0.012874073211898603
APO-wr-PSO,21,2162,9500,0.01285979282983409
APO-wr-PSO,21,2162,9600,0.012854869304086794
APO-wr-PSO,21,2162,9700,0.012854869304086794
APO-wr-PSO,21,2162,9800,0.012854869304086794
APO-wr-PSO,21,2162,9900,0.012854869304086794
APO-wr-PSO,21,2162,10000,0.012854869304086794
APO,22,2169,100,89800.93754899538
APO,22,2169,200,0.08826506208128934
APO,22,2169,300,0.013302033555458214
APO,22,2169,400,0.013302033555458214
APO,22,2169,500,0.013302033555458214
APO,22,2169,600,0.013302033555458214
APO,22,2169,700,0.013302033555458214
APO,22,2169,800,0.013302033555458214
APO,22,2169,900,0.013302033555458214
APO,22,2169,1000,0.013302033555458214
APO,22,2169,1100,0.013302033555458214
APO,22,2169,1200,0.013302033555458214
APO,22,2169,1300,0.013302033555458214
APO,22,2169,1400,0.013248533344997796
APO,22,2169,1500,0.013248533344997796
APO,22,2169,1600,0.013248533344997796
APO,22,2169,1700,0.013248533344997796
APO,22,2169,1800,0.013248533344997796
APO,22,2169,1900,0.013248533344997796
APO,22,2169,2000,0.013248533344997796
APO,22,2169,2100,0.013248533344997796
APO,22,2169,2200,0.013248533344997796
APO,22,2169,2300,0.013248533344997796
APO,22,2169,2400,0.013248533344997796
APO,22,2169,2500,0.013248533344997796
APO,22,2169,2600,0.013248533344997796
APO,22,2169,2700,0.013248533344997796
APO,22,2169,2800,0.013210049886532205
APO,22,2169,2900,0.013210049886532205
APO,22,2169,3000,0.013210049886532205
APO,22,2169,3100,0.013210049886532205
APO,22,2169,3200,0.012886711479506263
APO,22,2169,3300,0.012886711479506263
APO,22,2169,3400,0.012886711479506263
APO,22,2169,3500,0.012886711479506263
APO,22,2169,3600,0.012886711479506263
APO,22,2169,3700,0.012886711479506263
APO,22,2169,3800,0.012886711479506263
APO,22,2169,3900,0.012886711479506263
APO,22,2169,4000,0.012886711479506263
APO,22,2169,4100,0.012886711479506263
APO,22,2169,4200,0.012886711479506263
APO,22,2169,4300,0.012886711479506263
APO,22,2169,4400,0.012886711479506263
APO,22,2169,4500,0.012886711479506263
APO,22,2169,4600,0.012886711479506263
APO,22,2169,4700,0.012886711479506263
APO,22,2169,4800,0.012886711479506263
APO,22,2169,4900,0.012886711479506263
APO,22,2169,5000,0.012886711479506263
APO,22,2169,5100,0.012886711479506263
APO,22,2169,5200,0.012886711479506263
APO,22,2169,5300,0.012886711479506263
APO,22,2169,5400,0.012886711479506263
APO,22,2169,5500,0.012886711479506263
APO,22,2169,5600,0.012886711479506263
APO,22,2169,5700,0.012886711479506263
APO,22,2169,5800,0.012886711479506263
APO,22,2169,5900,0.012886711479506263
APO,22,2169,6000,0.012779906777017938
APO,22,2169,6100,0.012779906777017938
APO,22,2169,6200,0.012779906777017938
APO,22,2169,6300,0.012779906777017938
APO,22,2169,6400,0.012779906777017938
APO,22,2169,6500,0.012779906777017938
APO,22,2169,6600,0.012779906777017938
APO,22,2169,6700,0.012779906777017938
APO,22,2169,6800,0.012779906777017938
APO,22,2169,6900,0.012779906777017938
APO,22,2169,7000,0.012779906777017938
APO,22,2169,7100,0.012779906777017938
APO,22,2169,7200,0.012779906777017938
APO,22,2169,7300,0.012779906777017938
APO,22,2169,7400,0.012779906777017938
APO,22,2169,7500,0.012779906777017938
APO,22,2169,7600,0.012779906777017938
APO,22,2169,7700,0.012779906777017938
APO,22,2169,7800,0.012779906777017938
APO,22,2169,7900,0.012755174225196406
APO,22,2169,8000,0.012755174225196406
APO,22,2169,8100,0.012755174225196406
APO,22,2169,8200,0.012755174225196406
APO,22,2169,8300,0.012755174225196406
APO,22,2169,8400,0.012755174225196406
APO,22,2169,8500,0.012755174225196406
APO,22,2169,8600,0.012755174225196406
APO,22,2169,8700,0.012755174225196406
APO,22,2169,8800,0.012755174225196406
APO,22,2169,8900,0.012755174225196406
APO,22,2169,9000,0.012750114707614372
APO,22,2169,9100,0.012750114707614372
APO,22,2169,9200,0.012750114707614372
APO,22,2169,9300,0.012750114707614372
APO,22,2169,9400,0.012750114707614372
APO,22,2169,9500,0.01274674742458805
APO,22,2169,9600,0.012742940107465925
APO,22,2169,9700,0.012742628055459287
APO,22,2169,9800,0.012742628055459287
APO,22,2169,9900,0.012742239211791646
APO,22,2169,10000,0.012742239185158962
APO-wr,22,2169,100,89800.93754899538
APO-wr,22,2169,200,0.0467112706971584
APO-wr,22,2169,300,0.0467112706971584
APO-wr,22,2169,400,0.04023034442352929
APO-wr,22,2169,500,0.03839371664211874
APO-wr,22,2169,600,0.02901820695923814
APO-wr,22,2169,700,0.020465882282151182
APO-wr,22,2169,800,0.013998017573433767
APO-wr,22,2169,900,0.013998017573433767
APO-wr,22,2169,1000,0.013998017573433767
APO-wr,22,2169,1100,0.013998017573433767
APO-wr,22,2169,1200,0.013998017573433767
APO-wr,22,2169,1300,0.013998017573433767
APO-wr,22,2169,1400,0.013699087375506187
APO-wr,22,2169,1500,0.013699087375506187
APO-wr,22,2169,1600,0.013524153258536575
APO-wr,22,2169,1700,0.013253323006844437
APO-wr,22,2169,1800,0.013253323006844437
APO-wr,22,2169,1900,0.013253323006844437
APO-wr,22,2169,2000,0.013253323006844437
APO-wr,22,2169,2100,0.013253323006844437
APO-wr,22,2169,2200,0.013253323006844437
APO-wr,22,2169,2300,0.013253323006844437
APO-wr,22,2169,2400,0.012731778716920182
APO-wr,22,2169,2500,0.012731778716920182
APO-wr,22,2169,2600,0.012731778716920182
APO-wr,22,2169,2700,0.012731778716920182
APO-wr,22,2169,2800,0.012731778716920182
APO-wr,22,2169,2900,0.012731778716920182
APO-wr,22,2169,3000,0.012731778716920182
APO-wr,22,2169,3100,0.012731778716920182
APO-wr,22,2169,3200,0.012709701182131664
APO-wr,22,2169,3300,0.012709701182131664
APO-wr,22,2169,3400,0.012709701182131664
APO-wr,22,2169,3500,0.012709701182131664
APO-wr,22,2169,3600,0.012709701182131664
APO-wr,22,2169,3700,0.012709701182131664
APO-wr,22,2169,3800,0.012709701182131664
APO-wr,22,2169,3900,0.012709701182131664
APO-wr,22,2169,4000,0.012709701182131664
APO-wr,22,2169,4100,0.012709701182131664
APO-wr,22,2169,4200,0.012709701182131664
APO-wr,22,2169,4300,0.012709701182131664
APO-wr,22,2169,4400,0.012709701182131664
APO-wr,22,2169,4500,0.012709701182131664
APO-wr,22,2169,4600,0.012709701182131664
APO-wr,22,2169,4700,0.012709701182131664
APO-wr,22,2169,4800,0.012709701182131664
APO-wr,22,2169,4900,0.012709701182131664
APO-wr,22,2169,5000,0.012709701182131664
APO-wr,22,2169,5100,0.012709701182131664
APO-wr,22,2169,5200,0.012709701182131664
APO-wr,22,2169,5300,0.012709701182131664
APO-wr,22,2169,5400,0.012709701182131664
APO-wr,22,2169,5500,0.012709701182131664
APO-wr,22,2169,5600,0.012709701182131664
APO-wr,22,2169,5700,0.012709701182131664
APO-wr,22,2169,5800,0.012709701182131664
APO-wr,22,2169,5900,0.012709701182131664
APO-wr,22,2169,6000,0.012709701182131664
APO-wr,22,2169,6100,0.012709701182131664
APO-wr,22,2169,6200,0.012709701182131664
APO-wr,22,2169,6300,0.012709701182131664
APO-wr,22,2169,6400,0.012706540783560495
APO-wr,22,2169,6500,0.012706540783560495
APO-wr,22,2169,6600,0.012706540783560495
APO-wr,22,2169,6700,0.012706540783560495
APO-wr,22,2169,6800,0.012706540783560495
APO-wr,22,2169,6900,0.012706540783560495
APO-wr,22,2169,7000,0.012706540783560495
APO-wr,22,2169,7100,0.012706540783560495
APO-wr,22,2169,7200,0.012706540783560495
APO-wr,22,2169,7300,0.012706540783560495
APO-wr,22,2169,7400,0.012706540783560495
APO-wr,22,2169,7500,0.012706540783560495
APO-wr,22,2169,7600,0.012706540783560495
APO-wr,22,2169,7700,0.012706540783560495
APO-wr,22,2169,7800,0.012706540783560495
APO-wr,22,2169,7900,0.012706540783560495
APO-wr,22,2169,8000,0.012706540783560495
APO-wr,22,2169,8100,0.012706540783560495
APO-wr,22,2169,8200,0.012706540783560495
APO-wr,22,2169,8300,0.012706540783560495
APO-wr,22,2169,8400,0.012706540783560495
APO-wr,22,2169,8500,0.012706540783560495
APO-wr,22,2169,8600,0.012706540783560495
APO-wr,22,2169,8700,0.012706540783560495
APO-wr,22,2169,8800,0.012700934378550669
APO-wr,22,2169,8900,0.012694683778435812
APO-wr,22,2169,9000,0.012694683778435812
APO-wr,22,2169,9100,0.012694683778435812
APO-wr,22,2169,9200,0.012694683778435812
APO-wr,22,2169,9300,0.012694683778435812
APO-wr,22,2169,9400,0.012694683778435812
APO-wr,22,2169,9500,0.012689309023049256
APO-wr,22,2169,9600,0.012689309023049256
APO-wr,22,2169,9700,0.012689309023049256
APO-wr,22,2169,9800,0.012689309023049256
APO-wr,22,2169,9900,0.012689309023049256
APO-wr,22,2169,10000,0.012689309023049256
APO-DE,22,2169,100,89800.93754899538
APO-DE,22,2169,200,0.08826506208128934
APO-DE,22,2169,300,0.038475432895131716
APO-DE,22,2169,400,0.034505685414322
APO-DE,22,2169,500,0.034505685414322
APO-DE,22,2169,600,0.034505685414322
APO-DE,22,2169,700,0.016126160007749437
APO-DE,22,2169,800,0.014080567423142015
APO-DE,22,2169,900,0.014080567423142015
APO-DE,22,2169,1000,0.014034120623511302
APO-DE,22,2169,1100,0.013095659174215547
APO-DE,22,2169,1200,0.013004156821862317
APO-DE,22,2169,1300,0.013004156821862317
APO-DE,22,2169,1400,0.013004156821862317
APO-DE,22,2169,1500,0.013004156821862317
APO-DE,22,2169,1600,0.013004156821862317
APO-DE,22,2169,1700,0.013004156821862317
APO-DE,22,2169,1800,0.013004156821862317
APO-DE,22,2169,1900,0.013004156821862317
APO-DE,22,2169,2000,0.013004156821862317
APO-DE,22,2169,2100,0.013004156821862317
APO-DE,22,2169,2200,0.013004156821862317
APO-DE,22,2169,2300,0.013004156821862317
APO-DE,22,2169,2400,0.013004156821862317
APO-DE,22,2169,2500,0.013004156821862317
APO-DE,22,2169,2600,0.013004156821862317
APO-DE,22,2169,2700,0.013004156821862317
APO-DE,22,2169,2800,0.013004156821862317
APO-DE,22,2169,2900,0.013004156821862317
APO-DE,22,2169,3000,0.013004156821862317
APO-DE,22,2169,3100,0.013004156821862317
APO-DE,22,2169,3200,0.013004156821862317
APO-DE,22,2169,3300,0.013004156821862317
APO-DE,22,2169,3400,0.013004156821862317
APO-DE,22,2169,3500,0.013004156821862317
APO-DE,22,2169,3600,0.013004156821862317
APO-DE,22,2169,3700,0.013004156821862317
APO-DE,22,2169,3800,0.013004156821862317
APO-DE,22,2169,3900,0.013004156821862317
APO-DE,22,2169,4000,0.013004156821862317
APO-DE,22,2169,4100,0.013004156821862317
APO-DE,22,2169,4200,0.013004156821862317
APO-DE,22,2169,4300,0.013004156821862317
APO-DE,22,2169,4400,0.013004156821862317
APO-DE,22,2169,4500,0.013004156821862317
APO-DE,22,2169,4600,0.013004156821862317
APO-DE,22,2169,4700,0.012952328421343426
APO-DE,22,2169,4800,0.012952328421343426
APO-DE,22,2169,4900,0.012952328421343426
APO-DE,22,2169,5000,0.012952328421343426
APO-DE,22,2169,5100,0.012952328421343426
APO-DE,22,2169,5200,0.012952328421343426
APO-DE,22,2169,5300,0.012952328421343426
APO-DE,22,2169,5400,0.012833763567106237
APO-DE,22,2169,5500,0.012833763567106237
APO-DE,22,2169,5600,0.01275869348942511
APO-DE,22,2169,5700,0.01275869348942511
APO-DE,22,2169,5800,0.01275869348942511
APO-DE,22,2169,5900,0.012745496349838703
APO-DE,22,2169,6000,0.012745496349838703
APO-DE,22,2169,6100,0.012745496349838703
APO-DE,22,2169,6200,0.01273647624971929
APO-DE,22,2169,6300,0.01273647624971929
APO-DE,22,2169,6400,0.01273647624971929
APO-DE,22,2169,6500,0.01273647624971929
APO-DE,22,2169,6600,0.01273647624971929
APO-DE,22,2169,6700,0.01273647624971929
APO-DE,22,2169,6800,0.01273647624971929
APO-DE,22,2169,6900,0.01273647624971929
APO-DE,22,2169,7000,0.012707071091749964
APO-DE,22,2169,7100,0.012707071091749964
APO-DE,22,2169,7200,0.012707071091749964
APO-DE,22,2169,7300,0.012707071091749964
APO-DE,22,2169,7400,0.012707071091749964
APO-DE,22,2169,7500,0.012707071091749964
APO-DE,22,2169,7600,0.012707071091749964
APO-DE,22,2169,7700,0.012707071091749964
APO-DE,22,2169,7800,0.01269870956249184
APO-DE,22,2169,7900,0.01269870956249184
APO-DE,22,2169,8000,0.01269870956249184
APO-DE,22,2169,8100,0.01269870956249184
APO-DE,22,2169,8200,0.01269870956249184
APO-DE,22,2169,8300,0.01269870956249184
APO-DE,22,2169,8400,0.012695641426605975
APO-DE,22,2169,8500,0.012695641426605975
APO-DE,22,2169,8600,0.012695641426605975
APO-DE,22,2169,8700,0.012695641426605975
APO-DE,22,2169,8800,0.012695641426605975
APO-DE,22,2169,8900,0.012695641426605975
APO-DE,22,2169,9000,0.012695641426605975
APO-DE,22,2169,9100,0.012694517928068668
APO-DE,22,2169,9200,0.012694517928068668
APO-DE,22,2169,9300,0.012694517928068668
APO-DE,22,2169,9400,0.012694517928068668
APO-DE,22,2169,9500,0.012694517928068668
APO-DE,22,2169,9600,0.012694517928068668
APO-DE,22,2169,9700,0.012694517928068668
APO-DE,22,2169,9800,0.01269374589314563
APO-DE,22,2169,9900,0.01269374589314563
APO-DE,22,2169,10000,0.01269374589314563
APO-LS,22,2169,100,89800.93754899538
APO-LS,22,2169,200,0.08826506208128934
APO-LS,22,2169,300,0.053780511439772805
APO-LS,22,2169,400,0.053780511439772805
APO-LS,22,2169,500,0.053780511439772805
APO-LS,22,2169,600,0.026360147155259105
APO-LS,22,2169,700,0.026360147155259105
APO-LS,22,2169,800,0.02043341223546936
APO-LS,22,2169,900,0.02043341223546936
APO-LS,22,2169,1000,0.02043341223546936
APO-LS,22,2169,1100,0.019929681947885663
APO-LS,22,2169,1200,0.01916329351924396
APO-LS,22,2169,1300,0.016382090342530648
APO-LS,22,2169,1400,0.016382090342530648
APO-LS,22,2169,1500,0.016382090342530648
APO-LS,22,2169,1600,0.016382090342530648
APO-LS,22,2169,1700,0.015586712516137646
APO-LS,22,2169,1800,0.01468914908512098
APO-LS,22,2169,1900,0.01468914908512098
APO-LS,22,2169,2000,0.01468914908512098
APO-LS,22,2169,2100,0.01468914908512098
APO-LS,22,2169,2200,0.01468914908512098
APO-LS,22,2169,2300,0.01468914908512098
APO-LS,22,2169,2400,0.01468914908512098
APO-LS,22,2169,2500,0.01468914908512098
APO-LS,22,2169,2600,0.01468914908512098
APO-LS,22,2169,2700,0.01453527667721305
APO-LS,22,2169,2800,0.01453527667721305
APO-LS,22,2169,2900,0.01453527667721305
APO-LS,22,2169,3000,0.01453527667721305
APO-LS,22,2169,3100,0.01453527667721305
APO-LS,22,2169,3200,0.01453527667721305
APO-LS,22,2169,3300,0.01453527667721305
APO-LS,22,2169,3400,0.01453527667721305
APO-LS,22,2169,3500,0.01453527667721305
APO-LS,22,2169,3600,0.014305406533273802
APO-LS,22,2169,3700,0.014305406533273802
APO-LS,22,2169,3800,0.014305406533273802
APO-LS,22,2169,3900,0.014064641438805293
APO-LS,22,2169,4000,0.014064641438805293
APO-LS,22,2169,4100,0.01403796042733774
APO-LS,22,2169,4200,0.013303324888053405
APO-LS,22,2169,4300,0.013303324888053405
APO-LS,22,2169,4400,0.013303324888053405
APO-LS,22,2169,4500,0.013303324888053405
APO-LS,22,2169,4600,0.013303324888053405
APO-LS,22,2169,4700,0.013303324888053405
APO-LS,22,2169,4800,0.013303324888053405
APO-LS,22,2169,4900,0.013303324888053405
APO-LS,22,2169,5000,0.013303324888053405
APO-LS,22,2169,5100,0.013303324888053405
APO-LS,22,2169,5200,0.013303324888053405
APO-LS,22,2169,5300,0.013303324888053405
APO-LS,22,2169,5400,0.013303324888053405
APO-LS,22,2169,5500,0.013303324888053405
APO-LS,22,2169,5600,0.013303324888053405
APO-LS,22,2169,5700,0.013303324888053405
APO-LS,22,2169,5800,0.012934063343839751
APO-LS,22,2169,5900,0.012934063343839751
APO-LS,22,2169,6000,0.012934063343839751
APO-LS,22,2169,6100,0.012934063343839751
APO-LS,22,2169,6200,0.012934063343839751
APO-LS,22,2169,6300,0.012934063343839751
APO-LS,22,2169,6400,0.012934063343839751
APO-LS,22,2169,6500,0.012934063343839751
APO-LS,22,2169,6600,0.012934063343839751
APO-LS,22,2169,6700,0.012934063343839751
APO-LS,22,2169,6800,0.012930334361342012
APO-LS,22,2169,6900,0.012930334361342012
APO-LS,22,2169,7000,0.012930334361342012
APO-LS,22,2169,7100,0.012930334361342012
APO-LS,22,2169,7200,0.012930334361342012
APO-LS,22,2169,7300,0.012930334361342012
APO-LS,22,2169,7400,0.012930334361342012
APO-LS,22,2169,7500,0.012930334361342012
APO-LS,22,2169,7600,0.012855459055457112
APO-LS,22,2169,7700,0.012855459055457112
APO-LS,22,2169,7800,0.012855459055457112
APO-LS,22,2169,7900,0.012855459055457112
APO-LS,22,2169,8000,0.012855459055457112
APO-LS,22,2169,8100,0.012855459055457112
APO-LS,22,2169,8200,0.012855459055457112
APO-LS,22,2169,8300,0.012855459055457112
APO-LS,22,2169,8400,0.012855459055457112
APO-LS,22,2169,8500,0.012855459055457112
APO-LS,22,2169,8600,0.012855459055457112
APO-LS,22,2169,8700,0.012855459055457112
APO-LS,22,2169,8800,0.012854654644795129
APO-LS,22,2169,8900,0.012854654644795129
APO-LS,22,2169,9000,0.012854654644795129
APO-LS,22,2169,9100,0.012854654644795129
APO-LS,22,2169,9200,0.012829300952698235
APO-LS,22,2169,9300,0.012829300952698235
APO-LS,22,2169,9400,0.012829300952698235
APO-LS,22,2169,9500,0.012829300952698235
APO-LS,22,2169,9600,0.012829300952698235
APO-LS,22,2169,9700,0.012829300952698235
APO-LS,22,2169,9800,0.01282924235696337
APO-LS,22,2169,9900,0.01282900679567177
APO-LS,22,2169,10000,0.0128288993844742
APO-PSO,22,2169,100,89800.93754899538
APO-PSO,22,2169,200,0.08299405929202637
APO-PSO,22,2169,300,0.03032154410837825
APO-PSO,22,2169,400,0.03032154410837825
APO-PSO,22,2169,500,0.026501816848810693
APO-PSO,22,2169,600,0.019204182434390413
APO-PSO,22,2169,700,0.019204182434390413
APO-PSO,22,2169,800,0.01726773278719993
APO-PSO,22,2169,900,0.013466289992971111
APO-PSO,22,2169,1000,0.013466289992971111
APO-PSO,22,2169,1100,0.013466289992971111
APO-PSO,22,2169,1200,0.013358798916515266
APO-PSO,22,2169,1300,0.013358798916515266
APO-PSO,22,2169,1400,0.013293450470463514
APO-PSO,22,2169,1500,0.01318501724119229
APO-PSO,22,2169,1600,0.01318501724119229
APO-PSO,22,2169,1700,0.01318501724119229
APO-PSO,22,2169,1800,0.01318501724119229
APO-PSO,22,2169,1900,0.01318501724119229
APO-PSO,22,2169,2000,0.01318501724119229
APO-PSO,22,2169,2100,0.01318501724119229
APO-PSO,22,2169,2200,0.01318501724119229
APO-PSO,22,2169,2300,0.01318501724119229
APO-PSO,22,2169,2400,0.01318501724119229
APO-PSO,22,2169,2500,0.01318501724119229
APO-PSO,22,2169,2600,0.01318501724119229
APO-PSO,22,2169,2700,0.013101514983932423
APO-PSO,22,2169,2800,0.013101514983932423
APO-PSO,22,2169,2900,0.013101514983932423
APO-PSO,22,2169,3000,0.013101514983932423
APO-PSO,22,2169,3100,0.013101514983932423
APO-PSO,22,2169,3200,0.013101514983932423
APO-PSO,22,2169,3300,0.013101514983932423
APO-PSO,22,2169,3400,0.013101514983932423
APO-PSO,22,2169,3500,0.013101514983932423
APO-PSO,22,2169,3600,0.013101514983932423
APO-PSO,22,2169,3700,0.013101514983932423
APO-PSO,22,2169,3800,0.013101514983932423
APO-PSO,22,2169,3900,0.013101514983932423
APO-PSO,22,2169,4000,0.013101514983932423
APO-PSO,22,2169,4100,0.013101514983932423
APO-PSO,22,2169,4200,0.01300582058877357
APO-PSO,22,2169,4300,0.01300582058877357
APO-PSO,22,2169,4400,0.01300582058877357
APO-PSO,22,2169,4500,0.01300582058877357
APO-PSO,22,2169,4600,0.01300582058877357
APO-PSO,22,2169,4700,0.01300582058877357
APO-PSO,22,2169,4800,0.01300582058877357
APO-PSO,22,2169,4900,0.01300582058877357
APO-PSO,22,2169,5000,0.01300582058877357
APO-PSO,22,2169,5100,0.01300582058877357
APO-PSO,22,2169,5200,0.01300582058877357
APO-PSO,22,2169,5300,0.01300582058877357
APO-PSO,22,2169,5400,0.01300582058877357
APO-PSO,22,2169,5500,0.01300582058877357
APO-PSO,22,2169,5600,0.01300582058877357
APO-PSO,22,2169,5700,0.01300582058877357
APO-PSO,22,2169,5800,0.01300582058877357
APO-PSO,22,2169,5900,0.01300582058877357
APO-PSO,22,2169,6000,0.01300582058877357
APO-PSO,22,2169,6100,0.01300582058877357
APO-PSO,22,2169,6200,0.012911365431517125
APO-PSO,22,2169,6300,0.012911365431517125
APO-PSO,22,2169,6400,0.012911365431517125
APO-PSO,22,2169,6500,0.012911365431517125
APO-PSO,22,2169,6600,0.012911365431517125
APO-PSO,22,2169,6700,0.012911365431517125
APO-PSO,22,2169,6800,0.012911365431517125
APO-PSO,22,2169,6900,0.012859776666373498
APO-PSO,22,2169,7000,0.012859776666373498
APO-PSO,22,2169,7100,0.012859776666373498
APO-PSO,22,2169,7200,0.012859776666373498
APO-PSO,22,2169,7300,0.012859776666373498
APO-PSO,22,2169,7400,0.012859776666373498
APO-PSO,22,2169,7500,0.012859776666373498
APO-PSO,22,2169,7600,0.012859776666373498
APO-PSO,22,2169,7700,0.012859776666373498
APO-PSO,22,2169,7800,0.012859776666373498
APO-PSO,22,2169,7900,0.012859776666373498
APO-PSO,22,2169,8000,0.012859776666373498
APO-PSO,22,2169,8100,0.012859776666373498
APO-PSO,22,2169,8200,0.012859776666373498
APO-PSO,22,2169,8300,0.012859776666373498
APO-PSO,22,2169,8400,0.012859776666373498
APO-PSO,22,2169,8500,0.012843328153576774
APO-PSO,22,2169,8600,0.012843328153576774
APO-PSO,22,2169,8700,0.012843328153576774
APO-PSO,22,2169,8800,0.012841416130828962
APO-PSO,22,2169,8900,0.012841416130828962
APO-PSO,22,2169,9000,0.012829213353511705
APO-PSO,22,2169,9100,0.012829213353511705
APO-PSO,22,2169,9200,0.012829213353511705
APO-PSO,22,2169,9300,0.012829213353511705
APO-PSO,22,2169,9400,0.012829213353511705
APO-PSO,22,2169,9500,0.012829213353511705
APO-PSO,22,2169,9600,0.012829213353511705
APO-PSO,22,2169,9700,0.01282773985998083
APO-PSO,22,2169,9800,0.01282773985998083
APO-PSO,22,2169,9900,0.01282773985998083
APO-PSO,22,2169,10000,0.012827582511660537
APO-wr-DE,22,2169,100,89800.93754899538
APO-wr-DE,22,2169,200,0.0467112706971584
APO-wr-DE,22,2169,300,0.0467112706971584
APO-wr-DE,22,2169,400,0.0467112706971584
APO-wr-DE,22,2169,500,0.03108017423045341
APO-wr-DE,22,2169,600,0.020588412385945214
APO-wr-DE,22,2169,700,0.020588412385945214
APO-wr-DE,22,2169,800,0.020588412385945214
APO-wr-DE,22,2169,900,0.020588412385945214
APO-wr-DE,22,2169,1000,0.0161371368840614
APO-wr-DE,22,2169,1100,0.0161371368840614
APO-wr-DE,22,2169,1200,0.016122991056437493
APO-wr-DE,22,2169,1300,0.016122991056437493
APO-wr-DE,22,2169,1400,0.016122991056437493
APO-wr-DE,22,2169,1500,0.016122991056437493
APO-wr-DE,22,2169,1600,0.015287997357763773
APO-wr-DE,22,2169,1700,0.014106811864776726
APO-wr-DE,22,2169,1800,0.014106811864776726
APO-wr-DE,22,2169,1900,0.014106811864776726
APO-wr-DE,22,2169,2000,0.014106811864776726
APO-wr-DE,22,2169,2100,0.014106811864776726
APO-wr-DE,22,2169,2200,0.014106811864776726
APO-wr-DE,22,2169,2300,0.013979302947158394
APO-wr-DE,22,2169,2400,0.013979302947158394
APO-wr-DE,22,2169,2500,0.013725638590898452
APO-wr-DE,22,2169,2600,0.013725638590898452
APO-wr-DE,22,2169,2700,0.013725638590898452
APO-wr-DE,22,2169,2800,0.013725638590898452
APO-wr-DE,22,2169,2900,0.013725638590898452
APO-wr-DE,22,2169,3000,0.013725638590898452
APO-wr-DE,22,2169,3100,0.013108027975066112
APO-wr-DE,22,2169,3200,0.013108027975066112
APO-wr-DE,22,2169,3300,0.013108027975066112
APO-wr-DE,22,2169,3400,0.013108027975066112
APO-wr-DE,22,2169,3500,0.013108027975066112
APO-wr-DE,22,2169,3600,0.013108027975066112
APO-wr-DE,22,2169,3700,0.013108027975066112
APO-wr-DE,22,2169,3800,0.013108027975066112
APO-wr-DE,22,2169,3900,0.013108027975066112
APO-wr-DE,22,2169,4000,0.013108027975066112
APO-wr-DE,22,2169,4100,0.013108027975066112
APO-wr-DE,22,2169,4200,0.013108027975066112
APO-wr-DE,22,2169,4300,0.013108027975066112
APO-wr-DE,22,2169,4400,0.013108027975066112
APO-wr-DE,22,2169,4500,0.013045369136531848
APO-wr-DE,22,2169,4600,0.013045369136531848
APO-wr-DE,22,2169,4700,0.013045369136531848
APO-wr-DE,22,2169,4800,0.013045369136531848
APO-wr-DE,22,2169,4900,0.01294931915829344
APO-wr-DE,22,2169,5000,0.01294931915829344
APO-wr-DE,22,2169,5100,0.01294931915829344
APO-wr-DE,22,2169,5200,0.012911694097164457
APO-wr-DE,22,2169,5300,0.012911694097164457
APO-wr-DE,22,2169,5400,0.012911694097164457
APO-wr-DE,22,2169,5500,0.012911694097164457
APO-wr-DE,22,2169,5600,0.012911694097164457
APO-wr-DE,22,2169,5700,0.012911694097164457
APO-wr-DE,22,2169,5800,0.012911694097164457
APO-wr-DE,22,2169,5900,0.012911694097164457
APO-wr-DE,22,2169,6000,0.012911694097164457
APO-wr-DE,22,2169,6100,0.012797237727533578
APO-wr-DE,22,2169,6200,0.012797237727533578
APO-wr-DE,22,2169,6300,0.012797237727533578
APO-wr-DE,22,2169,6400,0.012797237727533578
APO-wr-DE,22,2169,6500,0.012797237727533578
APO-wr-DE,22,2169,6600,0.012797237727533578
APO-wr-DE,22,2169,6700,0.012797237727533578
APO-wr-DE,22,2169,6800,0.012797237727533578
APO-wr-DE,22,2169,6900,0.012797237727533578
APO-wr-DE,22,2169,7000,0.012797237727533578
APO-wr-DE,22,2169,7100,0.012797237727533578
APO-wr-DE,22,2169,7200,0.012783653721649784
APO-wr-DE,22,2169,7300,0.012777361788127628
APO-wr-DE,22,2169,7400,0.012777361788127628
APO-wr-DE,22,2169,7500,0.012777361788127628
APO-wr-DE,22,2169,7600,0.012757241270523067
APO-wr-DE,22,2169,7700,0.012742916142904013
APO-wr-DE,22,2169,7800,0.012742916142904013
APO-wr-DE,22,2169,7900,0.012742916142904013
APO-wr-DE,22,2169,8000,0.012742916142904013
APO-wr-DE,22,2169,8100,0.012742916142904013
APO-wr-DE,22,2169,8200,0.012742916142904013
APO-wr-DE,22,2169,8300,0.012742916142904013
APO-wr-DE,22,2169,8400,0.012742916142904013
APO-wr-DE,22,2169,8500,0.012742916142904013
APO-wr-DE,22,2169,8600,0.012742916142904013
APO-wr-DE,22,2169,8700,0.012708577331039401
APO-wr-DE,22,2169,8800,0.012708577331039401
APO-wr-DE,22,2169,8900,0.01270533895249888
APO-wr-DE,22,2169,9000,0.01270533895249888
APO-wr-DE,22,2169,9100,0.012703780749272591
APO-wr-DE,22,2169,9200,0.012703780749272591
APO-wr-DE,22,2169,9300,0.012703780749272591
APO-wr-DE,22,2169,9400,0.012703780749272591
APO-wr-DE,22,2169,9500,0.012703780749272591
APO-wr-DE,22,2169,9600,0.012703780749272591
APO-wr-DE,22,2169,9700,0.012703780749272591
APO-wr-DE,22,2169,9800,0.012701427715928026
APO-wr-DE,22,2169,9900,0.012701427715928026
APO-wr-DE,22,2169,10000,0.012701427715928026
APO-wr-LS,22,2169,100,89800.93754899538
APO-wr-LS,22,2169,200,0.0467112706971584
APO-wr-LS,22,2169,300,0.0467112706971584
APO-wr-LS,22,2169,400,0.041462356149955644
APO-wr-LS,22,2169,500,0.0165719080258268
APO-wr-LS,22,2169,600,0.0165719080258268
APO-wr-LS,22,2169,700,0.0165719080258268
APO-wr-LS,22,2169,800,0.0165719080258268
APO-wr-LS,22,2169,900,0.0165719080258268
APO-wr-LS,22,2169,1000,0.0165719080258268
APO-wr-LS,22,2169,1100,0.0165719080258268
APO-wr-LS,22,2169,1200,0.0165719080258268
APO-wr-LS,22,2169,1300,0.0165719080258268
APO-wr-LS,22,2169,1400,0.016504713749547796
APO-wr-LS,22,2169,1500,0.016390768822217995
APO-wr-LS,22,2169,1600,0.013043305544361988
APO-wr-LS,22,2169,1700,0.013043305544361988
APO-wr-LS,22,2169,1800,0.013043305544361988
APO-wr-LS,22,2169,1900,0.013043305544361988
APO-wr-LS,22,2169,2000,0.013043305544361988
APO-wr-LS,22,2169,2100,0.013043305544361988
APO-wr-LS,22,2169,2200,0.013043305544361988
APO-wr-LS,22,2169,2300,0.013043305544361988
APO-wr-LS,22,2169,2400,0.013043305544361988
APO-wr-LS,22,2169,2500,0.013043305544361988
APO-wr-LS,22,2169,2600,0.013043305544361988
APO-wr-LS,22,2169,2700,0.013043305544361988
APO-wr-LS,22,2169,2800,0.013043305544361988
APO-wr-LS,22,2169,2900,0.013043305544361988
APO-wr-LS,22,2169,3000,0.013043305544361988
APO-wr-LS,22,2169,3100,0.013043305544361988
APO-wr-LS,22,2169,3200,0.013043305544361988
APO-wr-LS,22,2169,3300,0.013043305544361988
APO-wr-LS,22,2169,3400,0.013043305544361988
APO-wr-LS,22,2169,3500,0.013043305544361988
APO-wr-LS,22,2169,3600,0.013043305544361988
APO-wr-LS,22,2169,3700,0.013043305544361988
APO-wr-LS,22,2169,3800,0.013043305544361988
APO-wr-LS,22,2169,3900,0.013043305544361988
APO-wr-LS,22,2169,4000,0.013043305544361988
APO-wr-LS,22,2169,4100,0.013043305544361988
APO-wr-LS,22,2169,4200,0.013043305544361988
APO-wr-LS,22,2169,4300,0.013043305544361988
APO-wr-LS,22,2169,4400,0.013043305544361988
APO-wr-LS,22,2169,4500,0.013043305544361988
APO-wr-LS,22,2169,4600,0.013043305544361988
APO-wr-LS,22,2169,4700,0.013043305544361988
APO-wr-LS,22,2169,4800,0.013043305544361988
APO-wr-LS,22,2169,4900,0.013043305544361988
APO-wr-LS,22,2169,5000,0.012967836843510192
APO-wr-LS,22,2169,5100,0.012967836843510192
APO-wr-LS,22,2169,5200,0.012967836843510192
APO-wr-LS,22,2169,5300,0.012967836843510192
APO-wr-LS,22,2169,5400,0.012967836843510192
APO-wr-LS,22,2169,5500,0.012967836843510192
APO-wr-LS,22,2169,5600,0.012967836843510192
APO-wr-LS,22,2169,5700,0.012967836843510192
APO-wr-LS,22,2169,5800,0.012967836843510192
APO-wr-LS,22,2169,5900,0.012967836843510192
APO-wr-LS,22,2169,6000,0.012967836843510192
APO-wr-LS,22,2169,6100,0.012967836843510192
APO-wr-LS,22,2169,6200,0.012967836843510192
APO-wr-LS,22,2169,6300,0.012897124389778122
APO-wr-LS,22,2169,6400,0.012897124389778122
APO-wr-LS,22,2169,6500,0.012852395445388727
APO-wr-LS,22,2169,6600,0.012852395445388727
APO-wr-LS,22,2169,6700,0.012852395445388727
APO-wr-LS,22,2169,6800,0.012852395445388727
APO-wr-LS,22,2169,6900,0.012852395445388727
APO-wr-LS,22,2169,7000,0.012852395445388727
APO-wr-LS,22,2169,7100,0.012852395445388727
APO-wr-LS,22,2169,7200,0.012840994972548354
APO-wr-LS,22,2169,7300,0.012840994972548354
APO-wr-LS,22,2169,7400,0.012840994972548354
APO-wr-LS,22,2169,7500,0.012840994972548354
APO-wr-LS,22,2169,7600,0.012840994972548354
APO-wr-LS,22,2169,7700,0.012840994972548354
APO-wr-LS,22,2169,7800,0.012840994972548354
APO-wr-LS,22,2169,7900,0.012840994972548354
APO-wr-LS,22,2169,8000,0.012840994972548354
APO-wr-LS,22,2169,8100,0.012840994972548354
APO-wr-LS,22,2169,8200,0.012829659920799262
APO-wr-LS,22,2169,8300,0.012829659920799262
APO-wr-LS,22,2169,8400,0.012829659920799262
APO-wr-LS,22,2169,8500,0.012829490643622968
APO-wr-LS,22,2169,8600,0.012710551188604386
APO-wr-LS,22,2169,8700,0.012710551188604386
APO-wr-LS,22,2169,8800,0.01270998435759392
APO-wr-LS,22,2169,8900,0.01270998435759392
APO-wr-LS,22,2169,9000,0.01270998435759392
APO-wr-LS,22,2169,9100,0.01270998435759392
APO-wr-LS,22,2169,9200,0.01270998435759392
APO-wr-LS,22,2169,9300,0.01270998435759392
APO-wr-LS,22,2169,9400,0.01270998435759392
APO-wr-LS,22,2169,9500,0.012704553837075569
APO-wr-LS,22,2169,9600,0.012704553837075569
APO-wr-LS,22,2169,9700,0.012704553837075569
APO-wr-LS,22,2169,9800,0.012704553128850028
APO-wr-LS,22,2169,9900,0.012704553128850028
APO-wr-LS,22,2169,10000,0.012704553128850028
APO-wr-PSO,22,2169,100,89800.93754899538
APO-wr-PSO,22,2169,200,0.0467112706971584
APO-wr-PSO,22,2169,300,0.03976638386613308
APO-wr-PSO,22,2169,400,0.023083504059899628
APO-wr-PSO,22,2169,500,0.023083504059899628
APO-wr-PSO,22,2169,600,0.023083504059899628
APO-wr-PSO,22,2169,700,0.013319600670406882
APO-wr-PSO,22,2169,800,0.013319600670406882
APO-wr-PSO,22,2169,900,0.013212402437294943
APO-wr-PSO,22,2169,1000,0.013212402437294943
APO-wr-PSO,22,2169,1100,0.013212402437294943
APO-wr-PSO,22,2169,1200,0.013212402437294943
APO-wr-PSO,22,2169,1300,0.013212402437294943
APO-wr-PSO,22,2169,1400,0.013212402437294943
APO-wr-PSO,22,2169,1500,0.013212402437294943
APO-wr-PSO,22,2169,1600,0.013113952784484897
APO-wr-PSO,22,2169,1700,0.013113952784484897
APO-wr-PSO,22,2169,1800,0.013113952784484897
APO-wr-PSO,22,2169,1900,0.012982099888869263
APO-wr-PSO,22,2169,2000,0.012982099888869263
APO-wr-PSO,22,2169,2100,0.012982099888869263
APO-wr-PSO,22,2169,2200,0.012982099888869263
APO-wr-PSO,22,2169,2300,0.012982099888869263
APO-wr-PSO,22,2169,2400,0.012982099888869263
APO-wr-PSO,22,2169,2500,0.012982099888869263
APO-wr-PSO,22,2169,2600,0.012982099888869263
APO-wr-PSO,22,2169,2700,0.012982099888869263
APO-wr-PSO,22,2169,2800,0.012982099888869263
APO-wr-PSO,22,2169,2900,0.012982099888869263
APO-wr-PSO,22,2169,3000,0.012982099888869263
APO-wr-PSO,22,2169,3100,0.012982099888869263
APO-wr-PSO,22,2169,3200,0.012982099888869263
APO-wr-PSO,22,2169,3300,0.012982099888869263
APO-wr-PSO,22,2169,3400,0.012982099888869263
APO-wr-PSO,22,2169,3500,0.012982099888869263
APO-wr-PSO,22,2169,3600,0.012982099888869263
APO-wr-PSO,22,2169,3700,0.012982099888869263
APO-wr-PSO,22,2169,3800,0.012982099888869263
APO-wr-PSO,22,2169,3900,0.012830604804632804
APO-wr-PSO,22,2169,4000,0.012830604804632804
APO-wr-PSO,22,2169,4100,0.012830604804632804
APO-wr-PSO,22,2169,4200,0.012830604804632804
APO-wr-PSO,22,2169,4300,0.012830604804632804
APO-wr-PSO,22,2169,4400,0.012830604804632804
APO-wr-PSO,22,2169,4500,0.012830604804632804
APO-wr-PSO,22,2169,4600,0.012830604804632804
APO-wr-PSO,22,2169,4700,0.012830604804632804
APO-wr-PSO,22,2169,4800,0.012830604804632804
APO-wr-PSO,22,2169,4900,0.012830604804632804
APO-wr-PSO,22,2169,5000,0.012830604804632804
APO-wr-PSO,22,2169,5100,0.012830604804632804
APO-wr-PSO,22,2169,5200,0.012830604804632804
APO-wr-PSO,22,2169,5300,0.012830604804632804
APO-wr-PSO,22,2169,5400,0.012830604804632804
APO-wr-PSO,22,2169,5500,0.012830604804632804
APO-wr-PSO,22,2169,5600,0.012830604804632804
APO-wr-PSO,22,2169,5700,0.012830604804632804
APO-wr-PSO,22,2169,5800,0.012766331577344713
APO-wr-PSO,22,2169,5900,0.012766331577344713
APO-wr-PSO,22,2169,6000,0.012766331577344713
APO-wr-PSO,22,2169,6100,0.012766331577344713
APO-wr-PSO,22,2169,6200,0.012766331577344713
APO-wr-PSO,22,2169,6300,0.012766331577344713
APO-wr-PSO,22,2169,6400,0.012766331577344713
APO-wr-PSO,22,2169,6500,0.012766331577344713
APO-wr-PSO,22,2169,6600,0.012766331577344713
APO-wr-PSO,22,2169,6700,0.012766331577344713
APO-wr-PSO,22,2169,6800,0.012766331577344713
APO-wr-PSO,22,2169,6900,0.012766331577344713
APO-wr-PSO,22,2169,7000,0.012766331577344713
APO-wr-PSO,22,2169,7100,0.012766331577344713
APO-wr-PSO,22,2169,7200,0.012766331577344713
APO-wr-PSO,22,2169,7300,0.012766331577344713
APO-wr-PSO,22,2169,7400,0.012766331577344713
APO-wr-PSO,22,2169,7500,0.012766331577344713
APO-wr-PSO,22,2169,7600,0.012766331577344713
APO-wr-PSO,22,2169,7700,0.012766331577344713
APO-wr-PSO,22,2169,7800,0.012766331577344713
APO-wr-PSO,22,2169,7900,0.012766331577344713
APO-wr-PSO,22,2169,8000,0.012766331577344713
APO-wr-PSO,22,2169,8100,0.012766331577344713
APO-wr-PSO,22,2169,8200,0.012766331577344713
APO-wr-PSO,22,2169,8300,0.012766331577344713
APO-wr-PSO,22,2169,8400,0.012766331577344713
APO-wr-PSO,22,2169,8500,0.012766331577344713
APO-wr-PSO,22,2169,8600,0.012766331577344713
APO-wr-PSO,22,2169,8700,0.012766331577344713
APO-wr-PSO,22,2169,8800,0.012764817323406896
APO-wr-PSO,22,2169,8900,0.012764817323406896
APO-wr-PSO,22,2169,9000,0.012764817323406896
APO-wr-PSO,22,2169,9100,0.012764817323406896
APO-wr-PSO,22,2169,9200,0.012764817323406896
APO-wr-PSO,22,2169,9300,0.012764817323406896
APO-wr-PSO,22,2169,9400,0.012764817323406896
APO-wr-PSO,22,2169,9500,0.012762553247191378
APO-wr-PSO,22,2169,9600,0.012761602652707123
APO-wr-PSO,22,2169,9700,0.012760643717008044
APO-wr-PSO,22,2169,9800,0.012759395492783878
APO-wr-PSO,22,2169,9900,0.012759395492783878
APO-wr-PSO,22,2169,10000,0.012759064745199939
APO,23,2176,100,0.042362148278273636
APO,23,2176,200,0.042362148278273636
APO,23,2176,300,0.042362148278273636
APO,23,2176,400,0.032126711276375584
APO,23,2176,500,0.032126711276375584
APO,23,2176,600,0.02628836221918502
APO,23,2176,700,0.013386557192508234
APO,23,2176,800,0.013386557192508234
APO,23,2176,900,0.013386557192508234
APO,23,2176,1000,0.013386557192508234
APO,23,2176,1100,0.013386557192508234
APO,23,2176,1200,0.013386557192508234
APO,23,2176,1300,0.013386557192508234
APO,23,2176,1400,0.013386557192508234
APO,23,2176,1500,0.013386557192508234
APO,23,2176,1600,0.013386557192508234
APO,23,2176,1700,0.013386557192508234
APO,23,2176,1800,0.013386557192508234
APO,23,2176,1900,0.013386557192508234
APO,23,2176,2000,0.013386557192508234
APO,23,2176,2100,0.013021937346793187
APO,23,2176,2200,0.013021937346793187
APO,23,2176,2300,0.013021937346793187
APO,23,2176,2400,0.013021937346793187
APO,23,2176,2500,0.013021937346793187
APO,23,2176,2600,0.013021937346793187
APO,23,2176,2700,0.013021937346793187
APO,23,2176,2800,0.013021937346793187
APO,23,2176,2900,0.013021937346793187
APO,23,2176,3000,0.013021937346793187
APO,23,2176,3100,0.013021937346793187
APO,23,2176,3200,0.013021937346793187
APO,23,2176,3300,0.013021937346793187
APO,23,2176,3400,0.013021937346793187
APO,23,2176,3500,0.013021937346793187
APO,23,2176,3600,0.013021937346793187
APO,23,2176,3700,0.013021937346793187
APO,23,2176,3800,0.013021937346793187
APO,23,2176,3900,0.013021937346793187
APO,23,2176,4000,0.013021937346793187
APO,23,2176,4100,0.013021937346793187
APO,23,2176,4200,0.012964648105362544
APO,23,2176,4300,0.012964648105362544
APO,23,2176,4400,0.012964648105362544
APO,23,2176,4500,0.012964648105362544
APO,23,2176,4600,0.012964648105362544
APO,23,2176,4700,0.012964648105362544
APO,23,2176,4800,0.012964648105362544
APO,23,2176,4900,0.012964648105362544
APO,23,2176,5000,0.012964648105362544
APO,23,2176,5100,0.012927128090588597
APO,23,2176,5200,0.012927128090588597
APO,23,2176,5300,0.012927128090588597
APO,23,2176,5400,0.012927128090588597
APO,23,2176,5500,0.012927128090588597
APO,23,2176,5600,0.012927128090588597
APO,23,2176,5700,0.012927128090588597
APO,23,2176,5800,0.012927128090588597
APO,23,2176,5900,0.012927128090588597
APO,23,2176,6000,0.012927128090588597
APO,23,2176,6100,0.012927128090588597
APO,23,2176,6200,0.012927128090588597
APO,23,2176,6300,0.012927128090588597
APO,23,2176,6400,0.012927128090588597
APO,23,2176,6500,0.012900374981884493
APO,23,2176,6600,0.012900374981884493
APO,23,2176,6700,0.012900374981884493
APO,23,2176,6800,0.012900374981884493
APO,23,2176,6900,0.012900374981884493
APO,23,2176,7000,0.012900374981884493
APO,23,2176,7100,0.012900374981884493
APO,23,2176,7200,0.01281940563101659
APO,23,2176,7300,0.01281940563101659
APO,23,2176,7400,0.01281940563101659
APO,23,2176,7500,0.01281940563101659
APO,23,2176,7600,0.01281940563101659
APO,23,2176,7700,0.01281940563101659
APO,23,2176,7800,0.01281940563101659
APO,23,2176,7900,0.01281940563101659
APO,23,2176,8000,0.01281940563101659
APO,23,2176,8100,0.01281159935808831
APO,23,2176,8200,0.01281159935808831
APO,23,2176,8300,0.01281159935808831
APO,23,2176,8400,0.01281159935808831
APO,23,2176,8500,0.0128087362824691
APO,23,2176,8600,0.012779274944994064
APO,23,2176,8700,0.012779274944994064
APO,23,2176,8800,0.012779274944994064
APO,23,2176,8900,0.012779274944994064
APO,23,2176,9000,0.012777846504545958
APO,23,2176,9100,0.012777846504545958
APO,23,2176,9200,0.012777846504545958
APO,23,2176,9300,0.012776602827695164
APO,23,2176,9400,0.012776602827695164
APO,23,2176,9500,0.01277642425111498
APO,23,2176,9600,0.01277642425111498
APO,23,2176,9700,0.012776316371563845
APO,23,2176,9800,0.012775709816285022
APO,23,2176,9900,0.01277552552732617
APO,23,2176,10000,0.01277552552732617
APO-wr,23,2176,100,0.042362148278273636
APO-wr,23,2176,200,0.042362148278273636
APO-wr,23,2176,300,0.035090492524752215
APO-wr,23,2176,400,0.03476757780034376
APO-wr,23,2176,500,0.013234929464894428
APO-wr,23,2176,600,0.013234929464894428
APO-wr,23,2176,700,0.013234929464894428
APO-wr,23,2176,800,0.013234929464894428
APO-wr,23,2176,900,0.013234929464894428
APO-wr,23,2176,1000,0.013234929464894428
APO-wr,23,2176,1100,0.013234929464894428
APO-wr,23,2176,1200,0.01315766473054336
APO-wr,23,2176,1300,0.01315766473054336
APO-wr,23,2176,1400,0.01315766473054336
APO-wr,23,2176,1500,0.01315766473054336
APO-wr,23,2176,1600,0.01315766473054336
APO-wr,23,2176,1700,0.01315766473054336
APO-wr,23,2176,1800,0.01315766473054336
APO-wr,23,2176,1900,0.01315766473054336
APO-wr,23,2176,2000,0.01315766473054336
APO-wr,23,2176,2100,0.01315766473054336
APO-wr,23,2176,2200,0.01315766473054336
APO-wr,23,2176,2300,0.01315766473054336
APO-wr,23,2176,2400,0.01315766473054336
APO-wr,23,2176,2500,0.01315766473054336
APO-wr,23,2176,2600,0.01315766473054336
APO-wr,23,2176,2700,0.01315766473054336
APO-wr,23,2176,2800,0.01315766473054336
APO-wr,23,2176,2900,0.01315766473054336
APO-wr,23,2176,3000,0.01315766473054336
APO-wr,23,2176,3100,0.01315766473054336
APO-wr,23,2176,3200,0.01315766473054336
APO-wr,23,2176,3300,0.01315766473054336
APO-wr,23,2176,3400,0.01315766473054336
APO-wr,23,2176,3500,0.01315766473054336
APO-wr,23,2176,3600,0.01315766473054336
APO-wr,23,2176,3700,0.01315766473054336
APO-wr,23,2176,3800,0.01315766473054336
APO-wr,23,2176,3900,0.01315766473054336
APO-wr,23,2176,4000,0.01315766473054336
APO-wr,23,2176,4100,0.01315766473054336
APO-wr,23,2176,4200,0.01315766473054336
APO-wr,23,2176,4300,0.01315766473054336
APO-wr,23,2176,4400,0.01315766473054336
APO-wr,23,2176,4500,0.01315766473054336
APO-wr,23,2176,4600,0.01315766473054336
APO-wr,23,2176,4700,0.01315766473054336
APO-wr,23,2176,4800,0.013002246913079274
APO-wr,23,2176,4900,0.013002246913079274
APO-wr,23,2176,5000,0.013002246913079274
APO-wr,23,2176,5100,0.013002246913079274
APO-wr,23,2176,5200,0.013002246913079274
APO-wr,23,2176,5300,0.013002246913079274
APO-wr,23,2176,5400,0.013002246913079274
APO-wr,23,2176,5500,0.013002246913079274
APO-wr,23,2176,5600,0.013002246913079274
APO-wr,23,2176,5700,0.01299658329849205
APO-wr,23,2176,5800,0.01299658329849205
APO-wr,23,2176,5900,0.01299658329849205
APO-wr,23,2176,6000,0.01299658329849205
APO-wr,23,2176,6100,0.01299658329849205
APO-wr,23,2176,6200,0.012841247313111516
APO-wr,23,2176,6300,0.012841247313111516
APO-wr,23,2176,6400,0.012841247313111516
APO-wr,23,2176,6500,0.012841247313111516
APO-wr,23,2176,6600,0.012841247313111516
APO-wr,23,2176,6700,0.012841247313111516
APO-wr,23,2176,6800,0.012841247313111516
APO-wr,23,2176,6900,0.012841247313111516
APO-wr,23,2176,7000,0.012841247313111516
APO-wr,23,2176,7100,0.012841247313111516
APO-wr,23,2176,7200,0.012841247313111516
APO-wr,23,2176,7300,0.012841247313111516
APO-wr,23,2176,7400,0.012841247313111516
APO-wr,23,2176,7500,0.012841247313111516
APO-wr,23,2176,7600,0.012841247313111516
APO-wr,23,2176,7700,0.012808234979492943
APO-wr,23,2176,7800,0.012808234979492943
APO-wr,23,2176,7900,0.012808234979492943
APO-wr,23,2176,8000,0.012808234979492943
APO-wr,23,2176,8100,0.012808234979492943
APO-wr,23,2176,8200,0.012808234979492943
APO-wr,23,2176,8300,0.012808234979492943
APO-wr,23,2176,8400,0.012808234225000738
APO-wr,23,2176,8500,0.012808234225000738
APO-wr,23,2176,8600,0.012802635686417766
APO-wr,23,2176,8700,0.012802635686417766
APO-wr,23,2176,8800,0.012802635686417766
APO-wr,23,2176,8900,0.012802635686417766
APO-wr,23,2176,9000,0.012799811735185095
APO-wr,23,2176,9100,0.012799811735185095
APO-wr,23,2176,9200,0.012789647070784848
APO-wr,23,2176,9300,0.012787740992889388
APO-wr,23,2176,9400,0.012787740992889388
APO-wr,23,2176,9500,0.012787339883741497
APO-wr,23,2176,9600,0.012787339883741497
APO-wr,23,2176,9700,0.012787177875624585
APO-wr,23,2176,9800,0.012786605053343402
APO-wr,23,2176,9900,0.01278643887885471
APO-wr,23,2176,10000,0.01278643887885471
APO-DE,23,2176,100,0.042362148278273636
APO-DE,23,2176,200,0.042362148278273636
APO-DE,23,2176,300,0.042362148278273636
APO-DE,23,2176,400,0.042362148278273636
APO-DE,23,2176,500,0.02845926473258829
APO-DE,23,2176,600,0.02845926473258829
APO-DE,23,2176,700,0.01322084291660018
APO-DE,23,2176,800,0.01322084291660018
APO-DE,23,2176,900,0.01322084291660018
APO-DE,23,2176,1000,0.01322084291660018
APO-DE,23,2176,1100,0.01322084291660018
APO-DE,23,2176,1200,0.01322084291660018
APO-DE,23,2176,1300,0.01322084291660018
APO-DE,23,2176,1400,0.01322084291660018
APO-DE,23,2176,1500,0.01322084291660018
APO-DE,23,2176,1600,0.01322084291660018
APO-DE,23,2176,1700,0.01322084291660018
APO-DE,23,2176,1800,0.01322084291660018
APO-DE,23,2176,1900,0.01322084291660018
APO-DE,23,2176,2000,0.01322084291660018
APO-DE,23,2176,2100,0.01322084291660018
APO-DE,23,2176,2200,0.01322084291660018
APO-DE,23,2176,2300,0.01322084291660018
APO-DE,23,2176,2400,0.01322084291660018
APO-DE,23,2176,2500,0.01322084291660018
APO-DE,23,2176,2600,0.01322084291660018
APO-DE,23,2176,2700,0.01322084291660018
APO-DE,23,2176,2800,0.01322084291660018
APO-DE,23,2176,2900,0.012994669234375625
APO-DE,23,2176,3000,0.012994669234375625
APO-DE,23,2176,3100,0.012994669234375625
APO-DE,23,2176,3200,0.012994669234375625
APO-DE,23,2176,3300,0.012994669234375625
APO-DE,23,2176,3400,0.012994669234375625
APO-DE,23,2176,3500,0.012994669234375625
APO-DE,23,2176,3600,0.012994669234375625
APO-DE,23,2176,3700,0.012994669234375625
APO-DE,23,2176,3800,0.012994669234375625
APO-DE,23,2176,3900,0.012994669234375625
APO-DE,23,2176,4000,0.012994669234375625
APO-DE,23,2176,4100,0.012994669234375625
APO-DE,23,2176,4200,0.012994669234375625
APO-DE,23,2176,4300,0.012994669234375625
APO-DE,23,2176,4400,0.012994669234375625
APO-DE,23,2176,4500,0.012994669234375625
APO-DE,23,2176,4600,0.012994669234375625
APO-DE,23,2176,4700,0.012994669234375625
APO-DE,23,2176,4800,0.012994669234375625
APO-DE,23,2176,4900,0.012994669234375625
APO-DE,23,2176,5000,0.012994669234375625
APO-DE,23,2176,5100,0.012994669234375625
APO-DE,23,2176,5200,0.012994669234375625
APO-DE,23,2176,5300,0.012994669234375625
APO-DE,23,2176,5400,0.012994669234375625
APO-DE,23,2176,5500,0.012994669234375625
APO-DE,23,2176,5600,0.012994669234375625
APO-DE,23,2176,5700,0.012994669234375625
APO-DE,23,2176,5800,0.012943617777260708
APO-DE,23,2176,5900,0.012943617777260708
APO-DE,23,2176,6000,0.012943617777260708
APO-DE,23,2176,6100,0.012943617777260708
APO-DE,23,2176,6200,0.012943617777260708
APO-DE,23,2176,6300,0.012943617777260708
APO-DE,23,2176,6400,0.012943617777260708
APO-DE,23,2176,6500,0.012943617777260708
APO-DE,23,2176,6600,0.012943617777260708
APO-DE,23,2176,6700,0.012943617777260708
APO-DE,23,2176,6800,0.012943617777260708
APO-DE,23,2176,6900,0.012869290741316666
APO-DE,23,2176,7000,0.012857625674408518
APO-DE,23,2176,7100,0.012857625674408518
APO-DE,23,2176,7200,0.012857625674408518
APO-DE,23,2176,7300,0.012857625674408518
APO-DE,23,2176,7400,0.012836564163337104
APO-DE,23,2176,7500,0.012836564163337104
APO-DE,23,2176,7600,0.012836564163337104
APO-DE,23,2176,7700,0.012836564163337104
APO-DE,23,2176,7800,0.012836564163337104
APO-DE,23,2176,7900,0.012803404933630084
APO-DE,23,2176,8000,0.012803404933630084
APO-DE,23,2176,8100,0.012803404933630084
APO-DE,23,2176,8200,0.012803404933630084
APO-DE,23,2176,8300,0.012803404933630084
APO-DE,23,2176,8400,0.012803404933630084
APO-DE,23,2176,8500,0.012803404933630084
APO-DE,23,2176,8600,0.0127888385732615
APO-DE,23,2176,8700,0.0127888385732615
APO-DE,23,2176,8800,0.0127888385732615
APO-DE,23,2176,8900,0.0127888385732615
APO-DE,23,2176,9000,0.0127888385732615
APO-DE,23,2176,9100,0.0127888385732615
APO-DE,23,2176,9200,0.0127888385732615
APO-DE,23,2176,9300,0.0127888385732615
APO-DE,23,2176,9400,0.012783917737974592
APO-DE,23,2176,9500,0.012783172199797221
APO-DE,23,2176,9600,0.012783172199797221
APO-DE,23,2176,9700,0.012783172199797221
APO-DE,23,2176,9800,0.012780583389191802
APO-DE,23,2176,9900,0.01278034301596699
APO-DE,23,2176,10000,0.012780191140442548
APO-LS,23,2176,100,0.042362148278273636
APO-LS,23,2176,200,0.042362148278273636
APO-LS,23,2176,300,0.042362148278273636
APO-LS,23,2176,400,0.030455970416429303
APO-LS,23,2176,500,0.030455970416429303
APO-LS,23,2176,600,0.030455970416429303
APO-LS,23,2176,700,0.023259168565435372
APO-LS,23,2176,800,0.019203279307480597
APO-LS,23,2176,900,0.01784800725589188
APO-LS,23,2176,1000,0.01784800725589188
APO-LS,23,2176,1100,0.01770998596794615
APO-LS,23,2176,1200,0.01770998596794615
APO-LS,23,2176,1300,0.016544919028164597
APO-LS,23,2176,1400,0.016544919028164597
APO-LS,23,2176,1500,0.016544919028164597
APO-LS,23,2176,1600,0.016544919028164597
APO-LS,23,2176,1700,0.016544919028164597
APO-LS,23,2176,1800,0.016544311932888356
APO-LS,23,2176,1900,0.016544311932888356
APO-LS,23,2176,2000,0.016544311932888356
APO-LS,23,2176,2100,0.016544311932888356
APO-LS,23,2176,2200,0.016544311932888356
APO-LS,23,2176,2300,0.01308080994363525
APO-LS,23,2176,2400,0.01308080994363525
APO-LS,23,2176,2500,0.01308080994363525
APO-LS,23,2176,2600,0.01308080994363525
APO-LS,23,2176,2700,0.01308080994363525
APO-LS,23,2176,2800,0.01308080994363525
APO-LS,23,2176,2900,0.01308080994363525
APO-LS,23,2176,3000,0.01308080994363525
APO-LS,23,2176,3100,0.01308080994363525
APO-LS,23,2176,3200,0.01308080994363525
APO-LS,23,2176,3300,0.01308080994363525
APO-LS,23,2176,3400,0.01308080994363525
APO-LS,23,2176,3500,0.01308080994363525
APO-LS,23,2176,3600,0.01308080994363525
APO-LS,23,2176,3700,0.01308080994363525
APO-LS,23,2176,3800,0.01308080994363525
APO-LS,23,2176,3900,0.01308080994363525
APO-LS,23,2176,4000,0.01308080994363525
APO-LS,23,2176,4100,0.01308080994363525
APO-LS,23,2176,4200,0.01308080994363525
APO-LS,23,2176,4300,0.01308080994363525
APO-LS,23,2176,4400,0.01308080994363525
APO-LS,23,2176,4500,0.01308080994363525
APO-LS,23,2176,4600,0.01308080994363525
APO-LS,23,2176,4700,0.013051903473037021
APO-LS,23,2176,4800,0.012956799852738623
APO-LS,23,2176,4900,0.012956799852738623
APO-LS,23,2176,5000,0.012956799852738623
APO-LS,23,2176,5100,0.012956799852738623
APO-LS,23,2176,5200,0.012956799852738623
APO-LS,23,2176,5300,0.012897188009060789
APO-LS,23,2176,5400,0.012897188009060789
APO-LS,23,2176,5500,0.012897188009060789
APO-LS,23,2176,5600,0.012897188009060789
APO-LS,23,2176,5700,0.012897188009060789
APO-LS,23,2176,5800,0.012897188009060789
APO-LS,23,2176,5900,0.012897188009060789
APO-LS,23,2176,6000,0.012897188009060789
APO-LS,23,2176,6100,0.012897188009060789
APO-LS,23,2176,6200,0.012897188009060789
APO-LS,23,2176,6300,0.012897188009060789
APO-LS,23,2176,6400,0.012897188009060789
APO-LS,23,2176,6500,0.012889326344146534
APO-LS,23,2176,6600,0.012889326344146534
APO-LS,23,2176,6700,0.012889326344146534
APO-LS,23,2176,6800,0.012889326344146534
APO-LS,23,2176,6900,0.012889326344146534
APO-LS,23,2176,7000,0.012889326344146534
APO-LS,23,2176,7100,0.012889326344146534
APO-LS,23,2176,7200,0.012889326344146534
APO-LS,23,2176,7300,0.012889326344146534
APO-LS,23,2176,7400,0.012889326344146534
APO-LS,23,2176,7500,0.012889326344146534
APO-LS,23,2176,7600,0.012889326344146534
APO-LS,23,2176,7700,0.012889326344146534
APO-LS,23,2176,7800,0.01282452505947865
APO-LS,23,2176,7900,0.01282452505947865
APO-LS,23,2176,8000,0.01282452505947865
APO-LS,23,2176,8100,0.01282452505947865
APO-LS,23,2176,8200,0.01282452505947865
APO-LS,23,2176,8300,0.01282452505947865
APO-LS,23,2176,8400,0.01282452505947865
APO-LS,23,2176,8500,0.01282452505947865
APO-LS,23,2176,8600,0.01282452505947865
APO-LS,23,2176,8700,0.01282452505947865
APO-LS,23,2176,8800,0.01282452505947865
APO-LS,23,2176,8900,0.01282452505947865
APO-LS,23,2176,9000,0.01282452505947865
APO-LS,23,2176,9100,0.01282452505947865
APO-LS,23,2176,9200,0.012821140794299211
APO-LS,23,2176,9300,0.012821140794299211
APO-LS,23,2176,9400,0.012818332755900962
APO-LS,23,2176,9500,0.012816936942264592
APO-LS,23,2176,9600,0.012816638408680503
APO-LS,23,2176,9700,0.012816638408680503
APO-LS,23,2176,9800,0.012814967641424653
APO-LS,23,2176,9900,0.012814967641424653
APO-LS,23,2176,10000,0.012814835378688928
APO-PSO,23,2176,100,0.042362148278273636
APO-PSO,23,2176,200,0.042362148278273636
APO-PSO,23,2176,300,0.042362148278273636
APO-PSO,23,2176,400,0.014304487399443632
APO-PSO,23,2176,500,0.014304487399443632
APO-PSO,23,2176,600,0.014304487399443632
APO-PSO,23,2176,700,0.014304487399443632
APO-PSO,23,2176,800,0.014304487399443632
APO-PSO,23,2176,900,0.014304487399443632
APO-PSO,23,2176,1000,0.014304487399443632
APO-PSO,23,2176,1100,0.014304487399443632
APO-PSO,23,2176,1200,0.014304487399443632
APO-PSO,23,2176,1300,0.014304487399443632
APO-PSO,23,2176,1400,0.014304487399443632
APO-PSO,23,2176,1500,0.013782113636665145
APO-PSO,23,2176,1600,0.013782113636665145
APO-PSO,23,2176,1700,0.013782113636665145
APO-PSO,23,2176,1800,0.013782113636665145
APO-PSO,23,2176,1900,0.013782113636665145
APO-PSO,23,2176,2000,0.013782113636665145
APO-PSO,23,2176,2100,0.013782113636665145
APO-PSO,23,2176,2200,0.013782113636665145
APO-PSO,23,2176,2300,0.013782113636665145
APO-PSO,23,2176,2400,0.013782113636665145
APO-PSO,23,2176,2500,0.013782113636665145
APO-PSO,23,2176,2600,0.013782113636665145
APO-PSO,23,2176,2700,0.013782113636665145
APO-PSO,23,2176,2800,0.013782113636665145
APO-PSO,23,2176,2900,0.013782113636665145
APO-PSO,23,2176,3000,0.013782113636665145
APO-PSO,23,2176,3100,0.013782113636665145
APO-PSO,23,2176,3200,0.013782113636665145
APO-PSO,23,2176,3300,0.013782113636665145
APO-PSO,23,2176,3400,0.013720528500441764
APO-PSO,23,2176,3500,0.013720528500441764
APO-PSO,23,2176,3600,0.013720528500441764
APO-PSO,23,2176,3700,0.013720528500441764
APO-PSO,23,2176,3800,0.013339837590984812
APO-PSO,23,2176,3900,0.013339837590984812
APO-PSO,23,2176,4000,0.013339837590984812
APO-PSO,23,2176,4100,0.013339837590984812
APO-PSO,23,2176,4200,0.013206547340228565
APO-PSO,23,2176,4300,0.013206547340228565
APO-PSO,23,2176,4400,0.013206547340228565
APO-PSO,23,2176,4500,0.013206547340228565
APO-PSO,23,2176,4600,0.013206547340228565
APO-PSO,23,2176,4700,0.013206547340228565
APO-PSO,23,2176,4800,0.013206547340228565
APO-PSO,23,2176,4900,0.013166536513065711
APO-PSO,23,2176,5000,0.013166536513065711
APO-PSO,23,2176,5100,0.013166536513065711
APO-PSO,23,2176,5200,0.013093526290520045
APO-PSO,23,2176,5300,0.01308414276024898
APO-PSO,23,2176,5400,0.013078218137535147
APO-PSO,23,2176,5500,0.013078218137535147
APO-PSO,23,2176,5600,0.013078218137535147
APO-PSO,23,2176,5700,0.013078218137535147
APO-PSO,23,2176,5800,0.013078218137535147
APO-PSO,23,2176,5900,0.013078218137535147
APO-PSO,23,2176,6000,0.013078218137535147
APO-PSO,23,2176,6100,0.013078218137535147
APO-PSO,23,2176,6200,0.013078218137535147
APO-PSO,23,2176,6300,0.013078218137535147
APO-PSO,23,2176,6400,0.013078218137535147
APO-PSO,23,2176,6500,0.013078218137535147
APO-PSO,23,2176,6600,0.013078218137535147
APO-PSO,23,2176,6700,0.013078218137535147
APO-PSO,23,2176,6800,0.013078218137535147
APO-PSO,23,2176,6900,0.013078218137535147
APO-PSO,23,2176,7000,0.013078218137535147
APO-PSO,23,2176,7100,0.013078218137535147
APO-PSO,23,2176,7200,0.013078218137535147
APO-PSO,23,2176,7300,0.012952065014572524
APO-PSO,23,2176,7400,0.01293219881604608
APO-PSO,23,2176,7500,0.01293219881604608
APO-PSO,23,2176,7600,0.01293219881604608
APO-PSO,23,2176,7700,0.01293219881604608
APO-PSO,23,2176,7800,0.01293219881604608
APO-PSO,23,2176,7900,0.01293219881604608
APO-PSO,23,2176,8000,0.01293219881604608
APO-PSO,23,2176,8100,0.01293219881604608
APO-PSO,23,2176,8200,0.012880333401370594
APO-PSO,23,2176,8300,0.012773437693649838
APO-PSO,23,2176,8400,0.012773437693649838
APO-PSO,23,2176,8500,0.012773437693649838
APO-PSO,23,2176,8600,0.012773437693649838
APO-PSO,23,2176,8700,0.012773437693649838
APO-PSO,23,2176,8800,0.012773437693649838
APO-PSO,23,2176,8900,0.012773437693649838
APO-PSO,23,2176,9000,0.012773437693649838
APO-PSO,23,2176,9100,0.012773437693649838
APO-PSO,23,2176,9200,0.012773437693649838
APO-PSO,23,2176,9300,0.01274856089551421
APO-PSO,23,2176,9400,0.01274856089551421
APO-PSO,23,2176,9500,0.01274856089551421
APO-PSO,23,2176,9600,0.01274856089551421
APO-PSO,23,2176,9700,0.012748286954337185
APO-PSO,23,2176,9800,0.012747897935849727
APO-PSO,23,2176,9900,0.01274735930471532
APO-PSO,23,2176,10000,0.012747300022883127
APO-wr-DE,23,2176,100,0.042362148278273636
APO-wr-DE,23,2176,200,0.042362148278273636
APO-wr-DE,23,2176,300,0.042362148278273636
APO-wr-DE,23,2176,400,0.042362148278273636
APO-wr-DE,23,2176,500,0.042362148278273636
APO-wr-DE,23,2176,600,0.03839238330082435
APO-wr-DE,23,2176,700,0.03839238330082435
APO-wr-DE,23,2176,800,0.020564200776640458
APO-wr-DE,23,2176,900,0.020564200776640458
APO-wr-DE,23,2176,1000,0.0174404678447479
APO-wr-DE,23,2176,1100,0.013863465249175595
APO-wr-DE,23,2176,1200,0.013863465249175595
APO-wr-DE,23,2176,1300,0.013720798847295945
APO-wr-DE,23,2176,1400,0.013486689628738335
APO-wr-DE,23,2176,1500,0.013486689628738335
APO-wr-DE,23,2176,1600,0.012848245418308668
APO-wr-DE,23,2176,1700,0.012848245418308668
APO-wr-DE,23,2176,1800,0.012848245418308668
APO-wr-DE,23,2176,1900,0.012848245418308668
APO-wr-DE,23,2176,2000,0.012848245418308668
APO-wr-DE,23,2176,2100,0.012848245418308668
APO-wr-DE,23,2176,2200,0.012848245418308668
APO-wr-DE,23,2176,2300,0.012848245418308668
APO-wr-DE,23,2176,2400,0.012848245418308668
APO-wr-DE,23,2176,2500,0.012848245418308668
APO-wr-DE,23,2176,2600,0.012848245418308668
APO-wr-DE,23,2176,2700,0.012848245418308668
APO-wr-DE,23,2176,2800,0.01273171348361493
APO-wr-DE,23,2176,2900,0.01273171348361493
APO-wr-DE,23,2176,3000,0.01273171348361493
APO-wr-DE,23,2176,3100,0.012728314711241357
APO-wr-DE,23,2176,3200,0.012728314711241357
APO-wr-DE,23,2176,3300,0.012728314711241357
APO-wr-DE,23,2176,3400,0.012728314711241357
APO-wr-DE,23,2176,3500,0.012728314711241357
APO-wr-DE,23,2176,3600,0.012728314711241357
APO-wr-DE,23,2176,3700,0.012728314711241357
APO-wr-DE,23,2176,3800,0.012728314711241357
APO-wr-DE,23,2176,3900,0.012728314711241357
APO-wr-DE,23,2176,4000,0.012728314711241357
APO-wr-DE,23,2176,4100,0.012728314711241357
APO-wr-DE,23,2176,4200,0.012728314711241357
APO-wr-DE,23,2176,4300,0.012728314711241357
APO-wr-DE,23,2176,4400,0.012728314711241357
APO-wr-DE,23,2176,4500,0.012728314711241357
APO-wr-DE,23,2176,4600,0.012728314711241357
APO-wr-DE,23,2176,4700,0.012728314711241357
APO-wr-DE,23,2176,4800,0.012728314711241357
APO-wr-DE,23,2176,4900,0.012728314711241357
APO-wr-DE,23,2176,5000,0.012728314711241357
APO-wr-DE,23,2176,5100,0.012728314711241357
APO-wr-DE,23,2176,5200,0.012728314711241357
APO-wr-DE,23,2176,5300,0.012728314711241357
APO-wr-DE,23,2176,5400,0.012728314711241357
APO-wr-DE,23,2176,5500,0.012728314711241357
APO-wr-DE,23,2176,5600,0.012728314711241357
APO-wr-DE,23,2176,5700,0.012728314711241357
APO-wr-DE,23,2176,5800,0.012728314711241357
APO-wr-DE,23,2176,5900,0.012728314711241357
APO-wr-DE,23,2176,6000,0.012728314711241357
APO-wr-DE,23,2176,6100,0.012728314711241357
APO-wr-DE,23,2176,6200,0.012728314711241357
APO-wr-DE,23,2176,6300,0.012728314711241357
APO-wr-DE,23,2176,6400,0.012728314711241357
APO-wr-DE,23,2176,6500,0.01272817430972038
APO-wr-DE,23,2176,6600,0.01272817430972038
APO-wr-DE,23,2176,6700,0.01272817430972038
APO-wr-DE,23,2176,6800,0.01272817430972038
APO-wr-DE,23,2176,6900,0.01272817430972038
APO-wr-DE,23,2176,7000,0.01272817430972038
APO-wr-DE,23,2176,7100,0.01272817430972038
APO-wr-DE,23,2176,7200,0.01272817430972038
APO-wr-DE,23,2176,7300,0.01272817430972038
APO-wr-DE,23,2176,7400,0.01272817430972038
APO-wr-DE,23,2176,7500,0.01272817430972038
APO-wr-DE,23,2176,7600,0.01272817430972038
APO-wr-DE,23,2176,7700,0.01272817430972038
APO-wr-DE,23,2176,7800,0.01272817430972038
APO-wr-DE,23,2176,7900,0.01272817430972038
APO-wr-DE,23,2176,8000,0.01272817430972038
APO-wr-DE,23,2176,8100,0.01272817430972038
APO-wr-DE,23,2176,8200,0.012692700774583876
APO-wr-DE,23,2176,8300,0.012692700774583876
APO-wr-DE,23,2176,8400,0.012692355361083044
APO-wr-DE,23,2176,8500,0.012692355361083044
APO-wr-DE,23,2176,8600,0.012692355361083044
APO-wr-DE,23,2176,8700,0.012692355361083044
APO-wr-DE,23,2176,8800,0.012692355361083044
APO-wr-DE,23,2176,8900,0.012692355361083044
APO-wr-DE,23,2176,9000,0.01269231088697503
APO-wr-DE,23,2176,9100,0.01269231088697503
APO-wr-DE,23,2176,9200,0.01269231088697503
APO-wr-DE,23,2176,9300,0.01269231088697503
APO-wr-DE,23,2176,9400,0.012687103433187503
APO-wr-DE,23,2176,9500,0.01268670064908109
APO-wr-DE,23,2176,9600,0.01268670064908109
APO-wr-DE,23,2176,9700,0.01268670064908109
APO-wr-DE,23,2176,9800,0.01268670064908109
APO-wr-DE,23,2176,9900,0.01268670064908109
APO-wr-DE,23,2176,10000,0.01268670064908109
APO-wr-LS,23,2176,100,0.042362148278273636
APO-wr-LS,23,2176,200,0.042362148278273636
APO-wr-LS,23,2176,300,0.042362148278273636
APO-wr-LS,23,2176,400,0.042362148278273636
APO-wr-LS,23,2176,500,0.04061892989947187
APO-wr-LS,23,2176,600,0.04061892989947187
APO-wr-LS,23,2176,700,0.036451597448788696
APO-wr-LS,23,2176,800,0.028058354087044133
APO-wr-LS,23,2176,900,0.028058354087044133
APO-wr-LS,23,2176,1000,0.028058354087044133
APO-wr-LS,23,2176,1100,0.028058354087044133
APO-wr-LS,23,2176,1200,0.01786270997661051
APO-wr-LS,23,2176,1300,0.01786270997661051
APO-wr-LS,23,2176,1400,0.01786270997661051
APO-wr-LS,23,2176,1500,0.01786270997661051
APO-wr-LS,23,2176,1600,0.01786270997661051
APO-wr-LS,23,2176,1700,0.017300779558890193
APO-wr-LS,23,2176,1800,0.017300779558890193
APO-wr-LS,23,2176,1900,0.015696541433367975
APO-wr-LS,23,2176,2000,0.015696541433367975
APO-wr-LS,23,2176,2100,0.014261495861410445
APO-wr-LS,23,2176,2200,0.014261495861410445
APO-wr-LS,23,2176,2300,0.014261495861410445
APO-wr-LS,23,2176,2400,0.014261495861410445
APO-wr-LS,23,2176,2500,0.014261495861410445
APO-wr-LS,23,2176,2600,0.014261495861410445
APO-wr-LS,23,2176,2700,0.014261495861410445
APO-wr-LS,23,2176,2800,0.01425677456705817
APO-wr-LS,23,2176,2900,0.01425677456705817
APO-wr-LS,23,2176,3000,0.01425677456705817
APO-wr-LS,23,2176,3100,0.01425677456705817
APO-wr-LS,23,2176,3200,0.01425677456705817
APO-wr-LS,23,2176,3300,0.014137581948261178
APO-wr-LS,23,2176,3400,0.014137581948261178
APO-wr-LS,23,2176,3500,0.014137581948261178
APO-wr-LS,23,2176,3600,0.014137581948261178
APO-wr-LS,23,2176,3700,0.014137581948261178
APO-wr-LS,23,2176,3800,0.014137581948261178
APO-wr-LS,23,2176,3900,0.014137581948261178
APO-wr-LS,23,2176,4000,0.014137581948261178
APO-wr-LS,23,2176,4100,0.014137581948261178
APO-wr-LS,23,2176,4200,0.013874759726945284
APO-wr-LS,23,2176,4300,0.013523803083525293
APO-wr-LS,23,2176,4400,0.013523803083525293
APO-wr-LS,23,2176,4500,0.013523803083525293
APO-wr-LS,23,2176,4600,0.013523803083525293
APO-wr-LS,23,2176,4700,0.013523803083525293
APO-wr-LS,23,2176,4800,0.013523803083525293
APO-wr-LS,23,2176,4900,0.013523803083525293
APO-wr-LS,23,2176,5000,0.013523803083525293
APO-wr-LS,23,2176,5100,0.013523803083525293
APO-wr-LS,23,2176,5200,0.013523803083525293
APO-wr-LS,23,2176,5300,0.013523803083525293
APO-wr-LS,23,2176,5400,0.013523803083525293
APO-wr-LS,23,2176,5500,0.013523803083525293
APO-wr-LS,23,2176,5600,0.013523803083525293
APO-wr-LS,23,2176,5700,0.013483392389815857
APO-wr-LS,23,2176,5800,0.013483392389815857
APO-wr-LS,23,2176,5900,0.013483392389815857
APO-wr-LS,23,2176,6000,0.013445154522049228
APO-wr-LS,23,2176,6100,0.013428809055060824
APO-wr-LS,23,2176,6200,0.013428809055060824
APO-wr-LS,23,2176,6300,0.013428809055060824
APO-wr-LS,23,2176,6400,0.013185169848528775
APO-wr-LS,23,2176,6500,0.013185169848528775
APO-wr-LS,23,2176,6600,0.013185169848528775
APO-wr-LS,23,2176,6700,0.013185169848528775
APO-wr-LS,23,2176,6800,0.013185169848528775
APO-wr-LS,23,2176,6900,0.013185169848528775
APO-wr-LS,23,2176,7000,0.013185169848528775
APO-wr-LS,23,2176,7100,0.013185169848528775
APO-wr-LS,23,2176,7200,0.013185169848528775
APO-wr-LS,23,2176,7300,0.013185169848528775
APO-wr-LS,23,2176,7400,0.013185169848528775
APO-wr-LS,23,2176,7500,0.013185169848528775
APO-wr-LS,23,2176,7600,0.013185169848528775
APO-wr-LS,23,2176,7700,0.013185169848528775
APO-wr-LS,23,2176,7800,0.013185169848528775
APO-wr-LS,23,2176,7900,0.013185169848528775
APO-wr-LS,23,2176,8000,0.013185169848528775
APO-wr-LS,23,2176,8100,0.013185169848528775
APO-wr-LS,23,2176,8200,0.013185169848528775
APO-wr-LS,23,2176,8300,0.013185169848528775
APO-wr-LS,23,2176,8400,0.01282092533850822
APO-wr-LS,23,2176,8500,0.01282092533850822
APO-wr-LS,23,2176,8600,0.01282092533850822
APO-wr-LS,23,2176,8700,0.01282092533850822
APO-wr-LS,23,2176,8800,0.01282092533850822
APO-wr-LS,23,2176,8900,0.01282092533850822
APO-wr-LS,23,2176,9000,0.01282092533850822
APO-wr-LS,23,2176,9100,0.01282092533850822
APO-wr-LS,23,2176,9200,0.012809078215078953
APO-wr-LS,23,2176,9300,0.012809078215078953
APO-wr-LS,23,2176,9400,0.012803208998238102
APO-wr-LS,23,2176,9500,0.012801257964934394
APO-wr-LS,23,2176,9600,0.012797658429282086
APO-wr-LS,23,2176,9700,0.012796869978946626
APO-wr-LS,23,2176,9800,0.012796192053369859
APO-wr-LS,23,2176,9900,0.012796192053369859
APO-wr-LS,23,2176,10000,0.012796171456084034
APO-wr-PSO,23,2176,100,0.042362148278273636
APO-wr-PSO,23,2176,200,0.042362148278273636
APO-wr-PSO,23,2176,300,0.042362148278273636
APO-wr-PSO,23,2176,400,0.015464682964530364
APO-wr-PSO,23,2176,500,0.015464682964530364
APO-wr-PSO,23,2176,600,0.015464682964530364
APO-wr-PSO,23,2176,700,0.014642711517264465
APO-wr-PSO,23,2176,800,0.014642711517264465
APO-wr-PSO,23,2176,900,0.013357583279323341
APO-wr-PSO,23,2176,1000,0.013357583279323341
APO-wr-PSO,23,2176,1100,0.013357583279323341
APO-wr-PSO,23,2176,1200,0.013357583279323341
APO-wr-PSO,23,2176,1300,0.013230098710632689
APO-wr-PSO,23,2176,1400,0.013230098710632689
APO-wr-PSO,23,2176,1500,0.01316817884204673
APO-wr-PSO,23,2176,1600,0.01316817884204673
APO-wr-PSO,23,2176,1700,0.01316817884204673
APO-wr-PSO,23,2176,1800,0.01316817884204673
APO-wr-PSO,23,2176,1900,0.01316817884204673
APO-wr-PSO,23,2176,2000,0.01316817884204673
APO-wr-PSO,23,2176,2100,0.01316817884204673
APO-wr-PSO,23,2176,2200,0.01316817884204673
APO-wr-PSO,23,2176,2300,0.01316817884204673
APO-wr-PSO,23,2176,2400,0.01316817884204673
APO-wr-PSO,23,2176,2500,0.01316817884204673
APO-wr-PSO,23,2176,2600,0.01316817884204673
APO-wr-PSO,23,2176,2700,0.01316817884204673
APO-wr-PSO,23,2176,2800,0.01316817884204673
APO-wr-PSO,23,2176,2900,0.01316817884204673
APO-wr-PSO,23,2176,3000,0.01316817884204673
APO-wr-PSO,23,2176,3100,0.01316817884204673
APO-wr-PSO,23,2176,3200,0.01316817884204673
APO-wr-PSO,23,2176,3300,0.01316817884204673
APO-wr-PSO,23,2176,3400,0.01316817884204673
APO-wr-PSO,23,2176,3500,0.01316817884204673
APO-wr-PSO,23,2176,3600,0.01316817884204673
APO-wr-PSO,23,2176,3700,0.01316817884204673
APO-wr-PSO,23,2176,3800,0.01316817884204673
APO-wr-PSO,23,2176,3900,0.01316817884204673
APO-wr-PSO,23,2176,4000,0.01316817884204673
APO-wr-PSO,23,2176,4100,0.01316817884204673
APO-wr-PSO,23,2176,4200,0.01316817884204673
APO-wr-PSO,23,2176,4300,0.01300468404139884
APO-wr-PSO,23,2176,4400,0.01300468404139884
APO-wr-PSO,23,2176,4500,0.01300468404139884
APO-wr-PSO,23,2176,4600,0.01300468404139884
APO-wr-PSO,23,2176,4700,0.01300468404139884
APO-wr-PSO,23,2176,4800,0.01300468404139884
APO-wr-PSO,23,2176,4900,0.01300468404139884
APO-wr-PSO,23,2176,5000,0.012763015912625358
APO-wr-PSO,23,2176,5100,0.012763015912625358
APO-wr-PSO,23,2176,5200,0.012763015912625358
APO-wr-PSO,23,2176,5300,0.012763015912625358
APO-wr-PSO,23,2176,5400,0.012763015912625358
APO-wr-PSO,23,2176,5500,0.012763015912625358
APO-wr-PSO,23,2176,5600,0.012763015912625358
APO-wr-PSO,23,2176,5700,0.012763015912625358
APO-wr-PSO,23,2176,5800,0.012763015912625358
APO-wr-PSO,23,2176,5900,0.012763015912625358
APO-wr-PSO,23,2176,6000,0.012763015912625358
APO-wr-PSO,23,2176,6100,0.012763015912625358
APO-wr-PSO,23,2176,6200,0.012763015912625358
APO-wr-PSO,23,2176,6300,0.012763015912625358
APO-wr-PSO,23,2176,6400,0.012763015912625358
APO-wr-PSO,23,2176,6500,0.012763015912625358
APO-wr-PSO,23,2176,6600,0.012763015912625358
APO-wr-PSO,23,2176,6700,0.012763015912625358
APO-wr-PSO,23,2176,6800,0.012763015912625358
APO-wr-PSO,23,2176,6900,0.012763015912625358
APO-wr-PSO,23,2176,7000,0.012763015912625358
APO-wr-PSO,23,2176,7100,0.012763015912625358
APO-wr-PSO,23,2176,7200,0.012763015912625358
APO-wr-PSO,23,2176,7300,0.012763015912625358
APO-wr-PSO,23,2176,7400,0.012763015912625358
APO-wr-PSO,23,2176,7500,0.012763015912625358
APO-wr-PSO,23,2176,7600,0.012763015912625358
APO-wr-PSO,23,2176,7700,0.012763015912625358
APO-wr-PSO,23,2176,7800,0.012763015912625358
APO-wr-PSO,23,2176,7900,0.012739873524506942
APO-wr-PSO,23,2176,8000,0.012739873524506942
APO-wr-PSO,23,2176,8100,0.012739873524506942
APO-wr-PSO,23,2176,8200,0.012739873524506942
APO-wr-PSO,23,2176,8300,0.012739873524506942
APO-wr-PSO,23,2176,8400,0.012739873524506942
APO-wr-PSO,23,2176,8500,0.012739873524506942
APO-wr-PSO,23,2176,8600,0.012739873524506942
APO-wr-PSO,23,2176,8700,0.012729348194253273
APO-wr-PSO,23,2176,8800,0.012726794795699744
APO-wr-PSO,23,2176,8900,0.012726794795699744
APO-wr-PSO,23,2176,9000,0.012726794795699744
APO-wr-PSO,23,2176,9100,0.012726794795699744
APO-wr-PSO,23,2176,9200,0.012726794795699744
APO-wr-PSO,23,2176,9300,0.012726794795699744
APO-wr-PSO,23,2176,9400,0.012726794795699744
APO-wr-PSO,23,2176,9500,0.012726794795699744
APO-wr-PSO,23,2176,9600,0.012726794795699744
APO-wr-PSO,23,2176,9700,0.012726125299651914
APO-wr-PSO,23,2176,9800,0.012724980888891336
APO-wr-PSO,23,2176,9900,0.012724980888891336
APO-wr-PSO,23,2176,10000,0.012724980888891336
APO,24,2183,100,157049.422844072
APO,24,2183,200,68208.74466882185
APO,24,2183,300,17233.069231870486
APO,24,2183,400,0.023738662153368326
APO,24,2183,500,0.023738661928947576
APO,24,2183,600,0.023738661561916258
APO,24,2183,700,0.023738661561916258
APO,24,2183,800,0.019816359560009034
APO,24,2183,900,0.017950496686743596
APO,24,2183,1000,0.013276516967846756
APO,24,2183,1100,0.013276516967846756
APO,24,2183,1200,0.013276516967846756
APO,24,2183,1300,0.013276516967846756
APO,24,2183,1400,0.013276516967846756
APO,24,2183,1500,0.013276516967846756
APO,24,2183,1600,0.013229606829760453
APO,24,2183,1700,0.013229606829760453
APO,24,2183,1800,0.013229606829760453
APO,24,2183,1900,0.013229606829760453
APO,24,2183,2000,0.013229606829760453
APO,24,2183,2100,0.013229606829760453
APO,24,2183,2200,0.013229606829760453
APO,24,2183,2300,0.013229606829760453
APO,24,2183,2400,0.013229606829760453
APO,24,2183,2500,0.013229606829760453
APO,24,2183,2600,0.013229606829760453
APO,24,2183,2700,0.013229606829760453
APO,24,2183,2800,0.013229606829760453
APO,24,2183,2900,0.013197252839737253
APO,24,2183,3000,0.013197252839737253
APO,24,2183,3100,0.013197252839737253
APO,24,2183,3200,0.013197252839737253
APO,24,2183,3300,0.013197252839737253
APO,24,2183,3400,0.013197252839737253
APO,24,2183,3500,0.013197252839737253
APO,24,2183,3600,0.013197252839737253
APO,24,2183,3700,0.013197252839737253
APO,24,2183,3800,0.013197252839737253
APO,24,2183,3900,0.013197252839737253
APO,24,2183,4000,0.013197252839737253
APO,24,2183,4100,0.013197252839737253
APO,24,2183,4200,0.013197252839737253
APO,24,2183,4300,0.013197252839737253
APO,24,2183,4400,0.013197252839737253
APO,24,2183,4500,0.01291938782219095
APO,24,2183,4600,0.01291938782219095
APO,24,2183,4700,0.01291938782219095
APO,24,2183,4800,0.01291938782219095
APO,24,2183,4900,0.01291938782219095
APO,24,2183,5000,0.01291938782219095
APO,24,2183,5100,0.01291938782219095
APO,24,2183,5200,0.01291938782219095
APO,24,2183,5300,0.01291938782219095
APO,24,2183,5400,0.01291938782219095
APO,24,2183,5500,0.01291938782219095
APO,24,2183,5600,0.01291938782219095
APO,24,2183,5700,0.01291938782219095
APO,24,2183,5800,0.01291938782219095
APO,24,2183,5900,0.01291938782219095
APO,24,2183,6000,0.01291938782219095
APO,24,2183,6100,0.012917186221868944
APO,24,2183,6200,0.012917186221868944
APO,24,2183,6300,0.012917186221868944
APO,24,2183,6400,0.012824214981624905
APO,24,2183,6500,0.012824214981624905
APO,24,2183,6600,0.012824214981624905
APO,24,2183,6700,0.012824214981624905
APO,24,2183,6800,0.012824214981624905
APO,24,2183,6900,0.012824214981624905
APO,24,2183,7000,0.012767589777637065
APO,24,2183,7100,0.012767589777637065
APO,24,2183,7200,0.012767589777637065
APO,24,2183,7300,0.012767589777637065
APO,24,2183,7400,0.012767589777637065
APO,24,2183,7500,0.012767246031501499
APO,24,2183,7600,0.012767246031501499
APO,24,2183,7700,0.012751141881632877
APO,24,2183,7800,0.012751141881632877
APO,24,2183,7900,0.012751141881632877
APO,24,2183,8000,0.012751141881632877
APO,24,2183,8100,0.012751141881632877
APO,24,2183,8200,0.012751141881632877
APO,24,2183,8300,0.012751141881632877
APO,24,2183,8400,0.012751141881632877
APO,24,2183,8500,0.012751141881632877
APO,24,2183,8600,0.01274103757203732
APO,24,2183,8700,0.01274103757203732
APO,24,2183,8800,0.01274103757203732
APO,24,2183,8900,0.01274103757203732
APO,24,2183,9000,0.01274103757203732
APO,24,2183,9100,0.01274103757203732
APO,24,2183,9200,0.01274103757203732
APO,24,2183,9300,0.01274103757203732
APO,24,2183,9400,0.01274103757203732
APO,24,2183,9500,0.01274103757203732
APO,24,2183,9600,0.012741035679058418
APO,24,2183,9700,0.012741035679058418
APO,24,2183,9800,0.012739607040090034
APO,24,2183,9900,0.012739006543338432
APO,24,2183,10000,0.012739006543338432
APO-wr,24,2183,100,157049.422844072
APO-wr,24,2183,200,63592.172133891065
APO-wr,24,2183,300,40482.38981826092
APO-wr,24,2183,400,802.4164778474812
APO-wr,24,2183,500,802.4164778474812
APO-wr,24,2183,600,0.06039610217407442
APO-wr,24,2183,700,0.022873672155547333
APO-wr,24,2183,800,0.014538156819845613
APO-wr,24,2183,900,0.014538156819845613
APO-wr,24,2183,1000,0.014538156819845613
APO-wr,24,2183,1100,0.014538156819845613
APO-wr,24,2183,1200,0.013462483493679159
APO-wr,24,2183,1300,0.013462483493679159
APO-wr,24,2183,1400,0.013462483493679159
APO-wr,24,2183,1500,0.013462483493679159
APO-wr,24,2183,1600,0.013433638160319245
APO-wr,24,2183,1700,0.013433638160319245
APO-wr,24,2183,1800,0.013433638160319245
APO-wr,24,2183,1900,0.013433638160319245
APO-wr,24,2183,2000,0.013433638160319245
APO-wr,24,2183,2100,0.013433638160319245
APO-wr,24,2183,2200,0.013433638160319245
APO-wr,24,2183,2300,0.013433638160319245
APO-wr,24,2183,2400,0.013433638160319245
APO-wr,24,2183,2500,0.013433638160319245
APO-wr,24,2183,2600,0.013433638160319245
APO-wr,24,2183,2700,0.013433638160319245
APO-wr,24,2183,2800,0.013433638160319245
APO-wr,24,2183,2900,0.013433638160319245
APO-wr,24,2183,3000,0.013399940066294913
APO-wr,24,2183,3100,0.013399940066294913
APO-wr,24,2183,3200,0.013281975338562893
APO-wr,24,2183,3300,0.01307856008049321
APO-wr,24,2183,3400,0.01307856008049321
APO-wr,24,2183,3500,0.01307856008049321
APO-wr,24,2183,3600,0.012941336300143949
APO-wr,24,2183,3700,0.012910617942621622
APO-wr,24,2183,3800,0.012910617942621622
APO-wr,24,2183,3900,0.012910617942621622
APO-wr,24,2183,4000,0.012910617942621622
APO-wr,24,2183,4100,0.012910617942621622
APO-wr,24,2183,4200,0.012910617942621622
APO-wr,24,2183,4300,0.012893947086175283
APO-wr,24,2183,4400,0.012877061897244906
APO-wr,24,2183,4500,0.012877061897244906
APO-wr,24,2183,4600,0.012877061897244906
APO-wr,24,2183,4700,0.012877061897244906
APO-wr,24,2183,4800,0.012877061897244906
APO-wr,24,2183,4900,0.012877061897244906
APO-wr,24,2183,5000,0.012877061897244906
APO-wr,24,2183,5100,0.012877061897244906
APO-wr,24,2183,5200,0.012877061897244906
APO-wr,24,2183,5300,0.012876178221314987
APO-wr,24,2183,5400,0.012876178221314987
APO-wr,24,2183,5500,0.012876178221314987
APO-wr,24,2183,5600,0.01273614636433394
APO-wr,24,2183,5700,0.01273614636433394
APO-wr,24,2183,5800,0.01273614636433394
APO-wr,24,2183,5900,0.01273614636433394
APO-wr,24,2183,6000,0.01273614636433394
APO-wr,24,2183,6100,0.01273614636433394
APO-wr,24,2183,6200,0.01273614636433394
APO-wr,24,2183,6300,0.01273614636433394
APO-wr,24,2183,6400,0.01273614636433394
APO-wr,24,2183,6500,0.01273614636433394
APO-wr,24,2183,6600,0.01273614636433394
APO-wr,24,2183,6700,0.01273614636433394
APO-wr,24,2183,6800,0.01273614636433394
APO-wr,24,2183,6900,0.01273614636433394
APO-wr,24,2183,7000,0.01273614636433394
APO-wr,24,2183,7100,0.01273614636433394
APO-wr,24,2183,7200,0.01273614636433394
APO-wr,24,2183,7300,0.01273614636433394
APO-wr,24,2183,7400,0.01273614636433394
APO-wr,24,2183,7500,0.0127356192099276
APO-wr,24,2183,7600,0.012722043444625368
APO-wr,24,2183,7700,0.012722043444625368
APO-wr,24,2183,7800,0.012722043444625368
APO-wr,24,2183,7900,0.012722043444625368
APO-wr,24,2183,8000,0.012722043444625368
APO-wr,24,2183,8100,0.012722043444625368
APO-wr,24,2183,8200,0.012722043444625368
APO-wr,24,2183,8300,0.012722043444625368
APO-wr,24,2183,8400,0.012722043444625368
APO-wr,24,2183,8500,0.012722043444625368
APO-wr,24,2183,8600,0.012722043444625368
APO-wr,24,2183,8700,0.012722043444625368
APO-wr,24,2183,8800,0.012722043444625368
APO-wr,24,2183,8900,0.012722043444625368
APO-wr,24,2183,9000,0.012722043444625368
APO-wr,24,2183,9100,0.012722043444625368
APO-wr,24,2183,9200,0.012722043444625368
APO-wr,24,2183,9300,0.012722043444625368
APO-wr,24,2183,9400,0.012722029902324542
APO-wr,24,2183,9500,0.012722029902324542
APO-wr,24,2183,9600,0.012720980022053059
APO-wr,24,2183,9700,0.012720980022053059
APO-wr,24,2183,9800,0.012720980022053059
APO-wr,24,2183,9900,0.012720980022053059
APO-wr,24,2183,10000,0.012720980022053059
APO-DE,24,2183,100,157049.422844072
APO-DE,24,2183,200,68208.74466882185
APO-DE,24,2183,300,44295.429148051924
APO-DE,24,2183,400,29189.874690237248
APO-DE,24,2183,500,3461.0870718261785
APO-DE,24,2183,600,0.04305206730937935
APO-DE,24,2183,700,0.01998507994089102
APO-DE,24,2183,800,0.019985072903310912
APO-DE,24,2183,900,0.013335269185660891
APO-DE,24,2183,1000,0.013335269185660891
APO-DE,24,2183,1100,0.013335269185660891
APO-DE,24,2183,1200,0.013296119738429285
APO-DE,24,2183,1300,0.013296119738429285
APO-DE,24,2183,1400,0.013231330373284823
APO-DE,24,2183,1500,0.013231330373284823
APO-DE,24,2183,1600,0.013231330373284823
APO-DE,24,2183,1700,0.013231330373284823
APO-DE,24,2183,1800,0.013231330373284823
APO-DE,24,2183,1900,0.013231330373284823
APO-DE,24,2183,2000,0.013231330373284823
APO-DE,24,2183,2100,0.013231330373284823
APO-DE,24,2183,2200,0.013231330373284823
APO-DE,24,2183,2300,0.013231330373284823
APO-DE,24,2183,2400,0.013231330373284823
APO-DE,24,2183,2500,0.01305747858227593
APO-DE,24,2183,2600,0.01305747858227593
APO-DE,24,2183,2700,0.01305747858227593
APO-DE,24,2183,2800,0.01305747858227593
APO-DE,24,2183,2900,0.01305747858227593
APO-DE,24,2183,3000,0.01305747858227593
APO-DE,24,2183,3100,0.01305747858227593
APO-DE,24,2183,3200,0.01305747858227593
APO-DE,24,2183,3300,0.01305747858227593
APO-DE,24,2183,3400,0.01305747858227593
APO-DE,24,2183,3500,0.01305747858227593
APO-DE,24,2183,3600,0.01305747858227593
APO-DE,24,2183,3700,0.01305747858227593
APO-DE,24,2183,3800,0.01305747858227593
APO-DE,24,2183,3900,0.01305747858227593
APO-DE,24,2183,4000,0.01305747858227593
APO-DE,24,2183,4100,0.01305747858227593
APO-DE,24,2183,4200,0.01305747858227593
APO-DE,24,2183,4300,0.01305747858227593
APO-DE,24,2183,4400,0.012910252240070337
APO-DE,24,2183,4500,0.012910252240070337
APO-DE,24,2183,4600,0.012910252240070337
APO-DE,24,2183,4700,0.012910252240070337
APO-DE,24,2183,4800,0.012910252240070337
APO-DE,24,2183,4900,0.012910252240070337
APO-DE,24,2183,5000,0.012910252240070337
APO-DE,24,2183,5100,0.012715912849591015
APO-DE,24,2183,5200,0.012715912849591015
APO-DE,24,2183,5300,0.012715912849591015
APO-DE,24,2183,5400,0.012715912849591015
APO-DE,24,2183,5500,0.012715912849591015
APO-DE,24,2183,5600,0.012715912849591015
APO-DE,24,2183,5700,0.012715912849591015
APO-DE,24,2183,5800,0.012715912849591015
APO-DE,24,2183,5900,0.012715912849591015
APO-DE,24,2183,6000,0.012715912849591015
APO-DE,24,2183,6100,0.012715912849591015
APO-DE,24,2183,6200,0.012715912849591015
APO-DE,24,2183,6300,0.012715912849591015
APO-DE,24,2183,6400,0.012715912849591015
APO-DE,24,2183,6500,0.012715912849591015
APO-DE,24,2183,6600,0.012715912849591015
APO-DE,24,2183,6700,0.012715912849591015
APO-DE,24,2183,6800,0.012715912849591015
APO-DE,24,2183,6900,0.012715912849591015
APO-DE,24,2183,7000,0.012715912849591015
APO-DE,24,2183,7100,0.012715912849591015
APO-DE,24,2183,7200,0.012715912849591015
APO-DE,24,2183,7300,0.012715912849591015
APO-DE,24,2183,7400,0.012715912849591015
APO-DE,24,2183,7500,0.012715912849591015
APO-DE,24,2183,7600,0.012715912849591015
APO-DE,24,2183,7700,0.012715912849591015
APO-DE,24,2183,7800,0.012715912849591015
APO-DE,24,2183,7900,0.012715912849591015
APO-DE,24,2183,8000,0.012713466945340621
APO-DE,24,2183,8100,0.01269607796068156
APO-DE,24,2183,8200,0.01269607796068156
APO-DE,24,2183,8300,0.01269607796068156
APO-DE,24,2183,8400,0.01269607796068156
APO-DE,24,2183,8500,0.01269607796068156
APO-DE,24,2183,8600,0.01269607796068156
APO-DE,24,2183,8700,0.01269607796068156
APO-DE,24,2183,8800,0.01269607796068156
APO-DE,24,2183,8900,0.01269607796068156
APO-DE,24,2183,9000,0.01269607796068156
APO-DE,24,2183,9100,0.01269607796068156
APO-DE,24,2183,9200,0.01269607796068156
APO-DE,24,2183,9300,0.01269607796068156
APO-DE,24,2183,9400,0.01269607796068156
APO-DE,24,2183,9500,0.012695751006415835
APO-DE,24,2183,9600,0.012695751006415835
APO-DE,24,2183,9700,0.012695751006415835
APO-DE,24,2183,9800,0.012695751006415835
APO-DE,24,2183,9900,0.012694958245926731
APO-DE,24,2183,10000,0.012694958245926731
APO-LS,24,2183,100,157049.422844072
APO-LS,24,2183,200,33558.03313901975
APO-LS,24,2183,300,529.1357837680434
APO-LS,24,2183,400,128.8561318124837
APO-LS,24,2183,500,23.85625324421284
APO-LS,24,2183,600,0.033112674821728465
APO-LS,24,2183,700,0.03311267208274648
APO-LS,24,2183,800,0.023664022691167054
APO-LS,24,2183,900,0.013172976274199817
APO-LS,24,2183,1000,0.013172976274199817
APO-LS,24,2183,1100,0.013172976274199817
APO-LS,24,2183,1200,0.013172976274199817
APO-LS,24,2183,1300,0.013172976274199817
APO-LS,24,2183,1400,0.013172976274199817
APO-LS,24,2183,1500,0.013172976274199817
APO-LS,24,2183,1600,0.013172976274199817
APO-LS,24,2183,1700,0.013172976274199817
APO-LS,24,2183,1800,0.013172976274199817
APO-LS,24,2183,1900,0.013172976274199817
APO-LS,24,2183,2000,0.013172976274199817
APO-LS,24,2183,2100,0.013172976274199817
APO-LS,24,2183,2200,0.012976962693122165
APO-LS,24,2183,2300,0.012976962693122165
APO-LS,24,2183,2400,0.012976962693122165
APO-LS,24,2183,2500,0.01291671153671936
APO-LS,24,2183,2600,0.01291671153671936
APO-LS,24,2183,2700,0.01291671153671936
APO-LS,24,2183,2800,0.01291671153671936
APO-LS,24,2183,2900,0.01291671153671936
APO-LS,24,2183,3000,0.01291671153671936
APO-LS,24,2183,3100,0.01291671153671936
APO-LS,24,2183,3200,0.01291671153671936
APO-LS,24,2183,3300,0.01291671153671936
APO-LS,24,2183,3400,0.01291671153671936
APO-LS,24,2183,3500,0.01291671153671936
APO-LS,24,2183,3600,0.01291671153671936
APO-LS,24,2183,3700,0.012843605897273343
APO-LS,24,2183,3800,0.012843605897273343
APO-LS,24,2183,3900,0.012843605897273343
APO-LS,24,2183,4000,0.012843605897273343
APO-LS,24,2183,4100,0.012843605897273343
APO-LS,24,2183,4200,0.012843605897273343
APO-LS,24,2183,4300,0.012843605897273343
APO-LS,24,2183,4400,0.012843605897273343
APO-LS,24,2183,4500,0.012843605897273343
APO-LS,24,2183,4600,0.012843605897273343
APO-LS,24,2183,4700,0.012843605897273343
APO-LS,24,2183,4800,0.012843605897273343
APO-LS,24,2183,4900,0.012843605897273343
APO-LS,24,2183,5000,0.012832753148056828
APO-LS,24,2183,5100,0.012832753148056828
APO-LS,24,2183,5200,0.012832753148056828
APO-LS,24,2183,5300,0.012832753148056828
APO-LS,24,2183,5400,0.012832753148056828
APO-LS,24,2183,5500,0.012832753148056828
APO-LS,24,2183,5600,0.012832753148056828
APO-LS,24,2183,5700,0.012832753148056828
APO-LS,24,2183,5800,0.012832753148056828
APO-LS,24,2183,5900,0.012832753148056828
APO-LS,24,2183,6000,0.012832753148056828
APO-LS,24,2183,6100,0.012775494033648112
APO-LS,24,2183,6200,0.012775494033648112
APO-LS,24,2183,6300,0.012775494033648112
APO-LS,24,2183,6400,0.012775494033648112
APO-LS,24,2183,6500,0.012775494033648112
APO-LS,24,2183,6600,0.012775494033648112
APO-LS,24,2183,6700,0.012775494033648112
APO-LS,24,2183,6800,0.012775494033648112
APO-LS,24,2183,6900,0.012775494033648112
APO-LS,24,2183,7000,0.012775494033648112
APO-LS,24,2183,7100,0.012775494033648112
APO-LS,24,2183,7200,0.012775494033648112
APO-LS,24,2183,7300,0.012775494033648112
APO-LS,24,2183,7400,0.012775494033648112
APO-LS,24,2183,7500,0.012775494033648112
APO-LS,24,2183,7600,0.012775494033648112
APO-LS,24,2183,7700,0.012775494033648112
APO-LS,24,2183,7800,0.012775494033648112
APO-LS,24,2183,7900,0.012775494033648112
APO-LS,24,2183,8000,0.012775494033648112
APO-LS,24,2183,8100,0.012775494033648112
APO-LS,24,2183,8200,0.012727284746205743
APO-LS,24,2183,8300,0.012727284746205743
APO-LS,24,2183,8400,0.012719307963772967
APO-LS,24,2183,8500,0.012719307963772967
APO-LS,24,2183,8600,0.012719307963772967
APO-LS,24,2183,8700,0.012719307963772967
APO-LS,24,2183,8800,0.012719307963772967
APO-LS,24,2183,8900,0.012719307963772967
APO-LS,24,2183,9000,0.012719307963772967
APO-LS,24,2183,9100,0.012719307963772967
APO-LS,24,2183,9200,0.012719307963772967
APO-LS,24,2183,9300,0.012719307963772967
APO-LS,24,2183,9400,0.012719307963772967
APO-LS,24,2183,9500,0.012719307963772967
APO-LS,24,2183,9600,0.012719307963772967
APO-LS,24,2183,9700,0.012719307963772967
APO-LS,24,2183,9800,0.012719307963772967
APO-LS,24,2183,9900,0.012719141045888348
APO-LS,24,2183,10000,0.012719140859162188
APO-PSO,24,2183,100,157049.422844072
APO-PSO,24,2183,200,4358.480982905669
APO-PSO,24,2183,300,2536.194713686265
APO-PSO,24,2183,400,0.09464867832266435
APO-PSO,24,2183,500,0.09464867832266435
APO-PSO,24,2183,600,0.054337983774424455
APO-PSO,24,2183,700,0.028730787023498447
APO-PSO,24,2183,800,0.013462872953619797
APO-PSO,24,2183,900,0.013462872953619797
APO-PSO,24,2183,1000,0.013462872953619797
APO-PSO,24,2183,1100,0.013462872953619797
APO-PSO,24,2183,1200,0.013462872953619797
APO-PSO,24,2183,1300,0.0132403668710773
APO-PSO,24,2183,1400,0.0132403668710773
APO-PSO,24,2183,1500,0.0132403668710773
APO-PSO,24,2183,1600,0.0132403668710773
APO-PSO,24,2183,1700,0.0132403668710773
APO-PSO,24,2183,1800,0.0132403668710773
APO-PSO,24,2183,1900,0.0132403668710773
APO-PSO,24,2183,2000,0.0132403668710773
APO-PSO,24,2183,2100,0.0132403668710773
APO-PSO,24,2183,2200,0.0132403668710773
APO-PSO,24,2183,2300,0.0132403668710773
APO-PSO,24,2183,2400,0.0132403668710773
APO-PSO,24,2183,2500,0.0132403668710773
APO-PSO,24,2183,2600,0.0132403668710773
APO-PSO,24,2183,2700,0.0132403668710773
APO-PSO,24,2183,2800,0.0132403668710773
APO-PSO,24,2183,2900,0.0132403668710773
APO-PSO,24,2183,3000,0.0132403668710773
APO-PSO,24,2183,3100,0.0132403668710773
APO-PSO,24,2183,3200,0.0132403668710773
APO-PSO,24,2183,3300,0.0132403668710773
APO-PSO,24,2183,3400,0.0132403668710773
APO-PSO,24,2183,3500,0.0132403668710773
APO-PSO,24,2183,3600,0.0132403668710773
APO-PSO,24,2183,3700,0.0132403668710773
APO-PSO,24,2183,3800,0.013196046661926515
APO-PSO,24,2183,3900,0.013196046661926515
APO-PSO,24,2183,4000,0.013056414664587805
APO-PSO,24,2183,4100,0.013056414664587805
APO-PSO,24,2183,4200,0.013056414664587805
APO-PSO,24,2183,4300,0.013056414664587805
APO-PSO,24,2183,4400,0.013056414664587805
APO-PSO,24,2183,4500,0.013056414664587805
APO-PSO,24,2183,4600,0.013056414664587805
APO-PSO,24,2183,4700,0.013056414664587805
APO-PSO,24,2183,4800,0.013056414664587805
APO-PSO,24,2183,4900,0.013056414664587805
APO-PSO,24,2183,5000,0.013056414664587805
APO-PSO,24,2183,5100,0.013056414664587805
APO-PSO,24,2183,5200,0.012885966529490454
APO-PSO,24,2183,5300,0.012885966529490454
APO-PSO,24,2183,5400,0.012885966529490454
APO-PSO,24,2183,5500,0.012885966529490454
APO-PSO,24,2183,5600,0.012885966529490454
APO-PSO,24,2183,5700,0.012885966529490454
APO-PSO,24,2183,5800,0.012885966529490454
APO-PSO,24,2183,5900,0.012885966529490454
APO-PSO,24,2183,6000,0.012885966529490454
APO-PSO,24,2183,6100,0.012885966529490454
APO-PSO,24,2183,6200,0.012885966529490454
APO-PSO,24,2183,6300,0.012885966529490454
APO-PSO,24,2183,6400,0.012885966529490454
APO-PSO,24,2183,6500,0.012885966529490454
APO-PSO,24,2183,6600,0.012885966529490454
APO-PSO,24,2183,6700,0.012885966529490454
APO-PSO,24,2183,6800,0.012885966529490454
APO-PSO,24,2183,6900,0.012885966529490454
APO-PSO,24,2183,7000,0.012885966529490454
APO-PSO,24,2183,7100,0.012885966529490454
APO-PSO,24,2183,7200,0.012885966529490454
APO-PSO,24,2183,7300,0.012885966529490454
APO-PSO,24,2183,7400,0.012885966529490454
APO-PSO,24,2183,7500,0.012885966529490454
APO-PSO,24,2183,7600,0.012885966529490454
APO-PSO,24,2183,7700,0.012885966529490454
APO-PSO,24,2183,7800,0.012885966529490454
APO-PSO,24,2183,7900,0.012885966529490454
APO-PSO,24,2183,8000,0.012846707140531786
APO-PSO,24,2183,8100,0.012832226569560396
APO-PSO,24,2183,8200,0.012832226569560396
APO-PSO,24,2183,8300,0.012832226569560396
APO-PSO,24,2183,8400,0.012816940255223975
APO-PSO,24,2183,8500,0.012816940255223975
APO-PSO,24,2183,8600,0.01278870289747089
APO-PSO,24,2183,8700,0.012756570791148147
APO-PSO,24,2183,8800,0.012756570791148147
APO-PSO,24,2183,8900,0.012756570791148147
APO-PSO,24,2183,9000,0.012756570791148147
APO-PSO,24,2183,9100,0.012756570791148147
APO-PSO,24,2183,9200,0.012753344604792367
APO-PSO,24,2183,9300,0.012744410581748552
APO-PSO,24,2183,9400,0.012744410581748552
APO-PSO,24,2183,9500,0.012733484457742635
APO-PSO,24,2183,9600,0.012733484457742635
APO-PSO,24,2183,9700,0.012733484457742635
APO-PSO,24,2183,9800,0.012733484457742635
APO-PSO,24,2183,9900,0.012733484457742635
APO-PSO,24,2183,10000,0.012733338673407407
APO-wr-DE,24,2183,100,157049.422844072
APO-wr-DE,24,2183,200,157049.422844072
APO-wr-DE,24,2183,300,0.059243834913887364
APO-wr-DE,24,2183,400,0.059243834913887364
APO-wr-DE,24,2183,500,0.027648247917054877
APO-wr-DE,24,2183,600,0.027648247917054877
APO-wr-DE,24,2183,700,0.027648247917054877
APO-wr-DE,24,2183,800,0.027648247917054877
APO-wr-DE,24,2183,900,0.016806431787651756
APO-wr-DE,24,2183,1000,0.016806431787651756
APO-wr-DE,24,2183,1100,0.016806431787651756
APO-wr-DE,24,2183,1200,0.015941883544759318
APO-wr-DE,24,2183,1300,0.014609140067899954
APO-wr-DE,24,2183,1400,0.01328194308573419
APO-wr-DE,24,2183,1500,0.01328194308573419
APO-wr-DE,24,2183,1600,0.01328194308573419
APO-wr-DE,24,2183,1700,0.01328194308573419
APO-wr-DE,24,2183,1800,0.01328194308573419
APO-wr-DE,24,2183,1900,0.01328194308573419
APO-wr-DE,24,2183,2000,0.01328194308573419
APO-wr-DE,24,2183,2100,0.01328194308573419
APO-wr-DE,24,2183,2200,0.01328194308573419
APO-wr-DE,24,2183,2300,0.01328194308573419
APO-wr-DE,24,2183,2400,0.01328194308573419
APO-wr-DE,24,2183,2500,0.01328194308573419
APO-wr-DE,24,2183,2600,0.01328194308573419
APO-wr-DE,24,2183,2700,0.01328194308573419
APO-wr-DE,24,2183,2800,0.01328194308573419
APO-wr-DE,24,2183,2900,0.01328194308573419
APO-wr-DE,24,2183,3000,0.01328194308573419
APO-wr-DE,24,2183,3100,0.01328194308573419
APO-wr-DE,24,2183,3200,0.01328194308573419
APO-wr-DE,24,2183,3300,0.01328194308573419
APO-wr-DE,24,2183,3400,0.01328194308573419
APO-wr-DE,24,2183,3500,0.01328194308573419
APO-wr-DE,24,2183,3600,0.01328194308573419
APO-wr-DE,24,2183,3700,0.01328194308573419
APO-wr-DE,24,2183,3800,0.013083152908670594
APO-wr-DE,24,2183,3900,0.013083152908670594
APO-wr-DE,24,2183,4000,0.013083152908670594
APO-wr-DE,24,2183,4100,0.013083152908670594
APO-wr-DE,24,2183,4200,0.013083152908670594
APO-wr-DE,24,2183,4300,0.013083152908670594
APO-wr-DE,24,2183,4400,0.013083152908670594
APO-wr-DE,24,2183,4500,0.013083152908670594
APO-wr-DE,24,2183,4600,0.013083152908670594
APO-wr-DE,24,2183,4700,0.013083152908670594
APO-wr-DE,24,2183,4800,0.013083152908670594
APO-wr-DE,24,2183,4900,0.013083152908670594
APO-wr-DE,24,2183,5000,0.013083152908670594
APO-wr-DE,24,2183,5100,0.013083152908670594
APO-wr-DE,24,2183,5200,0.01296766147994604
APO-wr-DE,24,2183,5300,0.01296766147994604
APO-wr-DE,24,2183,5400,0.01296766147994604
APO-wr-DE,24,2183,5500,0.01296766147994604
APO-wr-DE,24,2183,5600,0.01296766147994604
APO-wr-DE,24,2183,5700,0.01296766147994604
APO-wr-DE,24,2183,5800,0.012902320422005202
APO-wr-DE,24,2183,5900,0.012902320422005202
APO-wr-DE,24,2183,6000,0.012902320422005202
APO-wr-DE,24,2183,6100,0.012902320422005202
APO-wr-DE,24,2183,6200,0.012902320422005202
APO-wr-DE,24,2183,6300,0.012902320422005202
APO-wr-DE,24,2183,6400,0.012902320422005202
APO-wr-DE,24,2183,6500,0.012902320422005202
APO-wr-DE,24,2183,6600,0.012902320422005202
APO-wr-DE,24,2183,6700,0.012902320422005202
APO-wr-DE,24,2183,6800,0.012902320422005202
APO-wr-DE,24,2183,6900,0.012902320422005202
APO-wr-DE,24,2183,7000,0.012845855697748439
APO-wr-DE,24,2183,7100,0.012845855697748439
APO-wr-DE,24,2183,7200,0.012845855697748439
APO-wr-DE,24,2183,7300,0.012845855697748439
APO-wr-DE,24,2183,7400,0.012845855697748439
APO-wr-DE,24,2183,7500,0.012845855697748439
APO-wr-DE,24,2183,7600,0.012845855697748439
APO-wr-DE,24,2183,7700,0.012845855697748439
APO-wr-DE,24,2183,7800,0.012845855697748439
APO-wr-DE,24,2183,7900,0.012845855697748439
APO-wr-DE,24,2183,8000,0.012845855697748439
APO-wr-DE,24,2183,8100,0.012845855697748439
APO-wr-DE,24,2183,8200,0.01274417088445222
APO-wr-DE,24,2183,8300,0.01274417088445222
APO-wr-DE,24,2183,8400,0.01274417088445222
APO-wr-DE,24,2183,8500,0.012739826183360314
APO-wr-DE,24,2183,8600,0.012739826183360314
APO-wr-DE,24,2183,8700,0.012705572583919744
APO-wr-DE,24,2183,8800,0.012705572583919744
APO-wr-DE,24,2183,8900,0.012702219482302463
APO-wr-DE,24,2183,9000,0.012702219482302463
APO-wr-DE,24,2183,9100,0.012702219482302463
APO-wr-DE,24,2183,9200,0.012702219482302463
APO-wr-DE,24,2183,9300,0.012702219482302463
APO-wr-DE,24,2183,9400,0.012702219482302463
APO-wr-DE,24,2183,9500,0.012702219482302463
APO-wr-DE,24,2183,9600,0.012702219482302463
APO-wr-DE,24,2183,9700,0.012702219482302463
APO-wr-DE,24,2183,9800,0.012702219482302463
APO-wr-DE,24,2183,9900,0.012702082965244891
APO-wr-DE,24,2183,10000,0.012702082965244891
APO-wr-LS,24,2183,100,157049.422844072
APO-wr-LS,24,2183,200,33558.03313901975
APO-wr-LS,24,2183,300,529.1357837680434
APO-wr-LS,24,2183,400,0.07082962951747694
APO-wr-LS,24,2183,500,0.014145409201058815
APO-wr-LS,24,2183,600,0.014145409201058815
APO-wr-LS,24,2183,700,0.013912658067940325
APO-wr-LS,24,2183,800,0.013327020695328916
APO-wr-LS,24,2183,900,0.013281840014740826
APO-wr-LS,24,2183,1000,0.013207091732961371
APO-wr-LS,24,2183,1100,0.013207091732961371
APO-wr-LS,24,2183,1200,0.013207091732961371
APO-wr-LS,24,2183,1300,0.013207091732961371
APO-wr-LS,24,2183,1400,0.01319732906116284
APO-wr-LS,24,2183,1500,0.01319732906116284
APO-wr-LS,24,2183,1600,0.01319732906116284
APO-wr-LS,24,2183,1700,0.01319732906116284
APO-wr-LS,24,2183,1800,0.01319732906116284
APO-wr-LS,24,2183,1900,0.01319732906116284
APO-wr-LS,24,2183,2000,0.013022881496508668
APO-wr-LS,24,2183,2100,0.013022881496508668
APO-wr-LS,24,2183,2200,0.013022881496508668
APO-wr-LS,24,2183,2300,0.013022881496508668
APO-wr-LS,24,2183,2400,0.013022881496508668
APO-wr-LS,24,2183,2500,0.013022881496508668
APO-wr-LS,24,2183,2600,0.013022881496508668
APO-wr-LS,24,2183,2700,0.013022881496508668
APO-wr-LS,24,2183,2800,0.013022881496508668
APO-wr-LS,24,2183,2900,0.013022881496508668
APO-wr-LS,24,2183,3000,0.013022881496508668
APO-wr-LS,24,2183,3100,0.013022881496508668
APO-wr-LS,24,2183,3200,0.013022881496508668
APO-wr-LS,24,2183,3300,0.013022881496508668
APO-wr-LS,24,2183,3400,0.01298978845873893
APO-wr-LS,24,2183,3500,0.01298978845873893
APO-wr-LS,24,2183,3600,0.01298978845873893
APO-wr-LS,24,2183,3700,0.01298978845873893
APO-wr-LS,24,2183,3800,0.01298978845873893
APO-wr-LS,24,2183,3900,0.01298978845873893
APO-wr-LS,24,2183,4000,0.01298978845873893
APO-wr-LS,24,2183,4100,0.01298978845873893
APO-wr-LS,24,2183,4200,0.01298978845873893
APO-wr-LS,24,2183,4300,0.01298978845873893
APO-wr-LS,24,2183,4400,0.01298978845873893
APO-wr-LS,24,2183,4500,0.01298978845873893
APO-wr-LS,24,2183,4600,0.01278541010605377
APO-wr-LS,24,2183,4700,0.01278541010605377
APO-wr-LS,24,2183,4800,0.01278541010605377
APO-wr-LS,24,2183,4900,0.01278541010605377
APO-wr-LS,24,2183,5000,0.01278541010605377
APO-wr-LS,24,2183,5100,0.01278541010605377
APO-wr-LS,24,2183,5200,0.01278541010605377
APO-wr-LS,24,2183,5300,0.01278541010605377
APO-wr-LS,24,2183,5400,0.01278541010605377
APO-wr-LS,24,2183,5500,0.01278541010605377
APO-wr-LS,24,2183,5600,0.01278541010605377
APO-wr-LS,24,2183,5700,0.012704532620118603
APO-wr-LS,24,2183,5800,0.012704532620118603
APO-wr-LS,24,2183,5900,0.012704532620118603
APO-wr-LS,24,2183,6000,0.012704532620118603
APO-wr-LS,24,2183,6100,0.012704532620118603
APO-wr-LS,24,2183,6200,0.012704532620118603
APO-wr-LS,24,2183,6300,0.012704532620118603
APO-wr-LS,24,2183,6400,0.012704532620118603
APO-wr-LS,24,2183,6500,0.012704532620118603
APO-wr-LS,24,2183,6600,0.012704532620118603
APO-wr-LS,24,2183,6700,0.012704532620118603
APO-wr-LS,24,2183,6800,0.012704532620118603
APO-wr-LS,24,2183,6900,0.012704532620118603
APO-wr-LS,24,2183,7000,0.012704532620118603
APO-wr-LS,24,2183,7100,0.012704532620118603
APO-wr-LS,24,2183,7200,0.012704532620118603
APO-wr-LS,24,2183,7300,0.012704532620118603
APO-wr-LS,24,2183,7400,0.012704532620118603
APO-wr-LS,24,2183,7500,0.012704532620118603
APO-wr-LS,24,2183,7600,0.012704532620118603
APO-wr-LS,24,2183,7700,0.012695092382315594
APO-wr-LS,24,2183,7800,0.012695092382315594
APO-wr-LS,24,2183,7900,0.012695092382315594
APO-wr-LS,24,2183,8000,0.012695092382315594
APO-wr-LS,24,2183,8100,0.012695092382315594
APO-wr-LS,24,2183,8200,0.012695092382315594
APO-wr-LS,24,2183,8300,0.012695092382315594
APO-wr-LS,24,2183,8400,0.012691310799529043
APO-wr-LS,24,2183,8500,0.012691310799529043
APO-wr-LS,24,2183,8600,0.012691310799529043
APO-wr-LS,24,2183,8700,0.012691310799529043
APO-wr-LS,24,2183,8800,0.012691310799529043
APO-wr-LS,24,2183,8900,0.012691310799529043
APO-wr-LS,24,2183,9000,0.012691310799529043
APO-wr-LS,24,2183,9100,0.012688282735295719
APO-wr-LS,24,2183,9200,0.012688282735295719
APO-wr-LS,24,2183,9300,0.012688282735295719
APO-wr-LS,24,2183,9400,0.012688282735295719
APO-wr-LS,24,2183,9500,0.012688282735295719
APO-wr-LS,24,2183,9600,0.01268548697349058
APO-wr-LS,24,2183,9700,0.01268548697349058
APO-wr-LS,24,2183,9800,0.01268548697349058
APO-wr-LS,24,2183,9900,0.01268486586074142
APO-wr-LS,24,2183,10000,0.01268486586074142
APO-wr-PSO,24,2183,100,157049.422844072
APO-wr-PSO,24,2183,200,4358.480982905669
APO-wr-PSO,24,2183,300,118.92936409510466
APO-wr-PSO,24,2183,400,0.04276885807349077
APO-wr-PSO,24,2183,500,0.04276885807349077
APO-wr-PSO,24,2183,600,0.02042204180639541
APO-wr-PSO,24,2183,700,0.02042204180639541
APO-wr-PSO,24,2183,800,0.018239037093809578
APO-wr-PSO,24,2183,900,0.01735212439284442
APO-wr-PSO,24,2183,1000,0.013396970972161892
APO-wr-PSO,24,2183,1100,0.013365283628011312
APO-wr-PSO,24,2183,1200,0.013365283628011312
APO-wr-PSO,24,2183,1300,0.013365283628011312
APO-wr-PSO,24,2183,1400,0.013365283628011312
APO-wr-PSO,24,2183,1500,0.013365283628011312
APO-wr-PSO,24,2183,1600,0.01324432348359891
APO-wr-PSO,24,2183,1700,0.01324432348359891
APO-wr-PSO,24,2183,1800,0.01324432348359891
APO-wr-PSO,24,2183,1900,0.01324432348359891
APO-wr-PSO,24,2183,2000,0.01324432348359891
APO-wr-PSO,24,2183,2100,0.013218697479278974
APO-wr-PSO,24,2183,2200,0.013218697479278974
APO-wr-PSO,24,2183,2300,0.013218697479278974
APO-wr-PSO,24,2183,2400,0.013218697479278974
APO-wr-PSO,24,2183,2500,0.013213792382521627
APO-wr-PSO,24,2183,2600,0.013213792382521627
APO-wr-PSO,24,2183,2700,0.013213792382521627
APO-wr-PSO,24,2183,2800,0.013177237663672665
APO-wr-PSO,24,2183,2900,0.013177237663672665
APO-wr-PSO,24,2183,3000,0.013177237663672665
APO-wr-PSO,24,2183,3100,0.013177237663672665
APO-wr-PSO,24,2183,3200,0.013177237663672665
APO-wr-PSO,24,2183,3300,0.013177237663672665
APO-wr-PSO,24,2183,3400,0.013177237663672665
APO-wr-PSO,24,2183,3500,0.013177237663672665
APO-wr-PSO,24,2183,3600,0.013177237663672665
APO-wr-PSO,24,2183,3700,0.013177237663672665
APO-wr-PSO,24,2183,3800,0.013177237663672665
APO-wr-PSO,24,2183,3900,0.013177237663672665
APO-wr-PSO,24,2183,4000,0.01297963016830754
APO-wr-PSO,24,2183,4100,0.01297963016830754
APO-wr-PSO,24,2183,4200,0.01297963016830754
APO-wr-PSO,24,2183,4300,0.012974315961920021
APO-wr-PSO,24,2183,4400,0.012974315961920021
APO-wr-PSO,24,2183,4500,0.012974315961920021
APO-wr-PSO,24,2183,4600,0.012799301328489795
APO-wr-PSO,24,2183,4700,0.012799301328489795
APO-wr-PSO,24,2183,4800,0.012799301328489795
APO-wr-PSO,24,2183,4900,0.012799301328489795
APO-wr-PSO,24,2183,5000,0.012799301328489795
APO-wr-PSO,24,2183,5100,0.012799301328489795
APO-wr-PSO,24,2183,5200,0.012799301328489795
APO-wr-PSO,24,2183,5300,0.012799301328489795
APO-wr-PSO,24,2183,5400,0.012799301328489795
APO-wr-PSO,24,2183,5500,0.012795140217437296
APO-wr-PSO,24,2183,5600,0.012795140217437296
APO-wr-PSO,24,2183,5700,0.012795140217437296
APO-wr-PSO,24,2183,5800,0.012795140217437296
APO-wr-PSO,24,2183,5900,0.012795140217437296
APO-wr-PSO,24,2183,6000,0.012795140217437296
APO-wr-PSO,24,2183,6100,0.012795140217437296
APO-wr-PSO,24,2183,6200,0.012795140217437296
APO-wr-PSO,24,2183,6300,0.012795140217437296
APO-wr-PSO,24,2183,6400,0.012795140217437296
APO-wr-PSO,24,2183,6500,0.012795140217437296
APO-wr-PSO,24,2183,6600,0.012795140217437296
APO-wr-PSO,24,2183,6700,0.012795140217437296
APO-wr-PSO,24,2183,6800,0.012795140217437296
APO-wr-PSO,24,2183,6900,0.012795140217437296
APO-wr-PSO,24,2183,7000,0.012736821050098743
APO-wr-PSO,24,2183,7100,0.012736821050098743
APO-wr-PSO,24,2183,7200,0.012736821050098743
APO-wr-PSO,24,2183,7300,0.012736821050098743
APO-wr-PSO,24,2183,7400,0.012736821050098743
APO-wr-PSO,24,2183,7500,0.012736821050098743
APO-wr-PSO,24,2183,7600,0.012736821050098743
APO-wr-PSO,24,2183,7700,0.012736821050098743
APO-wr-PSO,24,2183,7800,0.012736821050098743
APO-wr-PSO,24,2183,7900,0.012736821050098743
APO-wr-PSO,24,2183,8000,0.012736821050098743
APO-wr-PSO,24,2183,8100,0.012736821050098743
APO-wr-PSO,24,2183,8200,0.012732258912097016
APO-wr-PSO,24,2183,8300,0.012732258912097016
APO-wr-PSO,24,2183,8400,0.012732258912097016
APO-wr-PSO,24,2183,8500,0.012732258912097016
APO-wr-PSO,24,2183,8600,0.012720995948040933
APO-wr-PSO,24,2183,8700,0.012720995948040933
APO-wr-PSO,24,2183,8800,0.012720995948040933
APO-wr-PSO,24,2183,8900,0.012720995948040933
APO-wr-PSO,24,2183,9000,0.012720995948040933
APO-wr-PSO,24,2183,9100,0.012720995948040933
APO-wr-PSO,24,2183,9200,0.012720995948040933
APO-wr-PSO,24,2183,9300,0.012720995948040933
APO-wr-PSO,24,2183,9400,0.012720990994915395
APO-wr-PSO,24,2183,9500,0.01270543364755438
APO-wr-PSO,24,2183,9600,0.01270543364755438
APO-wr-PSO,24,2183,9700,0.01270543364755438
APO-wr-PSO,24,2183,9800,0.01270216279771582
APO-wr-PSO,24,2183,9900,0.01270159834542414
APO-wr-PSO,24,2183,10000,0.01270159834542414
APO,25,2190,100,95.81396759969915
APO,25,2190,200,95.81396759969915
APO,25,2190,300,95.81396759969915
APO,25,2190,400,0.013359125494599468
APO,25,2190,500,0.013359125494599468
APO,25,2190,600,0.013359125494599468
APO,25,2190,700,0.013359125494599468
APO,25,2190,800,0.013359125494599468
APO,25,2190,900,0.013298884790960539
APO,25,2190,1000,0.013298884790960539
APO,25,2190,1100,0.013298884790960539
APO,25,2190,1200,0.013298884790960539
APO,25,2190,1300,0.013298884790960539
APO,25,2190,1400,0.013298884790960539
APO,25,2190,1500,0.013298884790960539
APO,25,2190,1600,0.013298884790960539
APO,25,2190,1700,0.013298884790960539
APO,25,2190,1800,0.013298884790960539
APO,25,2190,1900,0.013298884790960539
APO,25,2190,2000,0.013298884790960539
APO,25,2190,2100,0.013298884790960539
APO,25,2190,2200,0.013298884790960539
APO,25,2190,2300,0.013298884790960539
APO,25,2190,2400,0.013298884790960539
APO,25,2190,2500,0.013298884790960539
APO,25,2190,2600,0.013298884790960539
APO,25,2190,2700,0.013298884790960539
APO,25,2190,2800,0.013298884790960539
APO,25,2190,2900,0.013298884790960539
APO,25,2190,3000,0.013298884790960539
APO,25,2190,3100,0.013016516464769805
APO,25,2190,3200,0.013016516464769805
APO,25,2190,3300,0.013016516464769805
APO,25,2190,3400,0.013016516464769805
APO,25,2190,3500,0.013016516464769805
APO,25,2190,3600,0.013016516464769805
APO,25,2190,3700,0.013016516464769805
APO,25,2190,3800,0.013016516464769805
APO,25,2190,3900,0.013016516464769805
APO,25,2190,4000,0.013016516464769805
APO,25,2190,4100,0.013016516464769805
APO,25,2190,4200,0.013016516464769805
APO,25,2190,4300,0.013016516464769805
APO,25,2190,4400,0.013016516464769805
APO,25,2190,4500,0.013016516464769805
APO,25,2190,4600,0.013016516464769805
APO,25,2190,4700,0.013016516464769805
APO,25,2190,4800,0.013016516464769805
APO,25,2190,4900,0.013016516464769805
APO,25,2190,5000,0.013016516464769805
APO,25,2190,5100,0.013016516464769805
APO,25,2190,5200,0.013016516464769805
APO,25,2190,5300,0.013016516464769805
APO,25,2190,5400,0.013016516464769805
APO,25,2190,5500,0.013016516464769805
APO,25,2190,5600,0.012928334808096617
APO,25,2190,5700,0.012928334808096617
APO,25,2190,5800,0.012928334808096617
APO,25,2190,5900,0.012928334808096617
APO,25,2190,6000,0.012928334808096617
APO,25,2190,6100,0.012928334808096617
APO,25,2190,6200,0.012928334808096617
APO,25,2190,6300,0.012928334808096617
APO,25,2190,6400,0.012928334808096617
APO,25,2190,6500,0.012928334808096617
APO,25,2190,6600,0.012928334808096617
APO,25,2190,6700,0.012928334808096617
APO,25,2190,6800,0.012928334808096617
APO,25,2190,6900,0.012928334808096617
APO,25,2190,7000,0.012928334808096617
APO,25,2190,7100,0.012928334808096617
APO,25,2190,7200,0.012906485666712922
APO,25,2190,7300,0.012906485666712922
APO,25,2190,7400,0.012906485666712922
APO,25,2190,7500,0.012906485666712922
APO,25,2190,7600,0.012735660745397833
APO,25,2190,7700,0.012735660745397833
APO,25,2190,7800,0.012735660745397833
APO,25,2190,7900,0.012735660745397833
APO,25,2190,8000,0.012735660745397833
APO,25,2190,8100,0.012735660745397833
APO,25,2190,8200,0.012735660745397833
APO,25,2190,8300,0.012735660745397833
APO,25,2190,8400,0.012735660745397833
APO,25,2190,8500,0.012735660745397833
APO,25,2190,8600,0.012735660745397833
APO,25,2190,8700,0.012735660745397833
APO,25,2190,8800,0.012735660745397833
APO,25,2190,8900,0.012735660745397833
APO,25,2190,9000,0.012735660745397833
APO,25,2190,9100,0.012735660745397833
APO,25,2190,9200,0.012735660745397833
APO,25,2190,9300,0.012735660745397833
APO,25,2190,9400,0.012735660745397833
APO,25,2190,9500,0.012735660745397833
APO,25,2190,9600,0.012730044101203375
APO,25,2190,9700,0.012730044101203375
APO,25,2190,9800,0.012730044101203375
APO,25,2190,9900,0.012730044101203375
APO,25,2190,10000,0.01273001978464132
APO-wr,25,2190,100,95.81396759969915
APO-wr,25,2190,200,95.81396759969915
APO-wr,25,2190,300,95.81396759969915
APO-wr,25,2190,400,0.05664472205387159
APO-wr,25,2190,500,0.05664472205387159
APO-wr,25,2190,600,0.05664472205387159
APO-wr,25,2190,700,0.04553692373495476
APO-wr,25,2190,800,0.014913585996748293
APO-wr,25,2190,900,0.013338742148358363
APO-wr,25,2190,1000,0.013338742148358363
APO-wr,25,2190,1100,0.013338742148358363
APO-wr,25,2190,1200,0.013338742148358363
APO-wr,25,2190,1300,0.013338742148358363
APO-wr,25,2190,1400,0.012981004365796335
APO-wr,25,2190,1500,0.012981004365796335
APO-wr,25,2190,1600,0.012981004365796335
APO-wr,25,2190,1700,0.012981004365796335
APO-wr,25,2190,1800,0.012981004365796335
APO-wr,25,2190,1900,0.012981004365796335
APO-wr,25,2190,2000,0.012981004365796335
APO-wr,25,2190,2100,0.012981004365796335
APO-wr,25,2190,2200,0.012981004365796335
APO-wr,25,2190,2300,0.012981004365796335
APO-wr,25,2190,2400,0.012981004365796335
APO-wr,25,2190,2500,0.012981004365796335
APO-wr,25,2190,2600,0.012981004365796335
APO-wr,25,2190,2700,0.012981004365796335
APO-wr,25,2190,2800,0.012981004365796335
APO-wr,25,2190,2900,0.012981004365796335
APO-wr,25,2190,3000,0.012981004365796335
APO-wr,25,2190,3100,0.012981004365796335
APO-wr,25,2190,3200,0.012981004365796335
APO-wr,25,2190,3300,0.012981004365796335
APO-wr,25,2190,3400,0.012812538831141987
APO-wr,25,2190,3500,0.012812538831141987
APO-wr,25,2190,3600,0.012812538831141987
APO-wr,25,2190,3700,0.012812538831141987
APO-wr,25,2190,3800,0.012812538831141987
APO-wr,25,2190,3900,0.012812538831141987
APO-wr,25,2190,4000,0.012812538831141987
APO-wr,25,2190,4100,0.012812538831141987
APO-wr,25,2190,4200,0.012812538831141987
APO-wr,25,2190,4300,0.012812538831141987
APO-wr,25,2190,4400,0.012812538831141987
APO-wr,25,2190,4500,0.012812538831141987
APO-wr,25,2190,4600,0.012812538831141987
APO-wr,25,2190,4700,0.012812538831141987
APO-wr,25,2190,4800,0.012812538831141987
APO-wr,25,2190,4900,0.012812538831141987
APO-wr,25,2190,5000,0.012812538831141987
APO-wr,25,2190,5100,0.012812538831141987
APO-wr,25,2190,5200,0.012812538831141987
APO-wr,25,2190,5300,0.012812538831141987
APO-wr,25,2190,5400,0.012812538831141987
APO-wr,25,2190,5500,0.012812538831141987
APO-wr,25,2190,5600,0.012812538831141987
APO-wr,25,2190,5700,0.012812538831141987
APO-wr,25,2190,5800,0.012812538831141987
APO-wr,25,2190,5900,0.012812538831141987
APO-wr,25,2190,6000,0.012812538831141987
APO-wr,25,2190,6100,0.012812538831141987
APO-wr,25,2190,6200,0.012812538831141987
APO-wr,25,2190,6300,0.012812538831141987
APO-wr,25,2190,6400,0.012812538831141987
APO-wr,25,2190,6500,0.012812538831141987
APO-wr,25,2190,6600,0.012812538831141987
APO-wr,25,2190,6700,0.012812538831141987
APO-wr,25,2190,6800,0.012812538831141987
APO-wr,25,2190,6900,0.012812538831141987
APO-wr,25,2190,7000,0.012812538831141987
APO-wr,25,2190,7100,0.012812538831141987
APO-wr,25,2190,7200,0.012812538831141987
APO-wr,25,2190,7300,0.012812538831141987
APO-wr,25,2190,7400,0.012812538831141987
APO-wr,25,2190,7500,0.012812538831141987
APO-wr,25,2190,7600,0.012812538831141987
APO-wr,25,2190,7700,0.012812538831141987
APO-wr,25,2190,7800,0.012812538831141987
APO-wr,25,2190,7900,0.012812538831141987
APO-wr,25,2190,8000,0.012812538831141987
APO-wr,25,2190,8100,0.012812538831141987
APO-wr,25,2190,8200,0.012812538831141987
APO-wr,25,2190,8300,0.012812538831141987
APO-wr,25,2190,8400,0.012812538831141987
APO-wr,25,2190,8500,0.012812538831141987
APO-wr,25,2190,8600,0.012812538831141987
APO-wr,25,2190,8700,0.012812538831141987
APO-wr,25,2190,8800,0.012812538831141987
APO-wr,25,2190,8900,0.012812538831141987
APO-wr,25,2190,9000,0.012812538831141987
APO-wr,25,2190,9100,0.012812538831141987
APO-wr,25,2190,9200,0.012812538831141987
APO-wr,25,2190,9300,0.012812311460683354
APO-wr,25,2190,9400,0.012812311460683354
APO-wr,25,2190,9500,0.012812311460683354
APO-wr,25,2190,9600,0.01280320938188525
APO-wr,25,2190,9700,0.012799061974919548
APO-wr,25,2190,9800,0.012799061974919548
APO-wr,25,2190,9900,0.012797359208536682
APO-wr,25,2190,10000,0.01279727547220783
APO-DE,25,2190,100,95.81396759969915
APO-DE,25,2190,200,95.81396759969915
APO-DE,25,2190,300,0.04050071165463433
APO-DE,25,2190,400,0.03457195180448
APO-DE,25,2190,500,0.03457195180448
APO-DE,25,2190,600,0.025243940408911807
APO-DE,25,2190,700,0.025243940408911807
APO-DE,25,2190,800,0.025243940408911807
APO-DE,25,2190,900,0.013969334434844211
APO-DE,25,2190,1000,0.013969334434844211
APO-DE,25,2190,1100,0.01331415034234683
APO-DE,25,2190,1200,0.01331415034234683
APO-DE,25,2190,1300,0.01331415034234683
APO-DE,25,2190,1400,0.01331415034234683
APO-DE,25,2190,1500,0.01331415034234683
APO-DE,25,2190,1600,0.013187434852278362
APO-DE,25,2190,1700,0.013187434852278362
APO-DE,25,2190,1800,0.013187434852278362
APO-DE,25,2190,1900,0.013187434852278362
APO-DE,25,2190,2000,0.013187434852278362
APO-DE,25,2190,2100,0.013187434852278362
APO-DE,25,2190,2200,0.013187434852278362
APO-DE,25,2190,2300,0.013187434852278362
APO-DE,25,2190,2400,0.013187434852278362
APO-DE,25,2190,2500,0.013187434852278362
APO-DE,25,2190,2600,0.013187434852278362
APO-DE,25,2190,2700,0.013187434852278362
APO-DE,25,2190,2800,0.013187434852278362
APO-DE,25,2190,2900,0.013187434852278362
APO-DE,25,2190,3000,0.013187434852278362
APO-DE,25,2190,3100,0.013187434852278362
APO-DE,25,2190,3200,0.013187434852278362
APO-DE,25,2190,3300,0.013187434852278362
APO-DE,25,2190,3400,0.013187434852278362
APO-DE,25,2190,3500,0.013187434852278362
APO-DE,25,2190,3600,0.013169684553293062
APO-DE,25,2190,3700,0.013169684553293062
APO-DE,25,2190,3800,0.013169684553293062
APO-DE,25,2190,3900,0.013169684553293062
APO-DE,25,2190,4000,0.013169684553293062
APO-DE,25,2190,4100,0.013169684553293062
APO-DE,25,2190,4200,0.013169684553293062
APO-DE,25,2190,4300,0.013169684553293062
APO-DE,25,2190,4400,0.013169684553293062
APO-DE,25,2190,4500,0.01304059813240154
APO-DE,25,2190,4600,0.01304059813240154
APO-DE,25,2190,4700,0.01304059813240154
APO-DE,25,2190,4800,0.01304059813240154
APO-DE,25,2190,4900,0.01304059813240154
APO-DE,25,2190,5000,0.01304059813240154
APO-DE,25,2190,5100,0.01304059813240154
APO-DE,25,2190,5200,0.01304059813240154
APO-DE,25,2190,5300,0.01304059813240154
APO-DE,25,2190,5400,0.01304059813240154
APO-DE,25,2190,5500,0.01304059813240154
APO-DE,25,2190,5600,0.01304059813240154
APO-DE,25,2190,5700,0.01304059813240154
APO-DE,25,2190,5800,0.01304059813240154
APO-DE,25,2190,5900,0.01304059813240154
APO-DE,25,2190,6000,0.01304059813240154
APO-DE,25,2190,6100,0.012980401966633477
APO-DE,25,2190,6200,0.012980401966633477
APO-DE,25,2190,6300,0.012980401966633477
APO-DE,25,2190,6400,0.012980401966633477
APO-DE,25,2190,6500,0.012980401966633477
APO-DE,25,2190,6600,0.012910846043788126
APO-DE,25,2190,6700,0.012910846043788126
APO-DE,25,2190,6800,0.012910846043788126
APO-DE,25,2190,6900,0.012910846043788126
APO-DE,25,2190,7000,0.012910846043788126
APO-DE,25,2190,7100,0.012910846043788126
APO-DE,25,2190,7200,0.012910846043788126
APO-DE,25,2190,7300,0.012910846043788126
APO-DE,25,2190,7400,0.012910846043788126
APO-DE,25,2190,7500,0.012910846043788126
APO-DE,25,2190,7600,0.012910846043788126
APO-DE,25,2190,7700,0.012910846043788126
APO-DE,25,2190,7800,0.012910846043788126
APO-DE,25,2190,7900,0.012910846043788126
APO-DE,25,2190,8000,0.012910846043788126
APO-DE,25,2190,8100,0.012910846043788126
APO-DE,25,2190,8200,0.012883922108960482
APO-DE,25,2190,8300,0.012883922108960482
APO-DE,25,2190,8400,0.012869632708955366
APO-DE,25,2190,8500,0.012869632708955366
APO-DE,25,2190,8600,0.012867617646194944
APO-DE,25,2190,8700,0.012843128869631076
APO-DE,25,2190,8800,0.01280384968532146
APO-DE,25,2190,8900,0.012789776093453045
APO-DE,25,2190,9000,0.012789776093453045
APO-DE,25,2190,9100,0.012784889018116334
APO-DE,25,2190,9200,0.012784889018116334
APO-DE,25,2190,9300,0.012784889018116334
APO-DE,25,2190,9400,0.012784889018116334
APO-DE,25,2190,9500,0.012784889018116334
APO-DE,25,2190,9600,0.012784889018116334
APO-DE,25,2190,9700,0.012784889018116334
APO-DE,25,2190,9800,0.012782604012707704
APO-DE,25,2190,9900,0.012782604012707704
APO-DE,25,2190,10000,0.012782604012707704
APO-LS,25,2190,100,95.81396759969915
APO-LS,25,2190,200,95.81396759969915
APO-LS,25,2190,300,0.05652628773751576
APO-LS,25,2190,400,0.05652628773751576
APO-LS,25,2190,500,0.05439352249292474
APO-LS,25,2190,600,0.035049960744259985
APO-LS,25,2190,700,0.013359125494599468
APO-LS,25,2190,800,0.013359125494599468
APO-LS,25,2190,900,0.013359125494599468
APO-LS,25,2190,1000,0.013359125494599468
APO-LS,25,2190,1100,0.013359125494599468
APO-LS,25,2190,1200,0.013256792603445871
APO-LS,25,2190,1300,0.013256792603445871
APO-LS,25,2190,1400,0.013256792603445871
APO-LS,25,2190,1500,0.013256792603445871
APO-LS,25,2190,1600,0.013256792603445871
APO-LS,25,2190,1700,0.013256792603445871
APO-LS,25,2190,1800,0.013256792603445871
APO-LS,25,2190,1900,0.013256792603445871
APO-LS,25,2190,2000,0.013256792603445871
APO-LS,25,2190,2100,0.013007476185858744
APO-LS,25,2190,2200,0.013007476185858744
APO-LS,25,2190,2300,0.013007476185858744
APO-LS,25,2190,2400,0.013007476185858744
APO-LS,25,2190,2500,0.013007476185858744
APO-LS,25,2190,2600,0.013007476185858744
APO-LS,25,2190,2700,0.013007476185858744
APO-LS,25,2190,2800,0.013007476185858744
APO-LS,25,2190,2900,0.013007476185858744
APO-LS,25,2190,3000,0.013007476185858744
APO-LS,25,2190,3100,0.013007476185858744
APO-LS,25,2190,3200,0.013007476185858744
APO-LS,25,2190,3300,0.013007476185858744
APO-LS,25,2190,3400,0.013007476185858744
APO-LS,25,2190,3500,0.013007476185858744
APO-LS,25,2190,3600,0.013007476185858744
APO-LS,25,2190,3700,0.013007476185858744
APO-LS,25,2190,3800,0.013007476185858744
APO-LS,25,2190,3900,0.013007476185858744
APO-LS,25,2190,4000,0.013007476185858744
APO-LS,25,2190,4100,0.012991733514249046
APO-LS,25,2190,4200,0.012991733514249046
APO-LS,25,2190,4300,0.012991733514249046
APO-LS,25,2190,4400,0.012991733514249046
APO-LS,25,2190,4500,0.012991733514249046
APO-LS,25,2190,4600,0.012991733514249046
APO-LS,25,2190,4700,0.012991733514249046
APO-LS,25,2190,4800,0.012991733514249046
APO-LS,25,2190,4900,0.012991733514249046
APO-LS,25,2190,5000,0.012991733514249046
APO-LS,25,2190,5100,0.012991733514249046
APO-LS,25,2190,5200,0.012991733514249046
APO-LS,25,2190,5300,0.012991733514249046
APO-LS,25,2190,5400,0.012991733514249046
APO-LS,25,2190,5500,0.012991733514249046
APO-LS,25,2190,5600,0.012946482025751856
APO-LS,25,2190,5700,0.012946482025751856
APO-LS,25,2190,5800,0.012946482025751856
APO-LS,25,2190,5900,0.012946482025751856
APO-LS,25,2190,6000,0.012942415484826797
APO-LS,25,2190,6100,0.012939253880711252
APO-LS,25,2190,6200,0.012939253880711252
APO-LS,25,2190,6300,0.012939253880711252
APO-LS,25,2190,6400,0.012939253880711252
APO-LS,25,2190,6500,0.012939253880711252
APO-LS,25,2190,6600,0.012939253880711252
APO-LS,25,2190,6700,0.012939253880711252
APO-LS,25,2190,6800,0.012939253880711252
APO-LS,25,2190,6900,0.012939253880711252
APO-LS,25,2190,7000,0.012939253880711252
APO-LS,25,2190,7100,0.012939253880711252
APO-LS,25,2190,7200,0.012939253880711252
APO-LS,25,2190,7300,0.012939253880711252
APO-LS,25,2190,7400,0.012939253880711252
APO-LS,25,2190,7500,0.012939253880711252
APO-LS,25,2190,7600,0.012939253880711252
APO-LS,25,2190,7700,0.012939253880711252
APO-LS,25,2190,7800,0.012914634960987423
APO-LS,25,2190,7900,0.012914634960987423
APO-LS,25,2190,8000,0.012914634960987423
APO-LS,25,2190,8100,0.012914634960987423
APO-LS,25,2190,8200,0.012914634960987423
APO-LS,25,2190,8300,0.012819321481929928
APO-LS,25,2190,8400,0.012819321481929928
APO-LS,25,2190,8500,0.012819321481929928
APO-LS,25,2190,8600,0.012819321481929928
APO-LS,25,2190,8700,0.012819321481929928
APO-LS,25,2190,8800,0.012819321481929928
APO-LS,25,2190,8900,0.012813968371315782
APO-LS,25,2190,9000,0.012807357014466652
APO-LS,25,2190,9100,0.012807357014466652
APO-LS,25,2190,9200,0.012801636293890665
APO-LS,25,2190,9300,0.012783573125546364
APO-LS,25,2190,9400,0.012764314179177125
APO-LS,25,2190,9500,0.012764314179177125
APO-LS,25,2190,9600,0.012764314179177125
APO-LS,25,2190,9700,0.012764314179177125
APO-LS,25,2190,9800,0.012764314179177125
APO-LS,25,2190,9900,0.012764314179177125
APO-LS,25,2190,10000,0.012764314179177125
APO-PSO,25,2190,100,95.81396759969915
APO-PSO,25,2190,200,95.81396759969915
APO-PSO,25,2190,300,95.81396759969915
APO-PSO,25,2190,400,0.0272362799945553
APO-PSO,25,2190,500,0.017816452697402525
APO-PSO,25,2190,600,0.01332551138283507
APO-PSO,25,2190,700,0.01332551138283507
APO-PSO,25,2190,800,0.01332551138283507
APO-PSO,25,2190,900,0.01332551138283507
APO-PSO,25,2190,1000,0.01332551138283507
APO-PSO,25,2190,1100,0.01332551138283507
APO-PSO,25,2190,1200,0.01332551138283507
APO-PSO,25,2190,1300,0.01332551138283507
APO-PSO,25,2190,1400,0.013313501381352831
APO-PSO,25,2190,1500,0.013313501381352831
APO-PSO,25,2190,1600,0.013313501381352831
APO-PSO,25,2190,1700,0.013313501381352831
APO-PSO,25,2190,1800,0.013165441634646984
APO-PSO,25,2190,1900,0.013165441634646984
APO-PSO,25,2190,2000,0.013165441634646984
APO-PSO,25,2190,2100,0.013165441634646984
APO-PSO,25,2190,2200,0.013165441634646984
APO-PSO,25,2190,2300,0.013165441634646984
APO-PSO,25,2190,2400,0.013165441634646984
APO-PSO,25,2190,2500,0.013165441634646984
APO-PSO,25,2190,2600,0.013165441634646984
APO-PSO,25,2190,2700,0.013165441634646984
APO-PSO,25,2190,2800,0.013165441634646984
APO-PSO,25,2190,2900,0.013165441634646984
APO-PSO,25,2190,3000,0.013165441634646984
APO-PSO,25,2190,3100,0.013165441634646984
APO-PSO,25,2190,3200,0.013165441634646984
APO-PSO,25,2190,3300,0.013165441634646984
APO-PSO,25,2190,3400,0.013165441634646984
APO-PSO,25,2190,3500,0.013165441634646984
APO-PSO,25,2190,3600,0.0131201496013589
APO-PSO,25,2190,3700,0.0131201496013589
APO-PSO,25,2190,3800,0.0131201496013589
APO-PSO,25,2190,3900,0.0131201496013589
APO-PSO,25,2190,4000,0.0131201496013589
APO-PSO,25,2190,4100,0.0131201496013589
APO-PSO,25,2190,4200,0.012799517615641989
APO-PSO,25,2190,4300,0.012799517615641989
APO-PSO,25,2190,4400,0.012799517615641989
APO-PSO,25,2190,4500,0.012799517615641989
APO-PSO,25,2190,4600,0.012799517615641989
APO-PSO,25,2190,4700,0.012799517615641989
APO-PSO,25,2190,4800,0.012799517615641989
APO-PSO,25,2190,4900,0.012799517615641989
APO-PSO,25,2190,5000,0.012799517615641989
APO-PSO,25,2190,5100,0.012799517615641989
APO-PSO,25,2190,5200,0.012799517615641989
APO-PSO,25,2190,5300,0.012799517615641989
APO-PSO,25,2190,5400,0.012799517615641989
APO-PSO,25,2190,5500,0.012742533315839678
APO-PSO,25,2190,5600,0.012742533315839678
APO-PSO,25,2190,5700,0.012742533315839678
APO-PSO,25,2190,5800,0.012742533315839678
APO-PSO,25,2190,5900,0.012742533315839678
APO-PSO,25,2190,6000,0.012742533315839678
APO-PSO,25,2190,6100,0.012742533315839678
APO-PSO,25,2190,6200,0.012742533315839678
APO-PSO,25,2190,6300,0.012736888055793408
APO-PSO,25,2190,6400,0.012736888055793408
APO-PSO,25,2190,6500,0.012736888055793408
APO-PSO,25,2190,6600,0.012736888055793408
APO-PSO,25,2190,6700,0.012736888055793408
APO-PSO,25,2190,6800,0.012736888055793408
APO-PSO,25,2190,6900,0.012736888055793408
APO-PSO,25,2190,7000,0.012736888055793408
APO-PSO,25,2190,7100,0.012736888055793408
APO-PSO,25,2190,7200,0.012736888055793408
APO-PSO,25,2190,7300,0.012736888055793408
APO-PSO,25,2190,7400,0.012736888055793408
APO-PSO,25,2190,7500,0.012736888055793408
APO-PSO,25,2190,7600,0.012736888055793408
APO-PSO,25,2190,7700,0.012736888055793408
APO-PSO,25,2190,7800,0.012736888055793408
APO-PSO,25,2190,7900,0.012736888055793408
APO-PSO,25,2190,8000,0.012736888055793408
APO-PSO,25,2190,8100,0.012736888055793408
APO-PSO,25,2190,8200,0.012736888055793408
APO-PSO,25,2190,8300,0.012736888055793408
APO-PSO,25,2190,8400,0.012736888055793408
APO-PSO,25,2190,8500,0.012736888055793408
APO-PSO,25,2190,8600,0.012736888055793408
APO-PSO,25,2190,8700,0.012736888055793408
APO-PSO,25,2190,8800,0.01273376278170405
APO-PSO,25,2190,8900,0.01273376278170405
APO-PSO,25,2190,9000,0.01273376278170405
APO-PSO,25,2190,9100,0.01273376278170405
APO-PSO,25,2190,9200,0.01273376278170405
APO-PSO,25,2190,9300,0.01273376278170405
APO-PSO,25,2190,9400,0.01273376278170405
APO-PSO,25,2190,9500,0.012732926340933724
APO-PSO,25,2190,9600,0.012732926340933724
APO-PSO,25,2190,9700,0.012732198523045912
APO-PSO,25,2190,9800,0.012732198523045912
APO-PSO,25,2190,9900,0.012732198523045912
APO-PSO,25,2190,10000,0.012732198523045912
APO-wr-DE,25,2190,100,95.81396759969915
APO-wr-DE,25,2190,200,95.81396759969915
APO-wr-DE,25,2190,300,95.81396759969915
APO-wr-DE,25,2190,400,0.13938559062873343
APO-wr-DE,25,2190,500,0.04722253619881065
APO-wr-DE,25,2190,600,0.013354106378936404
APO-wr-DE,25,2190,700,0.013354106378936404
APO-wr-DE,25,2190,800,0.013354106378936404
APO-wr-DE,25,2190,900,0.013354106378936404
APO-wr-DE,25,2190,1000,0.013354106378936404
APO-wr-DE,25,2190,1100,0.013354106378936404
APO-wr-DE,25,2190,1200,0.013354106378936404
APO-wr-DE,25,2190,1300,0.013354106378936404
APO-wr-DE,25,2190,1400,0.013026997239395152
APO-wr-DE,25,2190,1500,0.013026997239395152
APO-wr-DE,25,2190,1600,0.013026997239395152
APO-wr-DE,25,2190,1700,0.013026997239395152
APO-wr-DE,25,2190,1800,0.013026997239395152
APO-wr-DE,25,2190,1900,0.013026997239395152
APO-wr-DE,25,2190,2000,0.013026997239395152
APO-wr-DE,25,2190,2100,0.013026997239395152
APO-wr-DE,25,2190,2200,0.013026997239395152
APO-wr-DE,25,2190,2300,0.013026997239395152
APO-wr-DE,25,2190,2400,0.013026997239395152
APO-wr-DE,25,2190,2500,0.013026997239395152
APO-wr-DE,25,2190,2600,0.013026997239395152
APO-wr-DE,25,2190,2700,0.013026997239395152
APO-wr-DE,25,2190,2800,0.013026997239395152
APO-wr-DE,25,2190,2900,0.013026997239395152
APO-wr-DE,25,2190,3000,0.013026997239395152
APO-wr-DE,25,2190,3100,0.013026997239395152
APO-wr-DE,25,2190,3200,0.013026997239395152
APO-wr-DE,25,2190,3300,0.013026997239395152
APO-wr-DE,25,2190,3400,0.013026997239395152
APO-wr-DE,25,2190,3500,0.013017536008839571
APO-wr-DE,25,2190,3600,0.012923149964580773
APO-wr-DE,25,2190,3700,0.012923149964580773
APO-wr-DE,25,2190,3800,0.012923149964580773
APO-wr-DE,25,2190,3900,0.012923149964580773
APO-wr-DE,25,2190,4000,0.012923149964580773
APO-wr-DE,25,2190,4100,0.012923149964580773
APO-wr-DE,25,2190,4200,0.012923149964580773
APO-wr-DE,25,2190,4300,0.012923149964580773
APO-wr-DE,25,2190,4400,0.012923149964580773
APO-wr-DE,25,2190,4500,0.012838003676248018
APO-wr-DE,25,2190,4600,0.012838003676248018
APO-wr-DE,25,2190,4700,0.012838003676248018
APO-wr-DE,25,2190,4800,0.012838003676248018
APO-wr-DE,25,2190,4900,0.012838003676248018
APO-wr-DE,25,2190,5000,0.012838003676248018
APO-wr-DE,25,2190,5100,0.012838003676248018
APO-wr-DE,25,2190,5200,0.012838003676248018
APO-wr-DE,25,2190,5300,0.012838003676248018
APO-wr-DE,25,2190,5400,0.012838003676248018
APO-wr-DE,25,2190,5500,0.012838003676248018
APO-wr-DE,25,2190,5600,0.012838003676248018
APO-wr-DE,25,2190,5700,0.012838003676248018
APO-wr-DE,25,2190,5800,0.012838003676248018
APO-wr-DE,25,2190,5900,0.012838003676248018
APO-wr-DE,25,2190,6000,0.012838003676248018
APO-wr-DE,25,2190,6100,0.012838003676248018
APO-wr-DE,25,2190,6200,0.012826873754161701
APO-wr-DE,25,2190,6300,0.012826873754161701
APO-wr-DE,25,2190,6400,0.012826873754161701
APO-wr-DE,25,2190,6500,0.012826873754161701
APO-wr-DE,25,2190,6600,0.012826873754161701
APO-wr-DE,25,2190,6700,0.012826873754161701
APO-wr-DE,25,2190,6800,0.012826873754161701
APO-wr-DE,25,2190,6900,0.012826873754161701
APO-wr-DE,25,2190,7000,0.012826873754161701
APO-wr-DE,25,2190,7100,0.012826873754161701
APO-wr-DE,25,2190,7200,0.012826873754161701
APO-wr-DE,25,2190,7300,0.012826873754161701
APO-wr-DE,25,2190,7400,0.012826873754161701
APO-wr-DE,25,2190,7500,0.01279590991725589
APO-wr-DE,25,2190,7600,0.012792406190275942
APO-wr-DE,25,2190,7700,0.0127767046758417
APO-wr-DE,25,2190,7800,0.0127767046758417
APO-wr-DE,25,2190,7900,0.0127767046758417
APO-wr-DE,25,2190,8000,0.0127767046758417
APO-wr-DE,25,2190,8100,0.0127767046758417
APO-wr-DE,25,2190,8200,0.0127767046758417
APO-wr-DE,25,2190,8300,0.0127767046758417
APO-wr-DE,25,2190,8400,0.012774197451273065
APO-wr-DE,25,2190,8500,0.012774197451273065
APO-wr-DE,25,2190,8600,0.012695245045986785
APO-wr-DE,25,2190,8700,0.012695245045986785
APO-wr-DE,25,2190,8800,0.012678255029265452
APO-wr-DE,25,2190,8900,0.012678255029265452
APO-wr-DE,25,2190,9000,0.012678255029265452
APO-wr-DE,25,2190,9100,0.012678255029265452
APO-wr-DE,25,2190,9200,0.012678255029265452
APO-wr-DE,25,2190,9300,0.012678255029265452
APO-wr-DE,25,2190,9400,0.012678255029265452
APO-wr-DE,25,2190,9500,0.012678255029265452
APO-wr-DE,25,2190,9600,0.012678255029265452
APO-wr-DE,25,2190,9700,0.012678255029265452
APO-wr-DE,25,2190,9800,0.012677169943460888
APO-wr-DE,25,2190,9900,0.012677169943460888
APO-wr-DE,25,2190,10000,0.012677169943460888
APO-wr-LS,25,2190,100,95.81396759969915
APO-wr-LS,25,2190,200,95.81396759969915
APO-wr-LS,25,2190,300,0.18372748889193424
APO-wr-LS,25,2190,400,0.18372748889193424
APO-wr-LS,25,2190,500,0.05569740499996059
APO-wr-LS,25,2190,600,0.03258090075684601
APO-wr-LS,25,2190,700,0.02909406840173053
APO-wr-LS,25,2190,800,0.02722662610229126
APO-wr-LS,25,2190,900,0.02722662610229126
APO-wr-LS,25,2190,1000,0.02582234864058947
APO-wr-LS,25,2190,1100,0.015124573240957445
APO-wr-LS,25,2190,1200,0.015124573240957445
APO-wr-LS,25,2190,1300,0.015124573240957445
APO-wr-LS,25,2190,1400,0.015124573240957445
APO-wr-LS,25,2190,1500,0.013193094914973355
APO-wr-LS,25,2190,1600,0.013193094914973355
APO-wr-LS,25,2190,1700,0.013193094914973355
APO-wr-LS,25,2190,1800,0.013193094914973355
APO-wr-LS,25,2190,1900,0.013193094914973355
APO-wr-LS,25,2190,2000,0.013193094914973355
APO-wr-LS,25,2190,2100,0.013193094914973355
APO-wr-LS,25,2190,2200,0.013193094914973355
APO-wr-LS,25,2190,2300,0.013193094914973355
APO-wr-LS,25,2190,2400,0.013193094914973355
APO-wr-LS,25,2190,2500,0.013193094914973355
APO-wr-LS,25,2190,2600,0.013193094914973355
APO-wr-LS,25,2190,2700,0.013193094914973355
APO-wr-LS,25,2190,2800,0.013166002336811356
APO-wr-LS,25,2190,2900,0.013166002336811356
APO-wr-LS,25,2190,3000,0.013166002336811356
APO-wr-LS,25,2190,3100,0.013166002336811356
APO-wr-LS,25,2190,3200,0.013166002336811356
APO-wr-LS,25,2190,3300,0.013166002336811356
APO-wr-LS,25,2190,3400,0.013166002336811356
APO-wr-LS,25,2190,3500,0.013166002336811356
APO-wr-LS,25,2190,3600,0.013166002336811356
APO-wr-LS,25,2190,3700,0.013166002336811356
APO-wr-LS,25,2190,3800,0.013166002336811356
APO-wr-LS,25,2190,3900,0.013166002336811356
APO-wr-LS,25,2190,4000,0.013166002336811356
APO-wr-LS,25,2190,4100,0.013166002336811356
APO-wr-LS,25,2190,4200,0.013166002336811356
APO-wr-LS,25,2190,4300,0.013166002336811356
APO-wr-LS,25,2190,4400,0.013166002336811356
APO-wr-LS,25,2190,4500,0.013166002336811356
APO-wr-LS,25,2190,4600,0.013166002336811356
APO-wr-LS,25,2190,4700,0.013166002336811356
APO-wr-LS,25,2190,4800,0.013166002336811356
APO-wr-LS,25,2190,4900,0.013166002336811356
APO-wr-LS,25,2190,5000,0.013166002336811356
APO-wr-LS,25,2190,5100,0.013166002336811356
APO-wr-LS,25,2190,5200,0.013166002336811356
APO-wr-LS,25,2190,5300,0.013166002336811356
APO-wr-LS,25,2190,5400,0.013166002336811356
APO-wr-LS,25,2190,5500,0.013166002336811356
APO-wr-LS,25,2190,5600,0.013056162007927969
APO-wr-LS,25,2190,5700,0.013056162007927969
APO-wr-LS,25,2190,5800,0.013056162007927969
APO-wr-LS,25,2190,5900,0.013056162007927969
APO-wr-LS,25,2190,6000,0.013041493412095154
APO-wr-LS,25,2190,6100,0.013040385871201116
APO-wr-LS,25,2190,6200,0.013040385871201116
APO-wr-LS,25,2190,6300,0.013040385871201116
APO-wr-LS,25,2190,6400,0.013040385871201116
APO-wr-LS,25,2190,6500,0.013040385871201116
APO-wr-LS,25,2190,6600,0.013040385871201116
APO-wr-LS,25,2190,6700,0.013040385871201116
APO-wr-LS,25,2190,6800,0.013040385871201116
APO-wr-LS,25,2190,6900,0.013040385871201116
APO-wr-LS,25,2190,7000,0.013040385871201116
APO-wr-LS,25,2190,7100,0.013040385871201116
APO-wr-LS,25,2190,7200,0.013040385871201116
APO-wr-LS,25,2190,7300,0.013040385871201116
APO-wr-LS,25,2190,7400,0.013040385871201116
APO-wr-LS,25,2190,7500,0.013029189585283533
APO-wr-LS,25,2190,7600,0.013029189585283533
APO-wr-LS,25,2190,7700,0.013005412318526862
APO-wr-LS,25,2190,7800,0.013005412318526862
APO-wr-LS,25,2190,7900,0.013005412318526862
APO-wr-LS,25,2190,8000,0.013005412318526862
APO-wr-LS,25,2190,8100,0.013000447833555695
APO-wr-LS,25,2190,8200,0.013000447833555695
APO-wr-LS,25,2190,8300,0.01298952302749343
APO-wr-LS,25,2190,8400,0.01298952302749343
APO-wr-LS,25,2190,8500,0.01298952302749343
APO-wr-LS,25,2190,8600,0.01298952302749343
APO-wr-LS,25,2190,8700,0.01298952302749343
APO-wr-LS,25,2190,8800,0.01298952302749343
APO-wr-LS,25,2190,8900,0.01298952302749343
APO-wr-LS,25,2190,9000,0.012978890774006893
APO-wr-LS,25,2190,9100,0.012972977594265998
APO-wr-LS,25,2190,9200,0.012969492402272393
APO-wr-LS,25,2190,9300,0.01294331823932712
APO-wr-LS,25,2190,9400,0.01294331823932712
APO-wr-LS,25,2190,9500,0.01294331823932712
APO-wr-LS,25,2190,9600,0.01293875449131586
APO-wr-LS,25,2190,9700,0.012936430977024524
APO-wr-LS,25,2190,9800,0.01293637623272438
APO-wr-LS,25,2190,9900,0.01293637623272438
APO-wr-LS,25,2190,10000,0.01293637623272438
APO-wr-PSO,25,2190,100,95.81396759969915
APO-wr-PSO,25,2190,200,95.81396759969915
APO-wr-PSO,25,2190,300,0.01322267789691551
APO-wr-PSO,25,2190,400,0.01322267789691551
APO-wr-PSO,25,2190,500,0.01322267789691551
APO-wr-PSO,25,2190,600,0.01322267789691551
APO-wr-PSO,25,2190,700,0.01322267789691551
APO-wr-PSO,25,2190,800,0.01322267789691551
APO-wr-PSO,25,2190,900,0.01322267789691551
APO-wr-PSO,25,2190,1000,0.01322267789691551
APO-wr-PSO,25,2190,1100,0.01322267789691551
APO-wr-PSO,25,2190,1200,0.01322267789691551
APO-wr-PSO,25,2190,1300,0.01322267789691551
APO-wr-PSO,25,2190,1400,0.01322267789691551
APO-wr-PSO,25,2190,1500,0.01322267789691551
APO-wr-PSO,25,2190,1600,0.01322267789691551
APO-wr-PSO,25,2190,1700,0.01322267789691551
APO-wr-PSO,25,2190,1800,0.01322267789691551
APO-wr-PSO,25,2190,1900,0.01322267789691551
APO-wr-PSO,25,2190,2000,0.01322267789691551
APO-wr-PSO,25,2190,2100,0.01311619146834682
APO-wr-PSO,25,2190,2200,0.01311619146834682
APO-wr-PSO,25,2190,2300,0.01311619146834682
APO-wr-PSO,25,2190,2400,0.01311619146834682
APO-wr-PSO,25,2190,2500,0.01311619146834682
APO-wr-PSO,25,2190,2600,0.01311619146834682
APO-wr-PSO,25,2190,2700,0.01311619146834682
APO-wr-PSO,25,2190,2800,0.01311619146834682
APO-wr-PSO,25,2190,2900,0.01311619146834682
APO-wr-PSO,25,2190,3000,0.013106617690449187
APO-wr-PSO,25,2190,3100,0.013106617690449187
APO-wr-PSO,25,2190,3200,0.013106617690449187
APO-wr-PSO,25,2190,3300,0.013064328119804935
APO-wr-PSO,25,2190,3400,0.013064328119804935
APO-wr-PSO,25,2190,3500,0.013033306776028231
APO-wr-PSO,25,2190,3600,0.013033306776028231
APO-wr-PSO,25,2190,3700,0.01302957388425464
APO-wr-PSO,25,2190,3800,0.01302957388425464
APO-wr-PSO,25,2190,3900,0.01302957388425464
APO-wr-PSO,25,2190,4000,0.01302957388425464
APO-wr-PSO,25,2190,4100,0.01302957388425464
APO-wr-PSO,25,2190,4200,0.01302957388425464
APO-wr-PSO,25,2190,4300,0.01302957388425464
APO-wr-PSO,25,2190,4400,0.01302957388425464
APO-wr-PSO,25,2190,4500,0.01302957388425464
APO-wr-PSO,25,2190,4600,0.01302957388425464
APO-wr-PSO,25,2190,4700,0.01302957388425464
APO-wr-PSO,25,2190,4800,0.01302957388425464
APO-wr-PSO,25,2190,4900,0.01302957388425464
APO-wr-PSO,25,2190,5000,0.01302957388425464
APO-wr-PSO,25,2190,5100,0.013022359694604727
APO-wr-PSO,25,2190,5200,0.013022359694604727
APO-wr-PSO,25,2190,5300,0.013022359694604727
APO-wr-PSO,25,2190,5400,0.013022359694604727
APO-wr-PSO,25,2190,5500,0.012975833562510522
APO-wr-PSO,25,2190,5600,0.012975833562510522
APO-wr-PSO,25,2190,5700,0.012975833562510522
APO-wr-PSO,25,2190,5800,0.012919647399748945
APO-wr-PSO,25,2190,5900,0.012919647399748945
APO-wr-PSO,25,2190,6000,0.012919647399748945
APO-wr-PSO,25,2190,6100,0.012919647399748945
APO-wr-PSO,25,2190,6200,0.012919647399748945
APO-wr-PSO,25,2190,6300,0.012754477695600452
APO-wr-PSO,25,2190,6400,0.012754477695600452
APO-wr-PSO,25,2190,6500,0.012754477695600452
APO-wr-PSO,25,2190,6600,0.012754477695600452
APO-wr-PSO,25,2190,6700,0.012754477695600452
APO-wr-PSO,25,2190,6800,0.012754477695600452
APO-wr-PSO,25,2190,6900,0.012754477695600452
APO-wr-PSO,25,2190,7000,0.012754477695600452
APO-wr-PSO,25,2190,7100,0.012754477695600452
APO-wr-PSO,25,2190,7200,0.012754477695600452
APO-wr-PSO,25,2190,7300,0.012754477695600452
APO-wr-PSO,25,2190,7400,0.012754477695600452
APO-wr-PSO,25,2190,7500,0.012754477695600452
APO-wr-PSO,25,2190,7600,0.012754477695600452
APO-wr-PSO,25,2190,7700,0.012754477695600452
APO-wr-PSO,25,2190,7800,0.012754477695600452
APO-wr-PSO,25,2190,7900,0.012754477695600452
APO-wr-PSO,25,2190,8000,0.012754477695600452
APO-wr-PSO,25,2190,8100,0.012754477695600452
APO-wr-PSO,25,2190,8200,0.012754477695600452
APO-wr-PSO,25,2190,8300,0.012754477695600452
APO-wr-PSO,25,2190,8400,0.012754477695600452
APO-wr-PSO,25,2190,8500,0.012754477695600452
APO-wr-PSO,25,2190,8600,0.012754477695600452
APO-wr-PSO,25,2190,8700,0.012754477695600452
APO-wr-PSO,25,2190,8800,0.012754477695600452
APO-wr-PSO,25,2190,8900,0.012754477695600452
APO-wr-PSO,25,2190,9000,0.012754477695600452
APO-wr-PSO,25,2190,9100,0.012754477695600452
APO-wr-PSO,25,2190,9200,0.012754477695600452
APO-wr-PSO,25,2190,9300,0.012754477695600452
APO-wr-PSO,25,2190,9400,0.012754477695600452
APO-wr-PSO,25,2190,9500,0.012754477695600452
APO-wr-PSO,25,2190,9600,0.012737409939436034
APO-wr-PSO,25,2190,9700,0.012737409939436034
APO-wr-PSO,25,2190,9800,0.012737409939436034
APO-wr-PSO,25,2190,9900,0.012737409939436034
APO-wr-PSO,25,2190,10000,0.012737409939436034
APO,26,2197,100,0.04306480378215918
APO,26,2197,200,0.04306480378215918
APO,26,2197,300,0.04306480378215918
APO,26,2197,400,0.04306480378215918
APO,26,2197,500,0.04306480378215918
APO,26,2197,600,0.04306480378215918
APO,26,2197,700,0.04306480378215918
APO,26,2197,800,0.04306480378215918
APO,26,2197,900,0.01946128545915378
APO,26,2197,1000,0.013209795802559323
APO,26,2197,1100,0.01320484866198978
APO,26,2197,1200,0.01320484866198978
APO,26,2197,1300,0.01320484866198978
APO,26,2197,1400,0.012846831488888388
APO,26,2197,1500,0.012846831488888388
APO,26,2197,1600,0.012846831488888388
APO,26,2197,1700,0.012837260818554536
APO,26,2197,1800,0.012837260818554536
APO,26,2197,1900,0.012837260818554536
APO,26,2197,2000,0.012837260818554536
APO,26,2197,2100,0.012837260818554536
APO,26,2197,2200,0.012837260818554536
APO,26,2197,2300,0.012837260818554536
APO,26,2197,2400,0.012837260818554536
APO,26,2197,2500,0.012837260818554536
APO,26,2197,2600,0.012837260818554536
APO,26,2197,2700,0.012837260818554536
APO,26,2197,2800,0.012837260818554536
APO,26,2197,2900,0.012837260818554536
APO,26,2197,3000,0.012837260818554536
APO,26,2197,3100,0.012837260818554536
APO,26,2197,3200,0.012837260818554536
APO,26,2197,3300,0.012837260818554536
APO,26,2197,3400,0.012837260818554536
APO,26,2197,3500,0.012837260818554536
APO,26,2197,3600,0.012837260818554536
APO,26,2197,3700,0.012837260818554536
APO,26,2197,3800,0.012837260818554536
APO,26,2197,3900,0.012837260818554536
APO,26,2197,4000,0.012837260818554536
APO,26,2197,4100,0.012837260818554536
APO,26,2197,4200,0.012837260818554536
APO,26,2197,4300,0.012837260818554536
APO,26,2197,4400,0.012837260818554536
APO,26,2197,4500,0.012837260818554536
APO,26,2197,4600,0.012837260818554536
APO,26,2197,4700,0.012837260818554536
APO,26,2197,4800,0.012837260818554536
APO,26,2197,4900,0.012837260818554536
APO,26,2197,5000,0.012837260818554536
APO,26,2197,5100,0.012837260818554536
APO,26,2197,5200,0.012837260818554536
APO,26,2197,5300,0.012837260818554536
APO,26,2197,5400,0.012837260818554536
APO,26,2197,5500,0.012837260818554536
APO,26,2197,5600,0.012837260818554536
APO,26,2197,5700,0.012837260818554536
APO,26,2197,5800,0.012837260818554536
APO,26,2197,5900,0.012837260818554536
APO,26,2197,6000,0.012837260818554536
APO,26,2197,6100,0.012837260818554536
APO,26,2197,6200,0.012806566444635346
APO,26,2197,6300,0.012718105367700759
APO,26,2197,6400,0.012718105367700759
APO,26,2197,6500,0.012718105367700759
APO,26,2197,6600,0.012718105367700759
APO,26,2197,6700,0.012718105367700759
APO,26,2197,6800,0.012718105367700759
APO,26,2197,6900,0.012718105367700759
APO,26,2197,7000,0.012718105367700759
APO,26,2197,7100,0.012718105367700759
APO,26,2197,7200,0.012718105367700759
APO,26,2197,7300,0.012718105367700759
APO,26,2197,7400,0.012718105367700759
APO,26,2197,7500,0.012718105367700759
APO,26,2197,7600,0.012718105367700759
APO,26,2197,7700,0.012718105367700759
APO,26,2197,7800,0.012718105367700759
APO,26,2197,7900,0.012718105367700759
APO,26,2197,8000,0.012718105367700759
APO,26,2197,8100,0.012718105367700759
APO,26,2197,8200,0.012718105367700759
APO,26,2197,8300,0.012718105367700759
APO,26,2197,8400,0.012712565245132455
APO,26,2197,8500,0.012712565245132455
APO,26,2197,8600,0.012712565245132455
APO,26,2197,8700,0.012712565245132455
APO,26,2197,8800,0.012712565245132455
APO,26,2197,8900,0.012712565245132455
APO,26,2197,9000,0.012712089897603774
APO,26,2197,9100,0.012712089897603774
APO,26,2197,9200,0.012712089897603774
APO,26,2197,9300,0.01270852130643516
APO,26,2197,9400,0.01270852130643516
APO,26,2197,9500,0.01270852130643516
APO,26,2197,9600,0.01270852130643516
APO,26,2197,9700,0.01270852130643516
APO,26,2197,9800,0.01270852130643516
APO,26,2197,9900,0.01270852130643516
APO,26,2197,10000,0.012708518166111394
APO-wr,26,2197,100,0.04306480378215918
APO-wr,26,2197,200,0.04306480378215918
APO-wr,26,2197,300,0.013209795802559323
APO-wr,26,2197,400,0.013209795802559323
APO-wr,26,2197,500,0.013209795802559323
APO-wr,26,2197,600,0.013209795802559323
APO-wr,26,2197,700,0.013209795802559323
APO-wr,26,2197,800,0.013209795802559323
APO-wr,26,2197,900,0.013209795802559323
APO-wr,26,2197,1000,0.013209795802559323
APO-wr,26,2197,1100,0.013209795802559323
APO-wr,26,2197,1200,0.013209795802559323
APO-wr,26,2197,1300,0.013209795802559323
APO-wr,26,2197,1400,0.013209795802559323
APO-wr,26,2197,1500,0.013209795802559323
APO-wr,26,2197,1600,0.013209795802559323
APO-wr,26,2197,1700,0.013209795802559323
APO-wr,26,2197,1800,0.013209795802559323
APO-wr,26,2197,1900,0.013209795802559323
APO-wr,26,2197,2000,0.013209795802559323
APO-wr,26,2197,2100,0.013209795802559323
APO-wr,26,2197,2200,0.013209795802559323
APO-wr,26,2197,2300,0.013029192612808368
APO-wr,26,2197,2400,0.013029192612808368
APO-wr,26,2197,2500,0.013029192612808368
APO-wr,26,2197,2600,0.013029192612808368
APO-wr,26,2197,2700,0.013029192612808368
APO-wr,26,2197,2800,0.013029192612808368
APO-wr,26,2197,2900,0.013029192612808368
APO-wr,26,2197,3000,0.013029192612808368
APO-wr,26,2197,3100,0.013029192612808368
APO-wr,26,2197,3200,0.013029192612808368
APO-wr,26,2197,3300,0.013029192612808368
APO-wr,26,2197,3400,0.013029192612808368
APO-wr,26,2197,3500,0.013029192612808368
APO-wr,26,2197,3600,0.013029192612808368
APO-wr,26,2197,3700,0.013029192612808368
APO-wr,26,2197,3800,0.013029192612808368
APO-wr,26,2197,3900,0.013029192612808368
APO-wr,26,2197,4000,0.013029192612808368
APO-wr,26,2197,4100,0.013029192612808368
APO-wr,26,2197,4200,0.013029192612808368
APO-wr,26,2197,4300,0.013029192612808368
APO-wr,26,2197,4400,0.013029192612808368
APO-wr,26,2197,4500,0.013029192612808368
APO-wr,26,2197,4600,0.013029192612808368
APO-wr,26,2197,4700,0.013029192612808368
APO-wr,26,2197,4800,0.013029192612808368
APO-wr,26,2197,4900,0.013029192612808368
APO-wr,26,2197,5000,0.013029192612808368
APO-wr,26,2197,5100,0.013029192612808368
APO-wr,26,2197,5200,0.013029192612808368
APO-wr,26,2197,5300,0.013029192612808368
APO-wr,26,2197,5400,0.013029192612808368
APO-wr,26,2197,5500,0.013029192612808368
APO-wr,26,2197,5600,0.013029192612808368
APO-wr,26,2197,5700,0.013029192612808368
APO-wr,26,2197,5800,0.013029192612808368
APO-wr,26,2197,5900,0.013029192612808368
APO-wr,26,2197,6000,0.013029192612808368
APO-wr,26,2197,6100,0.013029192612808368
APO-wr,26,2197,6200,0.013029192612808368
APO-wr,26,2197,6300,0.012981307190470956
APO-wr,26,2197,6400,0.012767913310544788
APO-wr,26,2197,6500,0.012767913310544788
APO-wr,26,2197,6600,0.012767913310544788
APO-wr,26,2197,6700,0.012767913310544788
APO-wr,26,2197,6800,0.012767913310544788
APO-wr,26,2197,6900,0.012767913310544788
APO-wr,26,2197,7000,0.012767913310544788
APO-wr,26,2197,7100,0.012767913310544788
APO-wr,26,2197,7200,0.012767913310544788
APO-wr,26,2197,7300,0.012767913310544788
APO-wr,26,2197,7400,0.012767913310544788
APO-wr,26,2197,7500,0.012767913310544788
APO-wr,26,2197,7600,0.012767913310544788
APO-wr,26,2197,7700,0.0127478043453368
APO-wr,26,2197,7800,0.0127478043453368
APO-wr,26,2197,7900,0.0127478043453368
APO-wr,26,2197,8000,0.0127478043453368
APO-wr,26,2197,8100,0.0127478043453368
APO-wr,26,2197,8200,0.0127478043453368
APO-wr,26,2197,8300,0.0127478043453368
APO-wr,26,2197,8400,0.012740165764436373
APO-wr,26,2197,8500,0.012740165764436373
APO-wr,26,2197,8600,0.012740165764436373
APO-wr,26,2197,8700,0.012740165764436373
APO-wr,26,2197,8800,0.012740165764436373
APO-wr,26,2197,8900,0.012740165764436373
APO-wr,26,2197,9000,0.01273931894132702
APO-wr,26,2197,9100,0.01273931894132702
APO-wr,26,2197,9200,0.01273931894132702
APO-wr,26,2197,9300,0.012736634302687875
APO-wr,26,2197,9400,0.01273504635913265
APO-wr,26,2197,9500,0.01273504635913265
APO-wr,26,2197,9600,0.01273504635913265
APO-wr,26,2197,9700,0.01273504635913265
APO-wr,26,2197,9800,0.012733149899555953
APO-wr,26,2197,9900,0.012733149899555953
APO-wr,26,2197,10000,0.012733140291013452
APO-DE,26,2197,100,0.04306480378215918
APO-DE,26,2197,200,0.04306480378215918
APO-DE,26,2197,300,0.04306480378215918
APO-DE,26,2197,400,0.04306480378215918
APO-DE,26,2197,500,0.04306480378215918
APO-DE,26,2197,600,0.02209100414756898
APO-DE,26,2197,700,0.01685016670800374
APO-DE,26,2197,800,0.01685016670800374
APO-DE,26,2197,900,0.01685016670800374
APO-DE,26,2197,1000,0.013305078011639711
APO-DE,26,2197,1100,0.013260312627536493
APO-DE,26,2197,1200,0.013260312627536493
APO-DE,26,2197,1300,0.013260312627536493
APO-DE,26,2197,1400,0.013260312627536493
APO-DE,26,2197,1500,0.013260312627536493
APO-DE,26,2197,1600,0.013260312627536493
APO-DE,26,2197,1700,0.013260312627536493
APO-DE,26,2197,1800,0.013260312627536493
APO-DE,26,2197,1900,0.013260312627536493
APO-DE,26,2197,2000,0.013260312627536493
APO-DE,26,2197,2100,0.013260312627536493
APO-DE,26,2197,2200,0.013260312627536493
APO-DE,26,2197,2300,0.013260312627536493
APO-DE,26,2197,2400,0.013260312627536493
APO-DE,26,2197,2500,0.013260312627536493
APO-DE,26,2197,2600,0.013260312627536493
APO-DE,26,2197,2700,0.01320145541418363
APO-DE,26,2197,2800,0.01320145541418363
APO-DE,26,2197,2900,0.01320145541418363
APO-DE,26,2197,3000,0.01320145541418363
APO-DE,26,2197,3100,0.01320145541418363
APO-DE,26,2197,3200,0.013085771485323302
APO-DE,26,2197,3300,0.013085771485323302
APO-DE,26,2197,3400,0.012870911933365358
APO-DE,26,2197,3500,0.012870911933365358
APO-DE,26,2197,3600,0.012870911933365358
APO-DE,26,2197,3700,0.012870911933365358
APO-DE,26,2197,3800,0.012870911933365358
APO-DE,26,2197,3900,0.012870911933365358
APO-DE,26,2197,4000,0.012870911933365358
APO-DE,26,2197,4100,0.012870911933365358
APO-DE,26,2197,4200,0.012870911933365358
APO-DE,26,2197,4300,0.012870911933365358
APO-DE,26,2197,4400,0.012870911933365358
APO-DE,26,2197,4500,0.012870911933365358
APO-DE,26,2197,4600,0.012870911933365358
APO-DE,26,2197,4700,0.012870911933365358
APO-DE,26,2197,4800,0.012870911933365358
APO-DE,26,2197,4900,0.012870911933365358
APO-DE,26,2197,5000,0.012870911933365358
APO-DE,26,2197,5100,0.012870911933365358
APO-DE,26,2197,5200,0.012870911933365358
APO-DE,26,2197,5300,0.012870911933365358
APO-DE,26,2197,5400,0.012870911933365358
APO-DE,26,2197,5500,0.012870911933365358
APO-DE,26,2197,5600,0.012870911933365358
APO-DE,26,2197,5700,0.012870911933365358
APO-DE,26,2197,5800,0.012856293794183349
APO-DE,26,2197,5900,0.012856293794183349
APO-DE,26,2197,6000,0.012856293794183349
APO-DE,26,2197,6100,0.012856293794183349
APO-DE,26,2197,6200,0.012856293794183349
APO-DE,26,2197,6300,0.012856293794183349
APO-DE,26,2197,6400,0.012856293794183349
APO-DE,26,2197,6500,0.012856293794183349
APO-DE,26,2197,6600,0.012851031347066643
APO-DE,26,2197,6700,0.012851031347066643
APO-DE,26,2197,6800,0.01279276019668002
APO-DE,26,2197,6900,0.01279276019668002
APO-DE,26,2197,7000,0.01279276019668002
APO-DE,26,2197,7100,0.01279276019668002
APO-DE,26,2197,7200,0.01279276019668002
APO-DE,26,2197,7300,0.012768678736843163
APO-DE,26,2197,7400,0.012722081526787528
APO-DE,26,2197,7500,0.012722081526787528
APO-DE,26,2197,7600,0.012722081526787528
APO-DE,26,2197,7700,0.012704248034284075
APO-DE,26,2197,7800,0.012704248034284075
APO-DE,26,2197,7900,0.012704248034284075
APO-DE,26,2197,8000,0.012704248034284075
APO-DE,26,2197,8100,0.012704248034284075
APO-DE,26,2197,8200,0.012704248034284075
APO-DE,26,2197,8300,0.012704248034284075
APO-DE,26,2197,8400,0.012704248034284075
APO-DE,26,2197,8500,0.012704248034284075
APO-DE,26,2197,8600,0.012704248034284075
APO-DE,26,2197,8700,0.012700268835879954
APO-DE,26,2197,8800,0.012700015307431825
APO-DE,26,2197,8900,0.012700015307431825
APO-DE,26,2197,9000,0.012700015307431825
APO-DE,26,2197,9100,0.012700015307431825
APO-DE,26,2197,9200,0.012700015307431825
APO-DE,26,2197,9300,0.012700015307431825
APO-DE,26,2197,9400,0.012699243845613266
APO-DE,26,2197,9500,0.012699243845613266
APO-DE,26,2197,9600,0.012696183305332882
APO-DE,26,2197,9700,0.012693816894387604
APO-DE,26,2197,9800,0.012693816894387604
APO-DE,26,2197,9900,0.012693816894387604
APO-DE,26,2197,10000,0.012693816894387604
APO-LS,26,2197,100,0.04306480378215918
APO-LS,26,2197,200,0.04306480378215918
APO-LS,26,2197,300,0.03104547188005056
APO-LS,26,2197,400,0.03104547188005056
APO-LS,26,2197,500,0.03104546581270317
APO-LS,26,2197,600,0.03104546581270317
APO-LS,26,2197,700,0.013360079121987188
APO-LS,26,2197,800,0.013360079121987188
APO-LS,26,2197,900,0.013360078907296288
APO-LS,26,2197,1000,0.013360078907296288
APO-LS,26,2197,1100,0.013360078907296288
APO-LS,26,2197,1200,0.013360078907296288
APO-LS,26,2197,1300,0.013360078907296288
APO-LS,26,2197,1400,0.013360078907296288
APO-LS,26,2197,1500,0.013166161141029857
APO-LS,26,2197,1600,0.013166161141029857
APO-LS,26,2197,1700,0.013166161141029857
APO-LS,26,2197,1800,0.013166161141029857
APO-LS,26,2197,1900,0.013166161141029857
APO-LS,26,2197,2000,0.013166161141029857
APO-LS,26,2197,2100,0.013166161141029857
APO-LS,26,2197,2200,0.013166161141029857
APO-LS,26,2197,2300,0.013166161141029857
APO-LS,26,2197,2400,0.013166161141029857
APO-LS,26,2197,2500,0.012981737456266277
APO-LS,26,2197,2600,0.012981737456266277
APO-LS,26,2197,2700,0.012981737456266277
APO-LS,26,2197,2800,0.012981737456266277
APO-LS,26,2197,2900,0.012981737456266277
APO-LS,26,2197,3000,0.012981737456266277
APO-LS,26,2197,3100,0.012981737456266277
APO-LS,26,2197,3200,0.012981737456266277
APO-LS,26,2197,3300,0.012981737456266277
APO-LS,26,2197,3400,0.012981737456266277
APO-LS,26,2197,3500,0.012981737456266277
APO-LS,26,2197,3600,0.012981737456266277
APO-LS,26,2197,3700,0.012903646401630053
APO-LS,26,2197,3800,0.012903646401630053
APO-LS,26,2197,3900,0.012903646401630053
APO-LS,26,2197,4000,0.012903646401630053
APO-LS,26,2197,4100,0.012903646401630053
APO-LS,26,2197,4200,0.012903646401630053
APO-LS,26,2197,4300,0.012903646401630053
APO-LS,26,2197,4400,0.012903646401630053
APO-LS,26,2197,4500,0.012903646401630053
APO-LS,26,2197,4600,0.012903646401630053
APO-LS,26,2197,4700,0.012903646401630053
APO-LS,26,2197,4800,0.012903646401630053
APO-LS,26,2197,4900,0.012903646401630053
APO-LS,26,2197,5000,0.012903646401630053
APO-LS,26,2197,5100,0.012903646401630053
APO-LS,26,2197,5200,0.012903646401630053
APO-LS,26,2197,5300,0.012903646401630053
APO-LS,26,2197,5400,0.012903646401630053
APO-LS,26,2197,5500,0.012903646401630053
APO-LS,26,2197,5600,0.012903646401630053
APO-LS,26,2197,5700,0.012903646401630053
APO-LS,26,2197,5800,0.012903646401630053
APO-LS,26,2197,5900,0.012903646401630053
APO-LS,26,2197,6000,0.012903646401630053
APO-LS,26,2197,6100,0.012824105811396569
APO-LS,26,2197,6200,0.012824105811396569
APO-LS,26,2197,6300,0.012824105811396569
APO-LS,26,2197,6400,0.012824105811396569
APO-LS,26,2197,6500,0.012824105811396569
APO-LS,26,2197,6600,0.012824105811396569
APO-LS,26,2197,6700,0.012824105811396569
APO-LS,26,2197,6800,0.012824105811396569
APO-LS,26,2197,6900,0.012824105811396569
APO-LS,26,2197,7000,0.012824105811396569
APO-LS,26,2197,7100,0.012824105811396569
APO-LS,26,2197,7200,0.012817734614227617
APO-LS,26,2197,7300,0.012817734614227617
APO-LS,26,2197,7400,0.012817734614227617
APO-LS,26,2197,7500,0.012817734614227617
APO-LS,26,2197,7600,0.012817734614227617
APO-LS,26,2197,7700,0.012811441457011739
APO-LS,26,2197,7800,0.012811441457011739
APO-LS,26,2197,7900,0.012733592723359811
APO-LS,26,2197,8000,0.012733592723359811
APO-LS,26,2197,8100,0.012733592723359811
APO-LS,26,2197,8200,0.012733592723359811
APO-LS,26,2197,8300,0.012733592723359811
APO-LS,26,2197,8400,0.012733592723359811
APO-LS,26,2197,8500,0.012733592723359811
APO-LS,26,2197,8600,0.012733592723359811
APO-LS,26,2197,8700,0.01273354265812614
APO-LS,26,2197,8800,0.01273354265812614
APO-LS,26,2197,8900,0.01273354265812614
APO-LS,26,2197,9000,0.01273354265812614
APO-LS,26,2197,9100,0.012731374612513533
APO-LS,26,2197,9200,0.012713892112164617
APO-LS,26,2197,9300,0.012713892112164617
APO-LS,26,2197,9400,0.012709529121874783
APO-LS,26,2197,9500,0.012709529121874783
APO-LS,26,2197,9600,0.012708015314894476
APO-LS,26,2197,9700,0.012707374467116542
APO-LS,26,2197,9800,0.012707374467116542
APO-LS,26,2197,9900,0.012707374467116542
APO-LS,26,2197,10000,0.012707374467116542
APO-PSO,26,2197,100,0.04306480378215918
APO-PSO,26,2197,200,0.04306480378215918
APO-PSO,26,2197,300,0.04306480378215918
APO-PSO,26,2197,400,0.03591778609535023
APO-PSO,26,2197,500,0.029091783396679203
APO-PSO,26,2197,600,0.029091783396679203
APO-PSO,26,2197,700,0.02875270564116316
APO-PSO,26,2197,800,0.02088536759280309
APO-PSO,26,2197,900,0.015890249681139636
APO-PSO,26,2197,1000,0.014539166789948713
APO-PSO,26,2197,1100,0.014539166789948713
APO-PSO,26,2197,1200,0.014539166789948713
APO-PSO,26,2197,1300,0.014183071317077977
APO-PSO,26,2197,1400,0.013890176344129292
APO-PSO,26,2197,1500,0.013890176344129292
APO-PSO,26,2197,1600,0.013890176344129292
APO-PSO,26,2197,1700,0.013890176344129292
APO-PSO,26,2197,1800,0.013890176344129292
APO-PSO,26,2197,1900,0.013890176344129292
APO-PSO,26,2197,2000,0.013890176344129292
APO-PSO,26,2197,2100,0.013890176344129292
APO-PSO,26,2197,2200,0.013890176344129292
APO-PSO,26,2197,2300,0.013890176344129292
APO-PSO,26,2197,2400,0.013890176344129292
APO-PSO,26,2197,2500,0.013890176344129292
APO-PSO,26,2197,2600,0.013890176344129292
APO-PSO,26,2197,2700,0.013512262692536548
APO-PSO,26,2197,2800,0.013280929243952145
APO-PSO,26,2197,2900,0.013280929243952145
APO-PSO,26,2197,3000,0.013280929243952145
APO-PSO,26,2197,3100,0.013280929243952145
APO-PSO,26,2197,3200,0.013280929243952145
APO-PSO,26,2197,3300,0.013280929243952145
APO-PSO,26,2197,3400,0.013280929243952145
APO-PSO,26,2197,3500,0.013280929243952145
APO-PSO,26,2197,3600,0.013280929243952145
APO-PSO,26,2197,3700,0.013280929243952145
APO-PSO,26,2197,3800,0.013280929243952145
APO-PSO,26,2197,3900,0.013280929243952145
APO-PSO,26,2197,4000,0.013280929243952145
APO-PSO,26,2197,4100,0.013280929243952145
APO-PSO,26,2197,4200,0.013257943387546196
APO-PSO,26,2197,4300,0.013257943387546196
APO-PSO,26,2197,4400,0.013257943387546196
APO-PSO,26,2197,4500,0.013257943387546196
APO-PSO,26,2197,4600,0.013257943387546196
APO-PSO,26,2197,4700,0.013257943387546196
APO-PSO,26,2197,4800,0.013257943387546196
APO-PSO,26,2197,4900,0.013257943387546196
APO-PSO,26,2197,5000,0.013257943387546196
APO-PSO,26,2197,5100,0.013257943387546196
APO-PSO,26,2197,5200,0.013257943387546196
APO-PSO,26,2197,5300,0.013257943387546196
APO-PSO,26,2197,5400,0.013257943387546196
APO-PSO,26,2197,5500,0.013257943387546196
APO-PSO,26,2197,5600,0.013257943387546196
APO-PSO,26,2197,5700,0.013257943387546196
APO-PSO,26,2197,5800,0.013238976187751132
APO-PSO,26,2197,5900,0.01302130038132593
APO-PSO,26,2197,6000,0.01302130038132593
APO-PSO,26,2197,6100,0.01302130038132593
APO-PSO,26,2197,6200,0.01302130038132593
APO-PSO,26,2197,6300,0.01302130038132593
APO-PSO,26,2197,6400,0.012944258178389404
APO-PSO,26,2197,6500,0.012944258178389404
APO-PSO,26,2197,6600,0.012944258178389404
APO-PSO,26,2197,6700,0.012920806005063422
APO-PSO,26,2197,6800,0.012920806005063422
APO-PSO,26,2197,6900,0.012920806005063422
APO-PSO,26,2197,7000,0.012920806005063422
APO-PSO,26,2197,7100,0.012920806005063422
APO-PSO,26,2197,7200,0.0128964542259969
APO-PSO,26,2197,7300,0.0128964542259969
APO-PSO,26,2197,7400,0.0128964542259969
APO-PSO,26,2197,7500,0.0128964542259969
APO-PSO,26,2197,7600,0.0128964542259969
APO-PSO,26,2197,7700,0.0128964542259969
APO-PSO,26,2197,7800,0.0128964542259969
APO-PSO,26,2197,7900,0.0128964542259969
APO-PSO,26,2197,8000,0.012745335584655269
APO-PSO,26,2197,8100,0.012745335584655269
APO-PSO,26,2197,8200,0.012745335584655269
APO-PSO,26,2197,8300,0.012745335584655269
APO-PSO,26,2197,8400,0.012745335584655269
APO-PSO,26,2197,8500,0.012745335584655269
APO-PSO,26,2197,8600,0.012745335584655269
APO-PSO,26,2197,8700,0.012745335584655269
APO-PSO,26,2197,8800,0.012745335584655269
APO-PSO,26,2197,8900,0.012745335584655269
APO-PSO,26,2197,9000,0.012744146639758706
APO-PSO,26,2197,9100,0.012744146639758706
APO-PSO,26,2197,9200,0.012744146639758706
APO-PSO,26,2197,9300,0.012744146639758706
APO-PSO,26,2197,9400,0.012744146639758706
APO-PSO,26,2197,9500,0.012744146639758706
APO-PSO,26,2197,9600,0.012744146639758706
APO-PSO,26,2197,9700,0.012744146639758706
APO-PSO,26,2197,9800,0.012742621463224099
APO-PSO,26,2197,9900,0.01274060262245359
APO-PSO,26,2197,10000,0.01273997150149295
APO-wr-DE,26,2197,100,0.04306480378215918
APO-wr-DE,26,2197,200,0.04306480378215918
APO-wr-DE,26,2197,300,0.03236476938647003
APO-wr-DE,26,2197,400,0.03236476938647003
APO-wr-DE,26,2197,500,0.03236476938647003
APO-wr-DE,26,2197,600,0.017627677691589818
APO-wr-DE,26,2197,700,0.017627677691589818
APO-wr-DE,26,2197,800,0.013665623840220888
APO-wr-DE,26,2197,900,0.013665623840220888
APO-wr-DE,26,2197,1000,0.013454869398994158
APO-wr-DE,26,2197,1100,0.013454869398994158
APO-wr-DE,26,2197,1200,0.013454869398994158
APO-wr-DE,26,2197,1300,0.013454869398994158
APO-wr-DE,26,2197,1400,0.013079162814529793
APO-wr-DE,26,2197,1500,0.013079162814529793
APO-wr-DE,26,2197,1600,0.013079162814529793
APO-wr-DE,26,2197,1700,0.013079162814529793
APO-wr-DE,26,2197,1800,0.013079162814529793
APO-wr-DE,26,2197,1900,0.013079162814529793
APO-wr-DE,26,2197,2000,0.013079162814529793
APO-wr-DE,26,2197,2100,0.013079162814529793
APO-wr-DE,26,2197,2200,0.013079162814529793
APO-wr-DE,26,2197,2300,0.013079162814529793
APO-wr-DE,26,2197,2400,0.012769542190043915
APO-wr-DE,26,2197,2500,0.012769542190043915
APO-wr-DE,26,2197,2600,0.012769542190043915
APO-wr-DE,26,2197,2700,0.012769542190043915
APO-wr-DE,26,2197,2800,0.012769542190043915
APO-wr-DE,26,2197,2900,0.012769542190043915
APO-wr-DE,26,2197,3000,0.012769542190043915
APO-wr-DE,26,2197,3100,0.012769542190043915
APO-wr-DE,26,2197,3200,0.012769542190043915
APO-wr-DE,26,2197,3300,0.012769542190043915
APO-wr-DE,26,2197,3400,0.012769542190043915
APO-wr-DE,26,2197,3500,0.012769542190043915
APO-wr-DE,26,2197,3600,0.012769542190043915
APO-wr-DE,26,2197,3700,0.012769542190043915
APO-wr-DE,26,2197,3800,0.012769542190043915
APO-wr-DE,26,2197,3900,0.012769542190043915
APO-wr-DE,26,2197,4000,0.012769542190043915
APO-wr-DE,26,2197,4100,0.012769542190043915
APO-wr-DE,26,2197,4200,0.012769542190043915
APO-wr-DE,26,2197,4300,0.012769542190043915
APO-wr-DE,26,2197,4400,0.012769542190043915
APO-wr-DE,26,2197,4500,0.012769542190043915
APO-wr-DE,26,2197,4600,0.012769542190043915
APO-wr-DE,26,2197,4700,0.012769542190043915
APO-wr-DE,26,2197,4800,0.012769542190043915
APO-wr-DE,26,2197,4900,0.012769542190043915
APO-wr-DE,26,2197,5000,0.012769542190043915
APO-wr-DE,26,2197,5100,0.012769542190043915
APO-wr-DE,26,2197,5200,0.012769542190043915
APO-wr-DE,26,2197,5300,0.012769542190043915
APO-wr-DE,26,2197,5400,0.012751620541077008
APO-wr-DE,26,2197,5500,0.012751620541077008
APO-wr-DE,26,2197,5600,0.012751620541077008
APO-wr-DE,26,2197,5700,0.012751620541077008
APO-wr-DE,26,2197,5800,0.012751620541077008
APO-wr-DE,26,2197,5900,0.012751620541077008
APO-wr-DE,26,2197,6000,0.012751620541077008
APO-wr-DE,26,2197,6100,0.012751620541077008
APO-wr-DE,26,2197,6200,0.012751620541077008
APO-wr-DE,26,2197,6300,0.012751620541077008
APO-wr-DE,26,2197,6400,0.012751620541077008
APO-wr-DE,26,2197,6500,0.012751620541077008
APO-wr-DE,26,2197,6600,0.012751620541077008
APO-wr-DE,26,2197,6700,0.012751620541077008
APO-wr-DE,26,2197,6800,0.012751620541077008
APO-wr-DE,26,2197,6900,0.012751620541077008
APO-wr-DE,26,2197,7000,0.012719654012628652
APO-wr-DE,26,2197,7100,0.012719654012628652
APO-wr-DE,26,2197,7200,0.012719654012628652
APO-wr-DE,26,2197,7300,0.012719654012628652
APO-wr-DE,26,2197,7400,0.012719654012628652
APO-wr-DE,26,2197,7500,0.012719654012628652
APO-wr-DE,26,2197,7600,0.012719654012628652
APO-wr-DE,26,2197,7700,0.012719654012628652
APO-wr-DE,26,2197,7800,0.012719654012628652
APO-wr-DE,26,2197,7900,0.012719654012628652
APO-wr-DE,26,2197,8000,0.012689181263873145
APO-wr-DE,26,2197,8100,0.012689181263873145
APO-wr-DE,26,2197,8200,0.012689181263873145
APO-wr-DE,26,2197,8300,0.012689181263873145
APO-wr-DE,26,2197,8400,0.012688170484568075
APO-wr-DE,26,2197,8500,0.012688170484568075
APO-wr-DE,26,2197,8600,0.012688170484568075
APO-wr-DE,26,2197,8700,0.012687351210034885
APO-wr-DE,26,2197,8800,0.012687351210034885
APO-wr-DE,26,2197,8900,0.012687351210034885
APO-wr-DE,26,2197,9000,0.012687351210034885
APO-wr-DE,26,2197,9100,0.012687351210034885
APO-wr-DE,26,2197,9200,0.012687351210034885
APO-wr-DE,26,2197,9300,0.012681249260070726
APO-wr-DE,26,2197,9400,0.012677400145370717
APO-wr-DE,26,2197,9500,0.012677400145370717
APO-wr-DE,26,2197,9600,0.012677400145370717
APO-wr-DE,26,2197,9700,0.012677400145370717
APO-wr-DE,26,2197,9800,0.012677400145370717
APO-wr-DE,26,2197,9900,0.012677400145370717
APO-wr-DE,26,2197,10000,0.012677400145370717
APO-wr-LS,26,2197,100,0.04306480378215918
APO-wr-LS,26,2197,200,0.04306480378215918
APO-wr-LS,26,2197,300,0.04145480990799356
APO-wr-LS,26,2197,400,0.04145480990799356
APO-wr-LS,26,2197,500,0.04145480990799356
APO-wr-LS,26,2197,600,0.04145480990799356
APO-wr-LS,26,2197,700,0.030454274974829058
APO-wr-LS,26,2197,800,0.02465255932633203
APO-wr-LS,26,2197,900,0.013291730220110787
APO-wr-LS,26,2197,1000,0.013291730220110787
APO-wr-LS,26,2197,1100,0.013291730220110787
APO-wr-LS,26,2197,1200,0.013291730220110787
APO-wr-LS,26,2197,1300,0.013291730220110787
APO-wr-LS,26,2197,1400,0.013291730220110787
APO-wr-LS,26,2197,1500,0.013291730220110787
APO-wr-LS,26,2197,1600,0.013291730220110787
APO-wr-LS,26,2197,1700,0.013291730220110787
APO-wr-LS,26,2197,1800,0.013291730220110787
APO-wr-LS,26,2197,1900,0.013291730220110787
APO-wr-LS,26,2197,2000,0.013291730220110787
APO-wr-LS,26,2197,2100,0.013291730220110787
APO-wr-LS,26,2197,2200,0.013291730220110787
APO-wr-LS,26,2197,2300,0.013291730220110787
APO-wr-LS,26,2197,2400,0.013291730220110787
APO-wr-LS,26,2197,2500,0.013291730220110787
APO-wr-LS,26,2197,2600,0.013291730220110787
APO-wr-LS,26,2197,2700,0.013291730220110787
APO-wr-LS,26,2197,2800,0.013291730220110787
APO-wr-LS,26,2197,2900,0.013291730220110787
APO-wr-LS,26,2197,3000,0.013173752993968307
APO-wr-LS,26,2197,3100,0.01288238038886939
APO-wr-LS,26,2197,3200,0.01288238038886939
APO-wr-LS,26,2197,3300,0.01288238038886939
APO-wr-LS,26,2197,3400,0.01288238038886939
APO-wr-LS,26,2197,3500,0.01288238038886939
APO-wr-LS,26,2197,3600,0.012878815419260958
APO-wr-LS,26,2197,3700,0.012878815419260958
APO-wr-LS,26,2197,3800,0.012878815419260958
APO-wr-LS,26,2197,3900,0.012878815419260958
APO-wr-LS,26,2197,4000,0.012878815419260958
APO-wr-LS,26,2197,4100,0.012878815419260958
APO-wr-LS,26,2197,4200,0.012878815419260958
APO-wr-LS,26,2197,4300,0.012878815419260958
APO-wr-LS,26,2197,4400,0.012878815419260958
APO-wr-LS,26,2197,4500,0.012878815419260958
APO-wr-LS,26,2197,4600,0.012878815419260958
APO-wr-LS,26,2197,4700,0.012878815419260958
APO-wr-LS,26,2197,4800,0.012878815419260958
APO-wr-LS,26,2197,4900,0.012878815419260958
APO-wr-LS,26,2197,5000,0.012878815419260958
APO-wr-LS,26,2197,5100,0.012878815419260958
APO-wr-LS,26,2197,5200,0.012878815419260958
APO-wr-LS,26,2197,5300,0.012878815419260958
APO-wr-LS,26,2197,5400,0.012812627145097517
APO-wr-LS,26,2197,5500,0.012812627145097517
APO-wr-LS,26,2197,5600,0.012812627145097517
APO-wr-LS,26,2197,5700,0.012812627145097517
APO-wr-LS,26,2197,5800,0.012812627145097517
APO-wr-LS,26,2197,5900,0.012812627145097517
APO-wr-LS,26,2197,6000,0.012812627145097517
APO-wr-LS,26,2197,6100,0.012812627145097517
APO-wr-LS,26,2197,6200,0.012812627145097517
APO-wr-LS,26,2197,6300,0.012812627145097517
APO-wr-LS,26,2197,6400,0.012784419001661631
APO-wr-LS,26,2197,6500,0.012784419001661631
APO-wr-LS,26,2197,6600,0.012784419001661631
APO-wr-LS,26,2197,6700,0.012784419001661631
APO-wr-LS,26,2197,6800,0.012784419001661631
APO-wr-LS,26,2197,6900,0.012777048130731543
APO-wr-LS,26,2197,7000,0.012777048130731543
APO-wr-LS,26,2197,7100,0.012777048130731543
APO-wr-LS,26,2197,7200,0.012777048130731543
APO-wr-LS,26,2197,7300,0.012777048130731543
APO-wr-LS,26,2197,7400,0.012777048130731543
APO-wr-LS,26,2197,7500,0.012777048130731543
APO-wr-LS,26,2197,7600,0.012777048130731543
APO-wr-LS,26,2197,7700,0.012777048130731543
APO-wr-LS,26,2197,7800,0.012777048130731543
APO-wr-LS,26,2197,7900,0.012777048130731543
APO-wr-LS,26,2197,8000,0.012777048130731543
APO-wr-LS,26,2197,8100,0.012768308824821712
APO-wr-LS,26,2197,8200,0.012768308824821712
APO-wr-LS,26,2197,8300,0.012768308824821712
APO-wr-LS,26,2197,8400,0.012768308824821712
APO-wr-LS,26,2197,8500,0.012768308824821712
APO-wr-LS,26,2197,8600,0.012768308824821712
APO-wr-LS,26,2197,8700,0.012767899702406252
APO-wr-LS,26,2197,8800,0.012767899702406252
APO-wr-LS,26,2197,8900,0.012767899702406252
APO-wr-LS,26,2197,9000,0.012767899702406252
APO-wr-LS,26,2197,9100,0.012767899702406252
APO-wr-LS,26,2197,9200,0.012767899702406252
APO-wr-LS,26,2197,9300,0.012753897491925334
APO-wr-LS,26,2197,9400,0.012753897491925334
APO-wr-LS,26,2197,9500,0.012741036478148499
APO-wr-LS,26,2197,9600,0.012736404699275644
APO-wr-LS,26,2197,9700,0.012736404699275644
APO-wr-LS,26,2197,9800,0.0127341058428749
APO-wr-LS,26,2197,9900,0.012733325197761271
APO-wr-LS,26,2197,10000,0.012733325197761271
APO-wr-PSO,26,2197,100,0.04306480378215918
APO-wr-PSO,26,2197,200,0.04306480378215918
APO-wr-PSO,26,2197,300,0.04306480378215918
APO-wr-PSO,26,2197,400,0.015733304086863974
APO-wr-PSO,26,2197,500,0.015733304086863974
APO-wr-PSO,26,2197,600,0.015733304086863974
APO-wr-PSO,26,2197,700,0.01410248716999104
APO-wr-PSO,26,2197,800,0.01410248716999104
APO-wr-PSO,26,2197,900,0.013194302883350766
APO-wr-PSO,26,2197,1000,0.013194302883350766
APO-wr-PSO,26,2197,1100,0.013194302883350766
APO-wr-PSO,26,2197,1200,0.013194302883350766
APO-wr-PSO,26,2197,1300,0.013194302883350766
APO-wr-PSO,26,2197,1400,0.013194302883350766
APO-wr-PSO,26,2197,1500,0.013194302883350766
APO-wr-PSO,26,2197,1600,0.013194302883350766
APO-wr-PSO,26,2197,1700,0.013194302883350766
APO-wr-PSO,26,2197,1800,0.013194302883350766
APO-wr-PSO,26,2197,1900,0.013194302883350766
APO-wr-PSO,26,2197,2000,0.013194302883350766
APO-wr-PSO,26,2197,2100,0.013194302883350766
APO-wr-PSO,26,2197,2200,0.013194302883350766
APO-wr-PSO,26,2197,2300,0.013194302883350766
APO-wr-PSO,26,2197,2400,0.013194302883350766
APO-wr-PSO,26,2197,2500,0.013194302883350766
APO-wr-PSO,26,2197,2600,0.01317230191313713
APO-wr-PSO,26,2197,2700,0.01317230191313713
APO-wr-PSO,26,2197,2800,0.01317230191313713
APO-wr-PSO,26,2197,2900,0.01317230191313713
APO-wr-PSO,26,2197,3000,0.01317230191313713
APO-wr-PSO,26,2197,3100,0.01317230191313713
APO-wr-PSO,26,2197,3200,0.01317230191313713
APO-wr-PSO,26,2197,3300,0.01317230191313713
APO-wr-PSO,26,2197,3400,0.01308604023843082
APO-wr-PSO,26,2197,3500,0.01308604023843082
APO-wr-PSO,26,2197,3600,0.01308604023843082
APO-wr-PSO,26,2197,3700,0.01308604023843082
APO-wr-PSO,26,2197,3800,0.01308604023843082
APO-wr-PSO,26,2197,3900,0.01308604023843082
APO-wr-PSO,26,2197,4000,0.01308604023843082
APO-wr-PSO,26,2197,4100,0.01308604023843082
APO-wr-PSO,26,2197,4200,0.01308604023843082
APO-wr-PSO,26,2197,4300,0.012849124821659213
APO-wr-PSO,26,2197,4400,0.012849124821659213
APO-wr-PSO,26,2197,4500,0.012849124821659213
APO-wr-PSO,26,2197,4600,0.012849124821659213
APO-wr-PSO,26,2197,4700,0.012849124821659213
APO-wr-PSO,26,2197,4800,0.012849124821659213
APO-wr-PSO,26,2197,4900,0.012849124821659213
APO-wr-PSO,26,2197,5000,0.012849124821659213
APO-wr-PSO,26,2197,5100,0.012849124821659213
APO-wr-PSO,26,2197,5200,0.012849124821659213
APO-wr-PSO,26,2197,5300,0.012831271947281436
APO-wr-PSO,26,2197,5400,0.012814232622037154
APO-wr-PSO,26,2197,5500,0.012814232622037154
APO-wr-PSO,26,2197,5600,0.012814232622037154
APO-wr-PSO,26,2197,5700,0.012814232622037154
APO-wr-PSO,26,2197,5800,0.012814232622037154
APO-wr-PSO,26,2197,5900,0.012814232622037154
APO-wr-PSO,26,2197,6000,0.012814232622037154
APO-wr-PSO,26,2197,6100,0.012814232622037154
APO-wr-PSO,26,2197,6200,0.012814232622037154
APO-wr-PSO,26,2197,6300,0.012740535667006019
APO-wr-PSO,26,2197,6400,0.012740535667006019
APO-wr-PSO,26,2197,6500,0.012740535667006019
APO-wr-PSO,26,2197,6600,0.012740535667006019
APO-wr-PSO,26,2197,6700,0.012740535667006019
APO-wr-PSO,26,2197,6800,0.012740535667006019
APO-wr-PSO,26,2197,6900,0.012740535667006019
APO-wr-PSO,26,2197,7000,0.012740535667006019
APO-wr-PSO,26,2197,7100,0.012740535667006019
APO-wr-PSO,26,2197,7200,0.012740535667006019
APO-wr-PSO,26,2197,7300,0.012740535667006019
APO-wr-PSO,26,2197,7400,0.012740535667006019
APO-wr-PSO,26,2197,7500,0.012740535667006019
APO-wr-PSO,26,2197,7600,0.012740535667006019
APO-wr-PSO,26,2197,7700,0.012740535667006019
APO-wr-PSO,26,2197,7800,0.012740535667006019
APO-wr-PSO,26,2197,7900,0.012740535667006019
APO-wr-PSO,26,2197,8000,0.012740535667006019
APO-wr-PSO,26,2197,8100,0.012740535667006019
APO-wr-PSO,26,2197,8200,0.012740535667006019
APO-wr-PSO,26,2197,8300,0.01270749541641839
APO-wr-PSO,26,2197,8400,0.01270749541641839
APO-wr-PSO,26,2197,8500,0.01270749541641839
APO-wr-PSO,26,2197,8600,0.01270749541641839
APO-wr-PSO,26,2197,8700,0.01270749541641839
APO-wr-PSO,26,2197,8800,0.01270749541641839
APO-wr-PSO,26,2197,8900,0.01270749541641839
APO-wr-PSO,26,2197,9000,0.012707084509758463
APO-wr-PSO,26,2197,9100,0.012707084509758463
APO-wr-PSO,26,2197,9200,0.012707084509758463
APO-wr-PSO,26,2197,9300,0.012707084509758463
APO-wr-PSO,26,2197,9400,0.012707084509758463
APO-wr-PSO,26,2197,9500,0.012707084509758463
APO-wr-PSO,26,2197,9600,0.012707084509758463
APO-wr-PSO,26,2197,9700,0.012707084509758463
APO-wr-PSO,26,2197,9800,0.012706560319546908
APO-wr-PSO,26,2197,9900,0.012706014201946968
APO-wr-PSO,26,2197,10000,0.012705814585147836
APO,27,2204,100,0.029037464850300804
APO,27,2204,200,0.029037464850300804
APO,27,2204,300,0.029037464850300804
APO,27,2204,400,0.029037464850300804
APO,27,2204,500,0.029037464850300804
APO,27,2204,600,0.029037464850300804
APO,27,2204,700,0.013231154703954596
APO,27,2204,800,0.013231154703954596
APO,27,2204,900,0.013231154703954596
APO,27,2204,1000,0.013231154703954596
APO,27,2204,1100,0.013231154703954596
APO,27,2204,1200,0.013231154703954596
APO,27,2204,1300,0.013231154703954596
APO,27,2204,1400,0.013231154703954596
APO,27,2204,1500,0.013231154703954596
APO,27,2204,1600,0.013231154703954596
APO,27,2204,1700,0.01321488330305732
APO,27,2204,1800,0.01321488330305732
APO,27,2204,1900,0.01321488330305732
APO,27,2204,2000,0.01321488330305732
APO,27,2204,2100,0.01321488330305732
APO,27,2204,2200,0.01321488330305732
APO,27,2204,2300,0.01321488330305732
APO,27,2204,2400,0.01321488330305732
APO,27,2204,2500,0.01321488330305732
APO,27,2204,2600,0.01321488330305732
APO,27,2204,2700,0.01321488330305732
APO,27,2204,2800,0.01321488330305732
APO,27,2204,2900,0.01321488330305732
APO,27,2204,3000,0.01321488330305732
APO,27,2204,3100,0.01321488330305732
APO,27,2204,3200,0.01321488330305732
APO,27,2204,3300,0.01321488330305732
APO,27,2204,3400,0.01321488330305732
APO,27,2204,3500,0.01321488330305732
APO,27,2204,3600,0.01321488330305732
APO,27,2204,3700,0.01321488330305732
APO,27,2204,3800,0.01321488330305732
APO,27,2204,3900,0.01321488330305732
APO,27,2204,4000,0.01321488330305732
APO,27,2204,4100,0.01321488330305732
APO,27,2204,4200,0.01321488330305732
APO,27,2204,4300,0.01321488330305732
APO,27,2204,4400,0.01321488330305732
APO,27,2204,4500,0.01321488330305732
APO,27,2204,4600,0.01321488330305732
APO,27,2204,4700,0.01321488330305732
APO,27,2204,4800,0.01321488330305732
APO,27,2204,4900,0.01321488330305732
APO,27,2204,5000,0.01321488330305732
APO,27,2204,5100,0.01321488330305732
APO,27,2204,5200,0.01321488330305732
APO,27,2204,5300,0.01321488330305732
APO,27,2204,5400,0.01321488330305732
APO,27,2204,5500,0.01321488330305732
APO,27,2204,5600,0.01321488330305732
APO,27,2204,5700,0.01321488330305732
APO,27,2204,5800,0.013018152242682912
APO,27,2204,5900,0.013018152242682912
APO,27,2204,6000,0.013018152242682912
APO,27,2204,6100,0.013018152242682912
APO,27,2204,6200,0.013018152242682912
APO,27,2204,6300,0.013006482952056813
APO,27,2204,6400,0.013006482952056813
APO,27,2204,6500,0.013006482952056813
APO,27,2204,6600,0.013006482952056813
APO,27,2204,6700,0.012818492418883325
APO,27,2204,6800,0.012818492418883325
APO,27,2204,6900,0.012818492418883325
APO,27,2204,7000,0.012818492418883325
APO,27,2204,7100,0.012818492418883325
APO,27,2204,7200,0.012807262666711032
APO,27,2204,7300,0.012807262666711032
APO,27,2204,7400,0.012807262666711032
APO,27,2204,7500,0.012807262666711032
APO,27,2204,7600,0.012807262666711032
APO,27,2204,7700,0.012736365456430214
APO,27,2204,7800,0.012736365456430214
APO,27,2204,7900,0.012736365456430214
APO,27,2204,8000,0.012736365456430214
APO,27,2204,8100,0.012732890695826376
APO,27,2204,8200,0.012732890695826376
APO,27,2204,8300,0.012732890695826376
APO,27,2204,8400,0.012732890695826376
APO,27,2204,8500,0.012732890695826376
APO,27,2204,8600,0.012732890695826376
APO,27,2204,8700,0.012732890695826376
APO,27,2204,8800,0.012732890695826376
APO,27,2204,8900,0.012732890695826376
APO,27,2204,9000,0.012732890695826376
APO,27,2204,9100,0.012726436756503362
APO,27,2204,9200,0.012715428179244084
APO,27,2204,9300,0.012715428179244084
APO,27,2204,9400,0.012715428179244084
APO,27,2204,9500,0.012715428179244084
APO,27,2204,9600,0.012715428179244084
APO,27,2204,9700,0.012715428179244084
APO,27,2204,9800,0.012715420175508115
APO,27,2204,9900,0.012715203716412486
APO,27,2204,10000,0.012715196203138861
APO-wr,27,2204,100,0.029037464850300804
APO-wr,27,2204,200,0.029037464850300804
APO-wr,27,2204,300,0.029037464850300804
APO-wr,27,2204,400,0.029037464850300804
APO-wr,27,2204,500,0.018781864487179945
APO-wr,27,2204,600,0.018781864487179945
APO-wr,27,2204,700,0.018781864487179945
APO-wr,27,2204,800,0.012933075687398701
APO-wr,27,2204,900,0.012933075687398701
APO-wr,27,2204,1000,0.012933075687398701
APO-wr,27,2204,1100,0.012933075687398701
APO-wr,27,2204,1200,0.012933075687398701
APO-wr,27,2204,1300,0.012933075687398701
APO-wr,27,2204,1400,0.012933075687398701
APO-wr,27,2204,1500,0.012933075687398701
APO-wr,27,2204,1600,0.012933075687398701
APO-wr,27,2204,1700,0.012933075687398701
APO-wr,27,2204,1800,0.012933075687398701
APO-wr,27,2204,1900,0.012933075687398701
APO-wr,27,2204,2000,0.012933075687398701
APO-wr,27,2204,2100,0.012933075687398701
APO-wr,27,2204,2200,0.012933075687398701
APO-wr,27,2204,2300,0.012933075687398701
APO-wr,27,2204,2400,0.012933075687398701
APO-wr,27,2204,2500,0.012933075687398701
APO-wr,27,2204,2600,0.012933075687398701
APO-wr,27,2204,2700,0.012933075687398701
APO-wr,27,2204,2800,0.012933075687398701
APO-wr,27,2204,2900,0.012933075687398701
APO-wr,27,2204,3000,0.012933075687398701
APO-wr,27,2204,3100,0.012933075687398701
APO-wr,27,2204,3200,0.012933075687398701
APO-wr,27,2204,3300,0.012933075687398701
APO-wr,27,2204,3400,0.012933075687398701
APO-wr,27,2204,3500,0.012933075687398701
APO-wr,27,2204,3600,0.012933075687398701
APO-wr,27,2204,3700,0.012933075687398701
APO-wr,27,2204,3800,0.012933075687398701
APO-wr,27,2204,3900,0.012933075687398701
APO-wr,27,2204,4000,0.012933075687398701
APO-wr,27,2204,4100,0.012933075687398701
APO-wr,27,2204,4200,0.012933075687398701
APO-wr,27,2204,4300,0.012933075687398701
APO-wr,27,2204,4400,0.012933075687398701
APO-wr,27,2204,4500,0.012933075687398701
APO-wr,27,2204,4600,0.012933075687398701
APO-wr,27,2204,4700,0.012933075687398701
APO-wr,27,2204,4800,0.01279716453307603
APO-wr,27,2204,4900,0.01279716453307603
APO-wr,27,2204,5000,0.01279716453307603
APO-wr,27,2204,5100,0.01279716453307603
APO-wr,27,2204,5200,0.01279716453307603
APO-wr,27,2204,5300,0.01279716453307603
APO-wr,27,2204,5400,0.01279716453307603
APO-wr,27,2204,5500,0.01279716453307603
APO-wr,27,2204,5600,0.01279716453307603
APO-wr,27,2204,5700,0.01279716453307603
APO-wr,27,2204,5800,0.01279716453307603
APO-wr,27,2204,5900,0.01279716453307603
APO-wr,27,2204,6000,0.01279716453307603
APO-wr,27,2204,6100,0.01279716453307603
APO-wr,27,2204,6200,0.01279716453307603
APO-wr,27,2204,6300,0.01279716453307603
APO-wr,27,2204,6400,0.01279716453307603
APO-wr,27,2204,6500,0.01279716453307603
APO-wr,27,2204,6600,0.01279716453307603
APO-wr,27,2204,6700,0.01279716453307603
APO-wr,27,2204,6800,0.01279716453307603
APO-wr,27,2204,6900,0.01279716453307603
APO-wr,27,2204,7000,0.01279716453307603
APO-wr,27,2204,7100,0.01279716453307603
APO-wr,27,2204,7200,0.01279716453307603
APO-wr,27,2204,7300,0.01279716453307603
APO-wr,27,2204,7400,0.01279716453307603
APO-wr,27,2204,7500,0.01279716453307603
APO-wr,27,2204,7600,0.01279716453307603
APO-wr,27,2204,7700,0.01279716453307603
APO-wr,27,2204,7800,0.01279716453307603
APO-wr,27,2204,7900,0.012793788484240691
APO-wr,27,2204,8000,0.012793788484240691
APO-wr,27,2204,8100,0.012793788484240691
APO-wr,27,2204,8200,0.012793788484240691
APO-wr,27,2204,8300,0.012793788484240691
APO-wr,27,2204,8400,0.012793788484240691
APO-wr,27,2204,8500,0.012789867008058097
APO-wr,27,2204,8600,0.012789867008058097
APO-wr,27,2204,8700,0.012789867008058097
APO-wr,27,2204,8800,0.012789421246864108
APO-wr,27,2204,8900,0.0127811151649291
APO-wr,27,2204,9000,0.012778845076754907
APO-wr,27,2204,9100,0.012774182363260046
APO-wr,27,2204,9200,0.012765002069981548
APO-wr,27,2204,9300,0.012765002069981548
APO-wr,27,2204,9400,0.012765002069981548
APO-wr,27,2204,9500,0.012758588092156874
APO-wr,27,2204,9600,0.012758588092156874
APO-wr,27,2204,9700,0.012758588092156874
APO-wr,27,2204,9800,0.012758587698441284
APO-wr,27,2204,9900,0.012758469787741953
APO-wr,27,2204,10000,0.012758469787741953
APO-DE,27,2204,100,0.029037464850300804
APO-DE,27,2204,200,0.029037464850300804
APO-DE,27,2204,300,0.029037464850300804
APO-DE,27,2204,400,0.029037464340956692
APO-DE,27,2204,500,0.029037464340956692
APO-DE,27,2204,600,0.02638301641616282
APO-DE,27,2204,700,0.02638301641616282
APO-DE,27,2204,800,0.016369162354259437
APO-DE,27,2204,900,0.016369162309864158
APO-DE,27,2204,1000,0.013207908407260058
APO-DE,27,2204,1100,0.013207908407260058
APO-DE,27,2204,1200,0.013207908407260058
APO-DE,27,2204,1300,0.013207908407260058
APO-DE,27,2204,1400,0.013207908407260058
APO-DE,27,2204,1500,0.013198937184961965
APO-DE,27,2204,1600,0.013198937184961965
APO-DE,27,2204,1700,0.013037972149300591
APO-DE,27,2204,1800,0.013037972149300591
APO-DE,27,2204,1900,0.013037972149300591
APO-DE,27,2204,2000,0.013037972149300591
APO-DE,27,2204,2100,0.013037972149300591
APO-DE,27,2204,2200,0.013037972149300591
APO-DE,27,2204,2300,0.013037972149300591
APO-DE,27,2204,2400,0.013037972149300591
APO-DE,27,2204,2500,0.013037972149300591
APO-DE,27,2204,2600,0.013037972149300591
APO-DE,27,2204,2700,0.013037972149300591
APO-DE,27,2204,2800,0.013037972149300591
APO-DE,27,2204,2900,0.013037972149300591
APO-DE,27,2204,3000,0.013037972149300591
APO-DE,27,2204,3100,0.013037972149300591
APO-DE,27,2204,3200,0.013037972149300591
APO-DE,27,2204,3300,0.013037972149300591
APO-DE,27,2204,3400,0.013037972149300591
APO-DE,27,2204,3500,0.013037972149300591
APO-DE,27,2204,3600,0.013037972149300591
APO-DE,27,2204,3700,0.013037972149300591
APO-DE,27,2204,3800,0.013037972149300591
APO-DE,27,2204,3900,0.013037972149300591
APO-DE,27,2204,4000,0.013037972149300591
APO-DE,27,2204,4100,0.013037972149300591
APO-DE,27,2204,4200,0.013037972149300591
APO-DE,27,2204,4300,0.013037972149300591
APO-DE,27,2204,4400,0.012758564134436611
APO-DE,27,2204,4500,0.012701226202014146
APO-DE,27,2204,4600,0.012701226202014146
APO-DE,27,2204,4700,0.012701226202014146
APO-DE,27,2204,4800,0.012701226202014146
APO-DE,27,2204,4900,0.012701226202014146
APO-DE,27,2204,5000,0.012701226202014146
APO-DE,27,2204,5100,0.012701226202014146
APO-DE,27,2204,5200,0.012701226202014146
APO-DE,27,2204,5300,0.012701226202014146
APO-DE,27,2204,5400,0.012701226202014146
APO-DE,27,2204,5500,0.012701226202014146
APO-DE,27,2204,5600,0.012701226202014146
APO-DE,27,2204,5700,0.012701226202014146
APO-DE,27,2204,5800,0.012701226202014146
APO-DE,27,2204,5900,0.012701226202014146
APO-DE,27,2204,6000,0.012701226202014146
APO-DE,27,2204,6100,0.012701226202014146
APO-DE,27,2204,6200,0.012701226202014146
APO-DE,27,2204,6300,0.012701226202014146
APO-DE,27,2204,6400,0.012701226202014146
APO-DE,27,2204,6500,0.012701226202014146
APO-DE,27,2204,6600,0.012701226202014146
APO-DE,27,2204,6700,0.012701226202014146
APO-DE,27,2204,6800,0.012701226202014146
APO-DE,27,2204,6900,0.012701226202014146
APO-DE,27,2204,7000,0.012701226202014146
APO-DE,27,2204,7100,0.012701226202014146
APO-DE,27,2204,7200,0.012701226202014146
APO-DE,27,2204,7300,0.012701226202014146
APO-DE,27,2204,7400,0.012701226202014146
APO-DE,27,2204,7500,0.012701226202014146
APO-DE,27,2204,7600,0.012701226202014146
APO-DE,27,2204,7700,0.012701226202014146
APO-DE,27,2204,7800,0.012701226202014146
APO-DE,27,2204,7900,0.012701226202014146
APO-DE,27,2204,8000,0.012701226202014146
APO-DE,27,2204,8100,0.012701226202014146
APO-DE,27,2204,8200,0.012701226202014146
APO-DE,27,2204,8300,0.012701226202014146
APO-DE,27,2204,8400,0.012701226202014146
APO-DE,27,2204,8500,0.012701226202014146
APO-DE,27,2204,8600,0.012701226202014146
APO-DE,27,2204,8700,0.012701226202014146
APO-DE,27,2204,8800,0.012701226202014146
APO-DE,27,2204,8900,0.012701226202014146
APO-DE,27,2204,9000,0.012701226202014146
APO-DE,27,2204,9100,0.012701226202014146
APO-DE,27,2204,9200,0.01270106685350191
APO-DE,27,2204,9300,0.01270106685350191
APO-DE,27,2204,9400,0.01270106685350191
APO-DE,27,2204,9500,0.01270106685350191
APO-DE,27,2204,9600,0.01270106685350191
APO-DE,27,2204,9700,0.01270106685350191
APO-DE,27,2204,9800,0.01270106685350191
APO-DE,27,2204,9900,0.012700783868590693
APO-DE,27,2204,10000,0.012700773268806646
APO-LS,27,2204,100,0.029037464850300804
APO-LS,27,2204,200,0.029037464850300804
APO-LS,27,2204,300,0.029037464850300804
APO-LS,27,2204,400,0.028846362769038708
APO-LS,27,2204,500,0.028846362769038708
APO-LS,27,2204,600,0.01953475968004493
APO-LS,27,2204,700,0.01953475968004493
APO-LS,27,2204,800,0.019534758593418643
APO-LS,27,2204,900,0.015500110786235166
APO-LS,27,2204,1000,0.015500110786235166
APO-LS,27,2204,1100,0.015500110786235166
APO-LS,27,2204,1200,0.015500110786235166
APO-LS,27,2204,1300,0.015500110786235166
APO-LS,27,2204,1400,0.015500110786235166
APO-LS,27,2204,1500,0.015500110786235166
APO-LS,27,2204,1600,0.015500110786235166
APO-LS,27,2204,1700,0.015500110786235166
APO-LS,27,2204,1800,0.015441898902767875
APO-LS,27,2204,1900,0.013310482730809668
APO-LS,27,2204,2000,0.013293427215170813
APO-LS,27,2204,2100,0.013293427215170813
APO-LS,27,2204,2200,0.013293427215170813
APO-LS,27,2204,2300,0.013293427215170813
APO-LS,27,2204,2400,0.013293427215170813
APO-LS,27,2204,2500,0.013293427215170813
APO-LS,27,2204,2600,0.013293427215170813
APO-LS,27,2204,2700,0.013293427215170813
APO-LS,27,2204,2800,0.013293427215170813
APO-LS,27,2204,2900,0.013293427215170813
APO-LS,27,2204,3000,0.013293427215170813
APO-LS,27,2204,3100,0.013293427215170813
APO-LS,27,2204,3200,0.013293427215170813
APO-LS,27,2204,3300,0.013271792974112996
APO-LS,27,2204,3400,0.013271792974112996
APO-LS,27,2204,3500,0.013271792974112996
APO-LS,27,2204,3600,0.013271792974112996
APO-LS,27,2204,3700,0.013271792974112996
APO-LS,27,2204,3800,0.013271792974112996
APO-LS,27,2204,3900,0.013271792974112996
APO-LS,27,2204,4000,0.013271792974112996
APO-LS,27,2204,4100,0.013271792974112996
APO-LS,27,2204,4200,0.01327178992632606
APO-LS,27,2204,4300,0.01327178992632606
APO-LS,27,2204,4400,0.01327178992632606
APO-LS,27,2204,4500,0.01327178992632606
APO-LS,27,2204,4600,0.01327178992632606
APO-LS,27,2204,4700,0.01327178992632606
APO-LS,27,2204,4800,0.01327178992632606
APO-LS,27,2204,4900,0.01327178992632606
APO-LS,27,2204,5000,0.01327178992632606
APO-LS,27,2204,5100,0.01327178992632606
APO-LS,27,2204,5200,0.01327178992632606
APO-LS,27,2204,5300,0.01327178992632606
APO-LS,27,2204,5400,0.01327178992632606
APO-LS,27,2204,5500,0.01327178992632606
APO-LS,27,2204,5600,0.01327178992632606
APO-LS,27,2204,5700,0.01327178992632606
APO-LS,27,2204,5800,0.01327178992632606
APO-LS,27,2204,5900,0.013223171829651095
APO-LS,27,2204,6000,0.013223171829651095
APO-LS,27,2204,6100,0.013223171829651095
APO-LS,27,2204,6200,0.013223171829651095
APO-LS,27,2204,6300,0.012933580447510787
APO-LS,27,2204,6400,0.012933580447510787
APO-LS,27,2204,6500,0.012933580447510787
APO-LS,27,2204,6600,0.012933580447510787
APO-LS,27,2204,6700,0.012933580447510787
APO-LS,27,2204,6800,0.012933580447510787
APO-LS,27,2204,6900,0.012933580447510787
APO-LS,27,2204,7000,0.012933580447510787
APO-LS,27,2204,7100,0.012933580447510787
APO-LS,27,2204,7200,0.012933580447510787
APO-LS,27,2204,7300,0.012933580447510787
APO-LS,27,2204,7400,0.012933580447510787
APO-LS,27,2204,7500,0.012933580447510787
APO-LS,27,2204,7600,0.012698179995800895
APO-LS,27,2204,7700,0.012698179995800895
APO-LS,27,2204,7800,0.012698179995800895
APO-LS,27,2204,7900,0.012698179995800895
APO-LS,27,2204,8000,0.012698179995800895
APO-LS,27,2204,8100,0.012698179995800895
APO-LS,27,2204,8200,0.012698179995800895
APO-LS,27,2204,8300,0.012698179995800895
APO-LS,27,2204,8400,0.012698179995800895
APO-LS,27,2204,8500,0.012698179995800895
APO-LS,27,2204,8600,0.012698179995800895
APO-LS,27,2204,8700,0.012698179995800895
APO-LS,27,2204,8800,0.012698179995800895
APO-LS,27,2204,8900,0.012698179995800895
APO-LS,27,2204,9000,0.012695699190613634
APO-LS,27,2204,9100,0.012695699190613634
APO-LS,27,2204,9200,0.01269519803917057
APO-LS,27,2204,9300,0.01269519803917057
APO-LS,27,2204,9400,0.01269519803917057
APO-LS,27,2204,9500,0.01269519803917057
APO-LS,27,2204,9600,0.01269519803917057
APO-LS,27,2204,9700,0.012694086840250963
APO-LS,27,2204,9800,0.012693653873311818
APO-LS,27,2204,9900,0.012693653873311818
APO-LS,27,2204,10000,0.012693283537530518
APO-PSO,27,2204,100,0.029037464850300804
APO-PSO,27,2204,200,0.029037464850300804
APO-PSO,27,2204,300,0.029037464850300804
APO-PSO,27,2204,400,0.029037464850300804
APO-PSO,27,2204,500,0.024447065071930472
APO-PSO,27,2204,600,0.024447065071930472
APO-PSO,27,2204,700,0.024447065071930472
APO-PSO,27,2204,800,0.0244470625018113
APO-PSO,27,2204,900,0.016457101343974184
APO-PSO,27,2204,1000,0.016457101343974184
APO-PSO,27,2204,1100,0.013289373810372207
APO-PSO,27,2204,1200,0.013289373810372207
APO-PSO,27,2204,1300,0.013289373810372207
APO-PSO,27,2204,1400,0.013289373810372207
APO-PSO,27,2204,1500,0.013289373810372207
APO-PSO,27,2204,1600,0.013289373810372207
APO-PSO,27,2204,1700,0.013289373810372207
APO-PSO,27,2204,1800,0.013289373810372207
APO-PSO,27,2204,1900,0.013289373810372207
APO-PSO,27,2204,2000,0.013289373810372207
APO-PSO,27,2204,2100,0.013289373810372207
APO-PSO,27,2204,2200,0.013289373810372207
APO-PSO,27,2204,2300,0.013289373810372207
APO-PSO,27,2204,2400,0.013289373810372207
APO-PSO,27,2204,2500,0.013289373810372207
APO-PSO,27,2204,2600,0.013289373810372207
APO-PSO,27,2204,2700,0.013289373810372207
APO-PSO,27,2204,2800,0.013289373810372207
APO-PSO,27,2204,2900,0.013289373810372207
APO-PSO,27,2204,3000,0.013289373810372207
APO-PSO,27,2204,3100,0.012927864083576584
APO-PSO,27,2204,3200,0.012927864083576584
APO-PSO,27,2204,3300,0.012901107414787782
APO-PSO,27,2204,3400,0.012901107414787782
APO-PSO,27,2204,3500,0.012901107414787782
APO-PSO,27,2204,3600,0.012901107414787782
APO-PSO,27,2204,3700,0.012858014894477477
APO-PSO,27,2204,3800,0.012858014894477477
APO-PSO,27,2204,3900,0.012858014894477477
APO-PSO,27,2204,4000,0.012858014894477477
APO-PSO,27,2204,4100,0.012858014894477477
APO-PSO,27,2204,4200,0.012858014894477477
APO-PSO,27,2204,4300,0.012858014894477477
APO-PSO,27,2204,4400,0.012858014894477477
APO-PSO,27,2204,4500,0.012858014894477477
APO-PSO,27,2204,4600,0.012858014894477477
APO-PSO,27,2204,4700,0.012858014894477477
APO-PSO,27,2204,4800,0.012858014894477477
APO-PSO,27,2204,4900,0.012858014894477477
APO-PSO,27,2204,5000,0.012858014894477477
APO-PSO,27,2204,5100,0.012858014894477477
APO-PSO,27,2204,5200,0.012858014894477477
APO-PSO,27,2204,5300,0.012858014894477477
APO-PSO,27,2204,5400,0.012858014894477477
APO-PSO,27,2204,5500,0.012858014894477477
APO-PSO,27,2204,5600,0.012858014894477477
APO-PSO,27,2204,5700,0.012858014894477477
APO-PSO,27,2204,5800,0.012858014894477477
APO-PSO,27,2204,5900,0.012858014894477477
APO-PSO,27,2204,6000,0.012858014894477477
APO-PSO,27,2204,6100,0.012858014894477477
APO-PSO,27,2204,6200,0.012858014894477477
APO-PSO,27,2204,6300,0.012858014894477477
APO-PSO,27,2204,6400,0.012858014894477477
APO-PSO,27,2204,6500,0.012858014894477477
APO-PSO,27,2204,6600,0.012858014894477477
APO-PSO,27,2204,6700,0.012858014894477477
APO-PSO,27,2204,6800,0.012858014894477477
APO-PSO,27,2204,6900,0.012858014894477477
APO-PSO,27,2204,7000,0.012858014894477477
APO-PSO,27,2204,7100,0.012858014894477477
APO-PSO,27,2204,7200,0.012858014894477477
APO-PSO,27,2204,7300,0.012858014894477477
APO-PSO,27,2204,7400,0.012858014894477477
APO-PSO,27,2204,7500,0.012858014894477477
APO-PSO,27,2204,7600,0.012858014894477477
APO-PSO,27,2204,7700,0.012858014894477477
APO-PSO,27,2204,7800,0.012858014894477477
APO-PSO,27,2204,7900,0.012858014894477477
APO-PSO,27,2204,8000,0.012858014894477477
APO-PSO,27,2204,8100,0.012858014894477477
APO-PSO,27,2204,8200,0.012858014894477477
APO-PSO,27,2204,8300,0.012858014894477477
APO-PSO,27,2204,8400,0.012858014894477477
APO-PSO,27,2204,8500,0.012858014894477477
APO-PSO,27,2204,8600,0.012858014894477477
APO-PSO,27,2204,8700,0.012858014894477477
APO-PSO,27,2204,8800,0.012858014894477477
APO-PSO,27,2204,8900,0.012858014894477477
APO-PSO,27,2204,9000,0.012858014894477477
APO-PSO,27,2204,9100,0.012858014894477477
APO-PSO,27,2204,9200,0.012858014894477477
APO-PSO,27,2204,9300,0.012858014894477477
APO-PSO,27,2204,9400,0.012858014894477477
APO-PSO,27,2204,9500,0.012858014894477477
APO-PSO,27,2204,9600,0.012858014894477477
APO-PSO,27,2204,9700,0.01285668595733599
APO-PSO,27,2204,9800,0.012853878327032034
APO-PSO,27,2204,9900,0.012853878327032034
APO-PSO,27,2204,10000,0.012853878327032034
APO-wr-DE,27,2204,100,0.029037464850300804
APO-wr-DE,27,2204,200,0.029037464850300804
APO-wr-DE,27,2204,300,0.029037464850300804
APO-wr-DE,27,2204,400,0.029037464850300804
APO-wr-DE,27,2204,500,0.029037464850300804
APO-wr-DE,27,2204,600,0.029037464850300804
APO-wr-DE,27,2204,700,0.029037464850300804
APO-wr-DE,27,2204,800,0.029037464850300804
APO-wr-DE,27,2204,900,0.029037464850300804
APO-wr-DE,27,2204,1000,0.01343936121434986
APO-wr-DE,27,2204,1100,0.013123967113456387
APO-wr-DE,27,2204,1200,0.013123967113456387
APO-wr-DE,27,2204,1300,0.013123967113456387
APO-wr-DE,27,2204,1400,0.013123967113456387
APO-wr-DE,27,2204,1500,0.013123967113456387
APO-wr-DE,27,2204,1600,0.013123967113456387
APO-wr-DE,27,2204,1700,0.013123967113456387
APO-wr-DE,27,2204,1800,0.013123967113456387
APO-wr-DE,27,2204,1900,0.013123967113456387
APO-wr-DE,27,2204,2000,0.013123967113456387
APO-wr-DE,27,2204,2100,0.013123967113456387
APO-wr-DE,27,2204,2200,0.013123967113456387
APO-wr-DE,27,2204,2300,0.013123967113456387
APO-wr-DE,27,2204,2400,0.013123967113456387
APO-wr-DE,27,2204,2500,0.013123967113456387
APO-wr-DE,27,2204,2600,0.013123967113456387
APO-wr-DE,27,2204,2700,0.013123967113456387
APO-wr-DE,27,2204,2800,0.013123967113456387
APO-wr-DE,27,2204,2900,0.013123967113456387
APO-wr-DE,27,2204,3000,0.013123967113456387
APO-wr-DE,27,2204,3100,0.013123967113456387
APO-wr-DE,27,2204,3200,0.013119619791878749
APO-wr-DE,27,2204,3300,0.013023653146493577
APO-wr-DE,27,2204,3400,0.013023653146493577
APO-wr-DE,27,2204,3500,0.013023653146493577
APO-wr-DE,27,2204,3600,0.013023653146493577
APO-wr-DE,27,2204,3700,0.013023653146493577
APO-wr-DE,27,2204,3800,0.013023653146493577
APO-wr-DE,27,2204,3900,0.013023653146493577
APO-wr-DE,27,2204,4000,0.013023653146493577
APO-wr-DE,27,2204,4100,0.013023653146493577
APO-wr-DE,27,2204,4200,0.01289262560108916
APO-wr-DE,27,2204,4300,0.01289262560108916
APO-wr-DE,27,2204,4400,0.012883541265915203
APO-wr-DE,27,2204,4500,0.012883541265915203
APO-wr-DE,27,2204,4600,0.012883541265915203
APO-wr-DE,27,2204,4700,0.012883541265915203
APO-wr-DE,27,2204,4800,0.012883541265915203
APO-wr-DE,27,2204,4900,0.012883541265915203
APO-wr-DE,27,2204,5000,0.012883541265915203
APO-wr-DE,27,2204,5100,0.012876170410872882
APO-wr-DE,27,2204,5200,0.012876170410872882
APO-wr-DE,27,2204,5300,0.012876170410872882
APO-wr-DE,27,2204,5400,0.012876170410872882
APO-wr-DE,27,2204,5500,0.012876170410872882
APO-wr-DE,27,2204,5600,0.012876170410872882
APO-wr-DE,27,2204,5700,0.012865000631073471
APO-wr-DE,27,2204,5800,0.012865000631073471
APO-wr-DE,27,2204,5900,0.012865000631073471
APO-wr-DE,27,2204,6000,0.012865000631073471
APO-wr-DE,27,2204,6100,0.012865000631073471
APO-wr-DE,27,2204,6200,0.012865000631073471
APO-wr-DE,27,2204,6300,0.012773697005120089
APO-wr-DE,27,2204,6400,0.012773697005120089
APO-wr-DE,27,2204,6500,0.012773697005120089
APO-wr-DE,27,2204,6600,0.012773697005120089
APO-wr-DE,27,2204,6700,0.012773697005120089
APO-wr-DE,27,2204,6800,0.012734653485893947
APO-wr-DE,27,2204,6900,0.012734653485893947
APO-wr-DE,27,2204,7000,0.012734653485893947
APO-wr-DE,27,2204,7100,0.012734653485893947
APO-wr-DE,27,2204,7200,0.012734653485893947
APO-wr-DE,27,2204,7300,0.012734653485893947
APO-wr-DE,27,2204,7400,0.012734653485893947
APO-wr-DE,27,2204,7500,0.012734653485893947
APO-wr-DE,27,2204,7600,0.012734653485893947
APO-wr-DE,27,2204,7700,0.012729195411837934
APO-wr-DE,27,2204,7800,0.012729195411837934
APO-wr-DE,27,2204,7900,0.012729195411837934
APO-wr-DE,27,2204,8000,0.012682032859570517
APO-wr-DE,27,2204,8100,0.012682032859570517
APO-wr-DE,27,2204,8200,0.012682032859570517
APO-wr-DE,27,2204,8300,0.012682032859570517
APO-wr-DE,27,2204,8400,0.012682032859570517
APO-wr-DE,27,2204,8500,0.012682032859570517
APO-wr-DE,27,2204,8600,0.012681690011253084
APO-wr-DE,27,2204,8700,0.012681690011253084
APO-wr-DE,27,2204,8800,0.012679881020860092
APO-wr-DE,27,2204,8900,0.012679881020860092
APO-wr-DE,27,2204,9000,0.012679881020860092
APO-wr-DE,27,2204,9100,0.012679881020860092
APO-wr-DE,27,2204,9200,0.012679881020860092
APO-wr-DE,27,2204,9300,0.012679881020860092
APO-wr-DE,27,2204,9400,0.012679881020860092
APO-wr-DE,27,2204,9500,0.012679881020860092
APO-wr-DE,27,2204,9600,0.012679881020860092
APO-wr-DE,27,2204,9700,0.012679120352986177
APO-wr-DE,27,2204,9800,0.012678365260836476
APO-wr-DE,27,2204,9900,0.01267774054429033
APO-wr-DE,27,2204,10000,0.01267774054429033
APO-wr-LS,27,2204,100,0.029037464850300804
APO-wr-LS,27,2204,200,0.029037464850300804
APO-wr-LS,27,2204,300,0.029037464850300804
APO-wr-LS,27,2204,400,0.028846362769038708
APO-wr-LS,27,2204,500,0.028846362769038708
APO-wr-LS,27,2204,600,0.028846362769038708
APO-wr-LS,27,2204,700,0.022572330795131053
APO-wr-LS,27,2204,800,0.022572330795131053
APO-wr-LS,27,2204,900,0.019534403122552377
APO-wr-LS,27,2204,1000,0.019534403122552377
APO-wr-LS,27,2204,1100,0.015336102755617868
APO-wr-LS,27,2204,1200,0.014671037498510849
APO-wr-LS,27,2204,1300,0.014004765499260718
APO-wr-LS,27,2204,1400,0.014004765499260718
APO-wr-LS,27,2204,1500,0.013884757318712691
APO-wr-LS,27,2204,1600,0.013884757318712691
APO-wr-LS,27,2204,1700,0.013884757318712691
APO-wr-LS,27,2204,1800,0.013401545174257732
APO-wr-LS,27,2204,1900,0.013401545174257732
APO-wr-LS,27,2204,2000,0.013401545174257732
APO-wr-LS,27,2204,2100,0.013004990149701657
APO-wr-LS,27,2204,2200,0.013004990149701657
APO-wr-LS,27,2204,2300,0.013004990149701657
APO-wr-LS,27,2204,2400,0.013004990149701657
APO-wr-LS,27,2204,2500,0.013004990149701657
APO-wr-LS,27,2204,2600,0.013004990149701657
APO-wr-LS,27,2204,2700,0.013004990149701657
APO-wr-LS,27,2204,2800,0.013004990149701657
APO-wr-LS,27,2204,2900,0.013004990149701657
APO-wr-LS,27,2204,3000,0.013004990149701657
APO-wr-LS,27,2204,3100,0.013004990149701657
APO-wr-LS,27,2204,3200,0.013004990149701657
APO-wr-LS,27,2204,3300,0.013004990149701657
APO-wr-LS,27,2204,3400,0.013004990149701657
APO-wr-LS,27,2204,3500,0.013004990149701657
APO-wr-LS,27,2204,3600,0.013004990149701657
APO-wr-LS,27,2204,3700,0.012884654785890915
APO-wr-LS,27,2204,3800,0.012884654785890915
APO-wr-LS,27,2204,3900,0.012884654785890915
APO-wr-LS,27,2204,4000,0.012884654785890915
APO-wr-LS,27,2204,4100,0.012884654785890915
APO-wr-LS,27,2204,4200,0.012884654785890915
APO-wr-LS,27,2204,4300,0.012884654785890915
APO-wr-LS,27,2204,4400,0.012884654785890915
APO-wr-LS,27,2204,4500,0.012884654785890915
APO-wr-LS,27,2204,4600,0.012884654785890915
APO-wr-LS,27,2204,4700,0.012884654785890915
APO-wr-LS,27,2204,4800,0.012884654785890915
APO-wr-LS,27,2204,4900,0.012884654785890915
APO-wr-LS,27,2204,5000,0.012884654785890915
APO-wr-LS,27,2204,5100,0.012884654785890915
APO-wr-LS,27,2204,5200,0.012884654785890915
APO-wr-LS,27,2204,5300,0.012884654785890915
APO-wr-LS,27,2204,5400,0.012884654785890915
APO-wr-LS,27,2204,5500,0.012884654785890915
APO-wr-LS,27,2204,5600,0.012884654785890915
APO-wr-LS,27,2204,5700,0.012884654785890915
APO-wr-LS,27,2204,5800,0.012884654785890915
APO-wr-LS,27,2204,5900,0.012884654785890915
APO-wr-LS,27,2204,6000,0.012884654785890915
APO-wr-LS,27,2204,6100,0.012884654785890915
APO-wr-LS,27,2204,6200,0.012884654785890915
APO-wr-LS,27,2204,6300,0.012884654785890915
APO-wr-LS,27,2204,6400,0.012884654785890915
APO-wr-LS,27,2204,6500,0.012884654785890915
APO-wr-LS,27,2204,6600,0.012884654785890915
APO-wr-LS,27,2204,6700,0.012884654785890915
APO-wr-LS,27,2204,6800,0.012884654785890915
APO-wr-LS,27,2204,6900,0.012884654785890915
APO-wr-LS,27,2204,7000,0.012884654785890915
APO-wr-LS,27,2204,7100,0.012884654785890915
APO-wr-LS,27,2204,7200,0.012884654785890915
APO-wr-LS,27,2204,7300,0.012790888057756408
APO-wr-LS,27,2204,7400,0.012790888057756408
APO-wr-LS,27,2204,7500,0.012790888057756408
APO-wr-LS,27,2204,7600,0.012790888057756408
APO-wr-LS,27,2204,7700,0.012790888057756408
APO-wr-LS,27,2204,7800,0.012790888057756408
APO-wr-LS,27,2204,7900,0.012790888057756408
APO-wr-LS,27,2204,8000,0.012790888057756408
APO-wr-LS,27,2204,8100,0.012790888057756408
APO-wr-LS,27,2204,8200,0.012790888057756408
APO-wr-LS,27,2204,8300,0.012790888057756408
APO-wr-LS,27,2204,8400,0.012790888057756408
APO-wr-LS,27,2204,8500,0.012790888057756408
APO-wr-LS,27,2204,8600,0.012785418491783896
APO-wr-LS,27,2204,8700,0.012774656241636616
APO-wr-LS,27,2204,8800,0.012774656241636616
APO-wr-LS,27,2204,8900,0.012774656241636616
APO-wr-LS,27,2204,9000,0.012774656241636616
APO-wr-LS,27,2204,9100,0.012774656241636616
APO-wr-LS,27,2204,9200,0.012774656241636616
APO-wr-LS,27,2204,9300,0.012772146015727907
APO-wr-LS,27,2204,9400,0.012739557449861567
APO-wr-LS,27,2204,9500,0.012739557449861567
APO-wr-LS,27,2204,9600,0.012739557449861567
APO-wr-LS,27,2204,9700,0.012739216124122035
APO-wr-LS,27,2204,9800,0.012738915478440558
APO-wr-LS,27,2204,9900,0.012738915478440558
APO-wr-LS,27,2204,10000,0.012738671699335813
APO-wr-PSO,27,2204,100,0.029037464850300804
APO-wr-PSO,27,2204,200,0.029037464850300804
APO-wr-PSO,27,2204,300,0.029037464850300804
APO-wr-PSO,27,2204,400,0.028535510589813153
APO-wr-PSO,27,2204,500,0.028535510589813153
APO-wr-PSO,27,2204,600,0.024010938492488205
APO-wr-PSO,27,2204,700,0.023868632897062488
APO-wr-PSO,27,2204,800,0.020128486522163286
APO-wr-PSO,27,2204,900,0.013007287032936946
APO-wr-PSO,27,2204,1000,0.013007287032936946
APO-wr-PSO,27,2204,1100,0.013007287032936946
APO-wr-PSO,27,2204,1200,0.013007287032936946
APO-wr-PSO,27,2204,1300,0.013007287032936946
APO-wr-PSO,27,2204,1400,0.013007287032936946
APO-wr-PSO,27,2204,1500,0.013007287032936946
APO-wr-PSO,27,2204,1600,0.013007287032936946
APO-wr-PSO,27,2204,1700,0.013007287032936946
APO-wr-PSO,27,2204,1800,0.013007287032936946
APO-wr-PSO,27,2204,1900,0.013007287032936946
APO-wr-PSO,27,2204,2000,0.013007287032936946
APO-wr-PSO,27,2204,2100,0.013007287032936946
APO-wr-PSO,27,2204,2200,0.013007287032936946
APO-wr-PSO,27,2204,2300,0.013007287032936946
APO-wr-PSO,27,2204,2400,0.013007287032936946
APO-wr-PSO,27,2204,2500,0.013007287032936946
APO-wr-PSO,27,2204,2600,0.013007287032936946
APO-wr-PSO,27,2204,2700,0.013007287032936946
APO-wr-PSO,27,2204,2800,0.013007287032936946
APO-wr-PSO,27,2204,2900,0.013007287032936946
APO-wr-PSO,27,2204,3000,0.013007287032936946
APO-wr-PSO,27,2204,3100,0.013007287032936946
APO-wr-PSO,27,2204,3200,0.013007287032936946
APO-wr-PSO,27,2204,3300,0.012962048052524437
APO-wr-PSO,27,2204,3400,0.012962048052524437
APO-wr-PSO,27,2204,3500,0.012962048052524437
APO-wr-PSO,27,2204,3600,0.012962048052524437
APO-wr-PSO,27,2204,3700,0.012962048052524437
APO-wr-PSO,27,2204,3800,0.012962048052524437
APO-wr-PSO,27,2204,3900,0.012962048052524437
APO-wr-PSO,27,2204,4000,0.012962048052524437
APO-wr-PSO,27,2204,4100,0.012962048052524437
APO-wr-PSO,27,2204,4200,0.012962048052524437
APO-wr-PSO,27,2204,4300,0.012962048052524437
APO-wr-PSO,27,2204,4400,0.012962048052524437
APO-wr-PSO,27,2204,4500,0.012954238195431261
APO-wr-PSO,27,2204,4600,0.012954238195431261
APO-wr-PSO,27,2204,4700,0.012954238195431261
APO-wr-PSO,27,2204,4800,0.012954238195431261
APO-wr-PSO,27,2204,4900,0.012954238195431261
APO-wr-PSO,27,2204,5000,0.012954238195431261
APO-wr-PSO,27,2204,5100,0.012954238195431261
APO-wr-PSO,27,2204,5200,0.012954238195431261
APO-wr-PSO,27,2204,5300,0.012954238195431261
APO-wr-PSO,27,2204,5400,0.012954238195431261
APO-wr-PSO,27,2204,5500,0.012954238195431261
APO-wr-PSO,27,2204,5600,0.012954238195431261
APO-wr-PSO,27,2204,5700,0.012954238195431261
APO-wr-PSO,27,2204,5800,0.012954238195431261
APO-wr-PSO,27,2204,5900,0.012954238195431261
APO-wr-PSO,27,2204,6000,0.012954238195431261
APO-wr-PSO,27,2204,6100,0.012954238195431261
APO-wr-PSO,27,2204,6200,0.012954238195431261
APO-wr-PSO,27,2204,6300,0.012954238195431261
APO-wr-PSO,27,2204,6400,0.012954238195431261
APO-wr-PSO,27,2204,6500,0.012954238195431261
APO-wr-PSO,27,2204,6600,0.012954238195431261
APO-wr-PSO,27,2204,6700,0.01277774142373116
APO-wr-PSO,27,2204,6800,0.01277774142373116
APO-wr-PSO,27,2204,6900,0.01277774142373116
APO-wr-PSO,27,2204,7000,0.01277774142373116
APO-wr-PSO,27,2204,7100,0.01277774142373116
APO-wr-PSO,27,2204,7200,0.01277774142373116
APO-wr-PSO,27,2204,7300,0.01277774142373116
APO-wr-PSO,27,2204,7400,0.01277774142373116
APO-wr-PSO,27,2204,7500,0.01277774142373116
APO-wr-PSO,27,2204,7600,0.01277774142373116
APO-wr-PSO,27,2204,7700,0.01277774142373116
APO-wr-PSO,27,2204,7800,0.01277774142373116
APO-wr-PSO,27,2204,7900,0.012774328785247889
APO-wr-PSO,27,2204,8000,0.012774328785247889
APO-wr-PSO,27,2204,8100,0.012774328785247889
APO-wr-PSO,27,2204,8200,0.012774328785247889
APO-wr-PSO,27,2204,8300,0.012774328785247889
APO-wr-PSO,27,2204,8400,0.012774328785247889
APO-wr-PSO,27,2204,8500,0.012774328785247889
APO-wr-PSO,27,2204,8600,0.012774328785247889
APO-wr-PSO,27,2204,8700,0.012774328785247889
APO-wr-PSO,27,2204,8800,0.012774328785247889
APO-wr-PSO,27,2204,8900,0.012774328785247889
APO-wr-PSO,27,2204,9000,0.012774328785247889
APO-wr-PSO,27,2204,9100,0.012774328785247889
APO-wr-PSO,27,2204,9200,0.012774328785247889
APO-wr-PSO,27,2204,9300,0.012774328785247889
APO-wr-PSO,27,2204,9400,0.012774328785247889
APO-wr-PSO,27,2204,9500,0.012774328785247889
APO-wr-PSO,27,2204,9600,0.012774328785247889
APO-wr-PSO,27,2204,9700,0.012772560973854636
APO-wr-PSO,27,2204,9800,0.012772560973854636
APO-wr-PSO,27,2204,9900,0.0127719554976409
APO-wr-PSO,27,2204,10000,0.012771635369872704
APO,28,2211,100,5516.946101048777
APO,28,2211,200,13.927479298124783
APO,28,2211,300,0.05756361176476222
APO,28,2211,400,0.04805744008697122
APO,28,2211,500,0.04805744008697122
APO,28,2211,600,0.04805744008697122
APO,28,2211,700,0.04805715770654633
APO,28,2211,800,0.02210543403827535
APO,28,2211,900,0.014759334585095549
APO,28,2211,1000,0.014759334585095549
APO,28,2211,1100,0.013211775268193707
APO,28,2211,1200,0.013211775268193707
APO,28,2211,1300,0.013211775268193707
APO,28,2211,1400,0.013211775268193707
APO,28,2211,1500,0.013211775268193707
APO,28,2211,1600,0.013211775268193707
APO,28,2211,1700,0.013211775268193707
APO,28,2211,1800,0.013211775268193707
APO,28,2211,1900,0.013211775268193707
APO,28,2211,2000,0.013211775268193707
APO,28,2211,2100,0.013211775268193707
APO,28,2211,2200,0.013211775268193707
APO,28,2211,2300,0.013211775268193707
APO,28,2211,2400,0.013211775268193707
APO,28,2211,2500,0.013211775268193707
APO,28,2211,2600,0.013211775268193707
APO,28,2211,2700,0.013211775268193707
APO,28,2211,2800,0.013211775268193707
APO,28,2211,2900,0.013211775268193707
APO,28,2211,3000,0.013211775268193707
APO,28,2211,3100,0.013211775268193707
APO,28,2211,3200,0.013211775268193707
APO,28,2211,3300,0.013211775268193707
APO,28,2211,3400,0.012988861448967484
APO,28,2211,3500,0.012988155977496134
APO,28,2211,3600,0.012988155977496134
APO,28,2211,3700,0.012988155977496134
APO,28,2211,3800,0.012988155977496134
APO,28,2211,3900,0.012988155977496134
APO,28,2211,4000,0.012988155977496134
APO,28,2211,4100,0.012988155977496134
APO,28,2211,4200,0.012988155977496134
APO,28,2211,4300,0.012882387026361006
APO,28,2211,4400,0.012882387026361006
APO,28,2211,4500,0.01286111286026511
APO,28,2211,4600,0.01286111286026511
APO,28,2211,4700,0.01286111286026511
APO,28,2211,4800,0.01286111286026511
APO,28,2211,4900,0.01286111286026511
APO,28,2211,5000,0.01286111286026511
APO,28,2211,5100,0.01286111286026511
APO,28,2211,5200,0.01286111286026511
APO,28,2211,5300,0.01286111286026511
APO,28,2211,5400,0.01286111286026511
APO,28,2211,5500,0.01286111286026511
APO,28,2211,5600,0.01286111286026511
APO,28,2211,5700,0.01286111286026511
APO,28,2211,5800,0.01286111286026511
APO,28,2211,5900,0.01286111286026511
APO,28,2211,6000,0.01286111286026511
APO,28,2211,6100,0.01286111286026511
APO,28,2211,6200,0.01286111286026511
APO,28,2211,6300,0.01286111286026511
APO,28,2211,6400,0.01286111286026511
APO,28,2211,6500,0.01286111286026511
APO,28,2211,6600,0.01286111286026511
APO,28,2211,6700,0.01286111286026511
APO,28,2211,6800,0.012829508092349897
APO,28,2211,6900,0.012829508092349897
APO,28,2211,7000,0.012829508092349897
APO,28,2211,7100,0.012829508092349897
APO,28,2211,7200,0.012829508092349897
APO,28,2211,7300,0.012829508092349897
APO,28,2211,7400,0.012796651001628799
APO,28,2211,7500,0.012796651001628799
APO,28,2211,7600,0.012796651001628799
APO,28,2211,7700,0.012716356516142818
APO,28,2211,7800,0.012716356516142818
APO,28,2211,7900,0.012716356516142818
APO,28,2211,8000,0.012716356516142818
APO,28,2211,8100,0.012716356516142818
APO,28,2211,8200,0.012716356516142818
APO,28,2211,8300,0.012716356516142818
APO,28,2211,8400,0.012716356516142818
APO,28,2211,8500,0.012716356516142818
APO,28,2211,8600,0.012716356516142818
APO,28,2211,8700,0.012716356516142818
APO,28,2211,8800,0.012716356516142818
APO,28,2211,8900,0.012716356516142818
APO,28,2211,9000,0.012690483688927922
APO,28,2211,9100,0.012690483688927922
APO,28,2211,9200,0.01268707183222855
APO,28,2211,9300,0.01268707183222855
APO,28,2211,9400,0.01268707183222855
APO,28,2211,9500,0.01268707183222855
APO,28,2211,9600,0.01268707183222855
APO,28,2211,9700,0.01268707183222855
APO,28,2211,9800,0.012686686151619083
APO,28,2211,9900,0.012686686151619083
APO,28,2211,10000,0.012686686151619083
APO-wr,28,2211,100,5516.946101048777
APO-wr,28,2211,200,13.927479298124783
APO-wr,28,2211,300,0.06786070664736489
APO-wr,28,2211,400,0.06786070664736489
APO-wr,28,2211,500,0.06786070664736489
APO-wr,28,2211,600,0.013205507280168866
APO-wr,28,2211,700,0.013205507280168866
APO-wr,28,2211,800,0.013205507280168866
APO-wr,28,2211,900,0.013205507280168866
APO-wr,28,2211,1000,0.013205507280168866
APO-wr,28,2211,1100,0.013205507280168866
APO-wr,28,2211,1200,0.013205507280168866
APO-wr,28,2211,1300,0.013205507280168866
APO-wr,28,2211,1400,0.013205507280168866
APO-wr,28,2211,1500,0.013205507280168866
APO-wr,28,2211,1600,0.013205507280168866
APO-wr,28,2211,1700,0.013205507280168866
APO-wr,28,2211,1800,0.013205507280168866
APO-wr,28,2211,1900,0.013205507280168866
APO-wr,28,2211,2000,0.013127526409557713
APO-wr,28,2211,2100,0.013127526409557713
APO-wr,28,2211,2200,0.013127526409557713
APO-wr,28,2211,2300,0.013127526409557713
APO-wr,28,2211,2400,0.013127526409557713
APO-wr,28,2211,2500,0.013127526409557713
APO-wr,28,2211,2600,0.013127526409557713
APO-wr,28,2211,2700,0.013127526409557713
APO-wr,28,2211,2800,0.013127526409557713
APO-wr,28,2211,2900,0.013127526409557713
APO-wr,28,2211,3000,0.013127526409557713
APO-wr,28,2211,3100,0.013127526409557713
APO-wr,28,2211,3200,0.013127526409557713
APO-wr,28,2211,3300,0.013127526409557713
APO-wr,28,2211,3400,0.013127526409557713
APO-wr,28,2211,3500,0.013127526409557713
APO-wr,28,2211,3600,0.013127526409557713
APO-wr,28,2211,3700,0.013127526409557713
APO-wr,28,2211,3800,0.013127526409557713
APO-wr,28,2211,3900,0.013127526409557713
APO-wr,28,2211,4000,0.013127526409557713
APO-wr,28,2211,4100,0.013127526409557713
APO-wr,28,2211,4200,0.0131089550668464
APO-wr,28,2211,4300,0.012944809736746374
APO-wr,28,2211,4400,0.012944809736746374
APO-wr,28,2211,4500,0.012815531881476952
APO-wr,28,2211,4600,0.012815531881476952
APO-wr,28,2211,4700,0.012815531881476952
APO-wr,28,2211,4800,0.012815531881476952
APO-wr,28,2211,4900,0.012815531881476952
APO-wr,28,2211,5000,0.012815531881476952
APO-wr,28,2211,5100,0.012815531881476952
APO-wr,28,2211,5200,0.012815531881476952
APO-wr,28,2211,5300,0.012815531881476952
APO-wr,28,2211,5400,0.012815531881476952
APO-wr,28,2211,5500,0.012815531881476952
APO-wr,28,2211,5600,0.012815531881476952
APO-wr,28,2211,5700,0.012815531881476952
APO-wr,28,2211,5800,0.012815531881476952
APO-wr,28,2211,5900,0.012805579335304853
APO-wr,28,2211,6000,0.012805579335304853
APO-wr,28,2211,6100,0.012805579335304853
APO-wr,28,2211,6200,0.012805579335304853
APO-wr,28,2211,6300,0.012805579335304853
APO-wr,28,2211,6400,0.012805579335304853
APO-wr,28,2211,6500,0.012805579335304853
APO-wr,28,2211,6600,0.012805579335304853
APO-wr,28,2211,6700,0.012805579335304853
APO-wr,28,2211,6800,0.012805579335304853
APO-wr,28,2211,6900,0.012805579335304853
APO-wr,28,2211,7000,0.012805579335304853
APO-wr,28,2211,7100,0.012805579335304853
APO-wr,28,2211,7200,0.012805579335304853
APO-wr,28,2211,7300,0.012805579335304853
APO-wr,28,2211,7400,0.012772601269787773
APO-wr,28,2211,7500,0.012772601269787773
APO-wr,28,2211,7600,0.012772601269787773
APO-wr,28,2211,7700,0.012772601269787773
APO-wr,28,2211,7800,0.012772601269787773
APO-wr,28,2211,7900,0.012772601269787773
APO-wr,28,2211,8000,0.012772601269787773
APO-wr,28,2211,8100,0.012724613832190578
APO-wr,28,2211,8200,0.012724613832190578
APO-wr,28,2211,8300,0.012724613832190578
APO-wr,28,2211,8400,0.0127124801398553
APO-wr,28,2211,8500,0.0127124801398553
APO-wr,28,2211,8600,0.0127124801398553
APO-wr,28,2211,8700,0.0127124801398553
APO-wr,28,2211,8800,0.0127124801398553
APO-wr,28,2211,8900,0.0127124801398553
APO-wr,28,2211,9000,0.0127124801398553
APO-wr,28,2211,9100,0.0127124801398553
APO-wr,28,2211,9200,0.012710812705093435
APO-wr,28,2211,9300,0.012708649321409783
APO-wr,28,2211,9400,0.012707081960256937
APO-wr,28,2211,9500,0.012707081960256937
APO-wr,28,2211,9600,0.012707081960256937
APO-wr,28,2211,9700,0.012707081960256937
APO-wr,28,2211,9800,0.012707081960256937
APO-wr,28,2211,9900,0.012707081960256937
APO-wr,28,2211,10000,0.012707081960256937
APO-DE,28,2211,100,5516.946101048777
APO-DE,28,2211,200,5516.946101048777
APO-DE,28,2211,300,0.0797952715691624
APO-DE,28,2211,400,0.0797952715691624
APO-DE,28,2211,500,0.03633620459234282
APO-DE,28,2211,600,0.029193688269697007
APO-DE,28,2211,700,0.013311437954813723
APO-DE,28,2211,800,0.013311437954813723
APO-DE,28,2211,900,0.013311437954813723
APO-DE,28,2211,1000,0.013311437954813723
APO-DE,28,2211,1100,0.013311437954813723
APO-DE,28,2211,1200,0.013311437954813723
APO-DE,28,2211,1300,0.013311437954813723
APO-DE,28,2211,1400,0.013311437954813723
APO-DE,28,2211,1500,0.013311437954813723
APO-DE,28,2211,1600,0.013311437954813723
APO-DE,28,2211,1700,0.013311437954813723
APO-DE,28,2211,1800,0.013311437954813723
APO-DE,28,2211,1900,0.013311437954813723
APO-DE,28,2211,2000,0.013219328480760939
APO-DE,28,2211,2100,0.013219328480760939
APO-DE,28,2211,2200,0.013219328480760939
APO-DE,28,2211,2300,0.013219328480760939
APO-DE,28,2211,2400,0.013219328480760939
APO-DE,28,2211,2500,0.013219328480760939
APO-DE,28,2211,2600,0.013219328480760939
APO-DE,28,2211,2700,0.013219328480760939
APO-DE,28,2211,2800,0.013219328480760939
APO-DE,28,2211,2900,0.013219328480760939
APO-DE,28,2211,3000,0.013219328480760939
APO-DE,28,2211,3100,0.013186707038623693
APO-DE,28,2211,3200,0.013186707038623693
APO-DE,28,2211,3300,0.013186707038623693
APO-DE,28,2211,3400,0.013186707038623693
APO-DE,28,2211,3500,0.013186707038623693
APO-DE,28,2211,3600,0.013186707038623693
APO-DE,28,2211,3700,0.013186707038623693
APO-DE,28,2211,3800,0.012960362635143255
APO-DE,28,2211,3900,0.012960362635143255
APO-DE,28,2211,4000,0.012960362635143255
APO-DE,28,2211,4100,0.012960362635143255
APO-DE,28,2211,4200,0.012960362635143255
APO-DE,28,2211,4300,0.012960362635143255
APO-DE,28,2211,4400,0.01288155837304427
APO-DE,28,2211,4500,0.01288155837304427
APO-DE,28,2211,4600,0.01288155837304427
APO-DE,28,2211,4700,0.01288155837304427
APO-DE,28,2211,4800,0.01288155837304427
APO-DE,28,2211,4900,0.01288155837304427
APO-DE,28,2211,5000,0.01288155837304427
APO-DE,28,2211,5100,0.01288155837304427
APO-DE,28,2211,5200,0.01288155837304427
APO-DE,28,2211,5300,0.01288155837304427
APO-DE,28,2211,5400,0.01288155837304427
APO-DE,28,2211,5500,0.012881493882525408
APO-DE,28,2211,5600,0.012793104041075731
APO-DE,28,2211,5700,0.012793104041075731
APO-DE,28,2211,5800,0.012793104041075731
APO-DE,28,2211,5900,0.012793104041075731
APO-DE,28,2211,6000,0.012793104041075731
APO-DE,28,2211,6100,0.012793104041075731
APO-DE,28,2211,6200,0.012793104041075731
APO-DE,28,2211,6300,0.012793104041075731
APO-DE,28,2211,6400,0.012793104041075731
APO-DE,28,2211,6500,0.012793104041075731
APO-DE,28,2211,6600,0.012793104041075731
APO-DE,28,2211,6700,0.012793104041075731
APO-DE,28,2211,6800,0.012793104041075731
APO-DE,28,2211,6900,0.012793104041075731
APO-DE,28,2211,7000,0.012793104041075731
APO-DE,28,2211,7100,0.012781837257469212
APO-DE,28,2211,7200,0.012781837257469212
APO-DE,28,2211,7300,0.012781837257469212
APO-DE,28,2211,7400,0.012781837257469212
APO-DE,28,2211,7500,0.012781837257469212
APO-DE,28,2211,7600,0.012781837257469212
APO-DE,28,2211,7700,0.012781837257469212
APO-DE,28,2211,7800,0.012781837257469212
APO-DE,28,2211,7900,0.012781837257469212
APO-DE,28,2211,8000,0.012781837257469212
APO-DE,28,2211,8100,0.012781837257469212
APO-DE,28,2211,8200,0.012781837257469212
APO-DE,28,2211,8300,0.012774825329389108
APO-DE,28,2211,8400,0.012730802768927116
APO-DE,28,2211,8500,0.012730802768927116
APO-DE,28,2211,8600,0.012710208258397497
APO-DE,28,2211,8700,0.012710208258397497
APO-DE,28,2211,8800,0.012710208258397497
APO-DE,28,2211,8900,0.012710208258397497
APO-DE,28,2211,9000,0.012709932369243154
APO-DE,28,2211,9100,0.012709932369243154
APO-DE,28,2211,9200,0.012709228099667716
APO-DE,28,2211,9300,0.012709228099667716
APO-DE,28,2211,9400,0.012709228099667716
APO-DE,28,2211,9500,0.012709228099667716
APO-DE,28,2211,9600,0.012703766179177768
APO-DE,28,2211,9700,0.012700977740113428
APO-DE,28,2211,9800,0.012700977740113428
APO-DE,28,2211,9900,0.012700977740113428
APO-DE,28,2211,10000,0.012700977740113428
APO-LS,28,2211,100,5516.946101048777
APO-LS,28,2211,200,0.14265913584784953
APO-LS,28,2211,300,0.09420951632065806
APO-LS,28,2211,400,0.05593746093555598
APO-LS,28,2211,500,0.04818621955069385
APO-LS,28,2211,600,0.04818621955069385
APO-LS,28,2211,700,0.0312994116909771
APO-LS,28,2211,800,0.02857278612265153
APO-LS,28,2211,900,0.02857278612265153
APO-LS,28,2211,1000,0.01899023766871249
APO-LS,28,2211,1100,0.016966242998577352
APO-LS,28,2211,1200,0.013208003244400622
APO-LS,28,2211,1300,0.013208003244400622
APO-LS,28,2211,1400,0.013208003244400622
APO-LS,28,2211,1500,0.013208003244400622
APO-LS,28,2211,1600,0.013208003244400622
APO-LS,28,2211,1700,0.013208003244400622
APO-LS,28,2211,1800,0.013208003244400622
APO-LS,28,2211,1900,0.013208003244400622
APO-LS,28,2211,2000,0.013208003244400622
APO-LS,28,2211,2100,0.013208003244400622
APO-LS,28,2211,2200,0.013208003244400622
APO-LS,28,2211,2300,0.013208003244400622
APO-LS,28,2211,2400,0.013208003244400622
APO-LS,28,2211,2500,0.013208003244400622
APO-LS,28,2211,2600,0.013208003244400622
APO-LS,28,2211,2700,0.013208003244400622
APO-LS,28,2211,2800,0.013208003244400622
APO-LS,28,2211,2900,0.013208003244400622
APO-LS,28,2211,3000,0.013208003244400622
APO-LS,28,2211,3100,0.013208003244400622
APO-LS,28,2211,3200,0.013208003244400622
APO-LS,28,2211,3300,0.013208003244400622
APO-LS,28,2211,3400,0.013208003244400622
APO-LS,28,2211,3500,0.013208003244400622
APO-LS,28,2211,3600,0.013208003244400622
APO-LS,28,2211,3700,0.013208003244400622
APO-LS,28,2211,3800,0.013208003244400622
APO-LS,28,2211,3900,0.013208003244400622
APO-LS,28,2211,4000,0.013208003244400622
APO-LS,28,2211,4100,0.013127439977326957
APO-LS,28,2211,4200,0.013127439977326957
APO-LS,28,2211,4300,0.013127439977326957
APO-LS,28,2211,4400,0.013127439977326957
APO-LS,28,2211,4500,0.013127439977326957
APO-LS,28,2211,4600,0.013127439977326957
APO-LS,28,2211,4700,0.013127439977326957
APO-LS,28,2211,4800,0.013127439977326957
APO-LS,28,2211,4900,0.013127439977326957
APO-LS,28,2211,5000,0.013127439977326957
APO-LS,28,2211,5100,0.013127439977326957
APO-LS,28,2211,5200,0.013062549855083433
APO-LS,28,2211,5300,0.013062549855083433
APO-LS,28,2211,5400,0.013062549855083433
APO-LS,28,2211,5500,0.013062549855083433
APO-LS,28,2211,5600,0.013062549855083433
APO-LS,28,2211,5700,0.013062549855083433
APO-LS,28,2211,5800,0.013062549855083433
APO-LS,28,2211,5900,0.013062549855083433
APO-LS,28,2211,6000,0.013062549855083433
APO-LS,28,2211,6100,0.013062549855083433
APO-LS,28,2211,6200,0.013062549855083433
APO-LS,28,2211,6300,0.013062549855083433
APO-LS,28,2211,6400,0.013062549855083433
APO-LS,28,2211,6500,0.012964429069507967
APO-LS,28,2211,6600,0.012964429069507967
APO-LS,28,2211,6700,0.012964429069507967
APO-LS,28,2211,6800,0.012964429069507967
APO-LS,28,2211,6900,0.012964429069507967
APO-LS,28,2211,7000,0.012964429069507967
APO-LS,28,2211,7100,0.012964429069507967
APO-LS,28,2211,7200,0.012964429069507967
APO-LS,28,2211,7300,0.012964429069507967
APO-LS,28,2211,7400,0.012964429069507967
APO-LS,28,2211,7500,0.012964429069507967
APO-LS,28,2211,7600,0.012881427938981876
APO-LS,28,2211,7700,0.012881427938981876
APO-LS,28,2211,7800,0.012881427938981876
APO-LS,28,2211,7900,0.012881427938981876
APO-LS,28,2211,8000,0.012881427938981876
APO-LS,28,2211,8100,0.012881427938981876
APO-LS,28,2211,8200,0.012881427938981876
APO-LS,28,2211,8300,0.012881427938981876
APO-LS,28,2211,8400,0.01286980399722242
APO-LS,28,2211,8500,0.01286980399722242
APO-LS,28,2211,8600,0.01286980399722242
APO-LS,28,2211,8700,0.01286980399722242
APO-LS,28,2211,8800,0.01286980399722242
APO-LS,28,2211,8900,0.01286980399722242
APO-LS,28,2211,9000,0.01286980399722242
APO-LS,28,2211,9100,0.01286980399722242
APO-LS,28,2211,9200,0.01286980399722242
APO-LS,28,2211,9300,0.01286980399722242
APO-LS,28,2211,9400,0.01286980399722242
APO-LS,28,2211,9500,0.01286980399722242
APO-LS,28,2211,9600,0.01286980399722242
APO-LS,28,2211,9700,0.01286980399722242
APO-LS,28,2211,9800,0.012867802853880431
APO-LS,28,2211,9900,0.012867802853880431
APO-LS,28,2211,10000,0.012867802853880431
APO-PSO,28,2211,100,5516.946101048777
APO-PSO,28,2211,200,5516.946101048777
APO-PSO,28,2211,300,0.06555953702117816
APO-PSO,28,2211,400,0.013439495807177982
APO-PSO,28,2211,500,0.013311604425340707
APO-PSO,28,2211,600,0.013311604425340707
APO-PSO,28,2211,700,0.013311604425340707
APO-PSO,28,2211,800,0.013311604425340707
APO-PSO,28,2211,900,0.013311604425340707
APO-PSO,28,2211,1000,0.013273224783163258
APO-PSO,28,2211,1100,0.013273224783163258
APO-PSO,28,2211,1200,0.013273224783163258
APO-PSO,28,2211,1300,0.013225075355385623
APO-PSO,28,2211,1400,0.013225075355385623
APO-PSO,28,2211,1500,0.013225075355385623
APO-PSO,28,2211,1600,0.013225075355385623
APO-PSO,28,2211,1700,0.013225075355385623
APO-PSO,28,2211,1800,0.013225075355385623
APO-PSO,28,2211,1900,0.013225075355385623
APO-PSO,28,2211,2000,0.013039998946228173
APO-PSO,28,2211,2100,0.013039998946228173
APO-PSO,28,2211,2200,0.013039998946228173
APO-PSO,28,2211,2300,0.012819967195703899
APO-PSO,28,2211,2400,0.012819967195703899
APO-PSO,28,2211,2500,0.012819967195703899
APO-PSO,28,2211,2600,0.012819967195703899
APO-PSO,28,2211,2700,0.012819967195703899
APO-PSO,28,2211,2800,0.012819967195703899
APO-PSO,28,2211,2900,0.012819967195703899
APO-PSO,28,2211,3000,0.012819967195703899
APO-PSO,28,2211,3100,0.012819967195703899
APO-PSO,28,2211,3200,0.012819967195703899
APO-PSO,28,2211,3300,0.012819967195703899
APO-PSO,28,2211,3400,0.012819967195703899
APO-PSO,28,2211,3500,0.012819967195703899
APO-PSO,28,2211,3600,0.012819967195703899
APO-PSO,28,2211,3700,0.012819967195703899
APO-PSO,28,2211,3800,0.012819967195703899
APO-PSO,28,2211,3900,0.012819967195703899
APO-PSO,28,2211,4000,0.012819967195703899
APO-PSO,28,2211,4100,0.012819967195703899
APO-PSO,28,2211,4200,0.012819967195703899
APO-PSO,28,2211,4300,0.012819967195703899
APO-PSO,28,2211,4400,0.012819967195703899
APO-PSO,28,2211,4500,0.012819967195703899
APO-PSO,28,2211,4600,0.012819967195703899
APO-PSO,28,2211,4700,0.012819967195703899
APO-PSO,28,2211,4800,0.012819967195703899
APO-PSO,28,2211,4900,0.012819967195703899
APO-PSO,28,2211,5000,0.012819967195703899
APO-PSO,28,2211,5100,0.012819967195703899
APO-PSO,28,2211,5200,0.012819967195703899
APO-PSO,28,2211,5300,0.012819967195703899
APO-PSO,28,2211,5400,0.012819967195703899
APO-PSO,28,2211,5500,0.012819967195703899
APO-PSO,28,2211,5600,0.012819967195703899
APO-PSO,28,2211,5700,0.012819967195703899
APO-PSO,28,2211,5800,0.012819967195703899
APO-PSO,28,2211,5900,0.012816802444529046
APO-PSO,28,2211,6000,0.012816802444529046
APO-PSO,28,2211,6100,0.012816802444529046
APO-PSO,28,2211,6200,0.012816802444529046
APO-PSO,28,2211,6300,0.012816802444529046
APO-PSO,28,2211,6400,0.012816802444529046
APO-PSO,28,2211,6500,0.012816802444529046
APO-PSO,28,2211,6600,0.012816802444529046
APO-PSO,28,2211,6700,0.012816802444529046
APO-PSO,28,2211,6800,0.012816802444529046
APO-PSO,28,2211,6900,0.012816802444529046
APO-PSO,28,2211,7000,0.012816802444529046
APO-PSO,28,2211,7100,0.012816802444529046
APO-PSO,28,2211,7200,0.012816802444529046
APO-PSO,28,2211,7300,0.012816311572587794
APO-PSO,28,2211,7400,0.012816311572587794
APO-PSO,28,2211,7500,0.012783446540933144
APO-PSO,28,2211,7600,0.012783446540933144
APO-PSO,28,2211,7700,0.012783446540933144
APO-PSO,28,2211,7800,0.012783446540933144
APO-PSO,28,2211,7900,0.012783446540933144
APO-PSO,28,2211,8000,0.012783446540933144
APO-PSO,28,2211,8100,0.01278067833544251
APO-PSO,28,2211,8200,0.012778811570969122
APO-PSO,28,2211,8300,0.012778811570969122
APO-PSO,28,2211,8400,0.012778811570969122
APO-PSO,28,2211,8500,0.012745190030273952
APO-PSO,28,2211,8600,0.012745190030273952
APO-PSO,28,2211,8700,0.012745190030273952
APO-PSO,28,2211,8800,0.012744932294003818
APO-PSO,28,2211,8900,0.012744932294003818
APO-PSO,28,2211,9000,0.012744932294003818
APO-PSO,28,2211,9100,0.012744932294003818
APO-PSO,28,2211,9200,0.012744932294003818
APO-PSO,28,2211,9300,0.012744932294003818
APO-PSO,28,2211,9400,0.012742226162797271
APO-PSO,28,2211,9500,0.012740610269044318
APO-PSO,28,2211,9600,0.012740610269044318
APO-PSO,28,2211,9700,0.012739074973560598
APO-PSO,28,2211,9800,0.012737499352354388
APO-PSO,28,2211,9900,0.012737499352354388
APO-PSO,28,2211,10000,0.01273749109598252
APO-wr-DE,28,2211,100,5516.946101048777
APO-wr-DE,28,2211,200,5516.946101048777
APO-wr-DE,28,2211,300,0.07893028766341179
APO-wr-DE,28,2211,400,0.07893028766341179
APO-wr-DE,28,2211,500,0.013324807472258766
APO-wr-DE,28,2211,600,0.013324807472258766
APO-wr-DE,28,2211,700,0.013324807472258766
APO-wr-DE,28,2211,800,0.013324807472258766
APO-wr-DE,28,2211,900,0.013324807472258766
APO-wr-DE,28,2211,1000,0.013324807472258766
APO-wr-DE,28,2211,1100,0.013180957403064268
APO-wr-DE,28,2211,1200,0.013180957403064268
APO-wr-DE,28,2211,1300,0.013180957403064268
APO-wr-DE,28,2211,1400,0.013180957403064268
APO-wr-DE,28,2211,1500,0.013180957403064268
APO-wr-DE,28,2211,1600,0.013180957403064268
APO-wr-DE,28,2211,1700,0.013180957403064268
APO-wr-DE,28,2211,1800,0.013180957403064268
APO-wr-DE,28,2211,1900,0.013180957403064268
APO-wr-DE,28,2211,2000,0.013158343912314003
APO-wr-DE,28,2211,2100,0.01314662725323285
APO-wr-DE,28,2211,2200,0.01314662725323285
APO-wr-DE,28,2211,2300,0.01314662725323285
APO-wr-DE,28,2211,2400,0.01314662725323285
APO-wr-DE,28,2211,2500,0.01314662725323285
APO-wr-DE,28,2211,2600,0.01314662725323285
APO-wr-DE,28,2211,2700,0.012952860908170905
APO-wr-DE,28,2211,2800,0.012952860908170905
APO-wr-DE,28,2211,2900,0.012952860908170905
APO-wr-DE,28,2211,3000,0.012952860908170905
APO-wr-DE,28,2211,3100,0.012952860908170905
APO-wr-DE,28,2211,3200,0.012952860908170905
APO-wr-DE,28,2211,3300,0.012803661151374091
APO-wr-DE,28,2211,3400,0.012803661151374091
APO-wr-DE,28,2211,3500,0.012803661151374091
APO-wr-DE,28,2211,3600,0.012803661151374091
APO-wr-DE,28,2211,3700,0.012803661151374091
APO-wr-DE,28,2211,3800,0.012803661151374091
APO-wr-DE,28,2211,3900,0.012803661151374091
APO-wr-DE,28,2211,4000,0.012803661151374091
APO-wr-DE,28,2211,4100,0.012803661151374091
APO-wr-DE,28,2211,4200,0.012803661151374091
APO-wr-DE,28,2211,4300,0.012803661151374091
APO-wr-DE,28,2211,4400,0.012803661151374091
APO-wr-DE,28,2211,4500,0.012803661151374091
APO-wr-DE,28,2211,4600,0.012803661151374091
APO-wr-DE,28,2211,4700,0.012803661151374091
APO-wr-DE,28,2211,4800,0.012803661151374091
APO-wr-DE,28,2211,4900,0.012803661151374091
APO-wr-DE,28,2211,5000,0.012803661151374091
APO-wr-DE,28,2211,5100,0.012803661151374091
APO-wr-DE,28,2211,5200,0.012803661151374091
APO-wr-DE,28,2211,5300,0.012803661151374091
APO-wr-DE,28,2211,5400,0.012803661151374091
APO-wr-DE,28,2211,5500,0.012803661151374091
APO-wr-DE,28,2211,5600,0.012803661151374091
APO-wr-DE,28,2211,5700,0.012803661151374091
APO-wr-DE,28,2211,5800,0.012803661151374091
APO-wr-DE,28,2211,5900,0.012803661151374091
APO-wr-DE,28,2211,6000,0.012803661151374091
APO-wr-DE,28,2211,6100,0.012803661151374091
APO-wr-DE,28,2211,6200,0.012803661151374091
APO-wr-DE,28,2211,6300,0.012728096045324188
APO-wr-DE,28,2211,6400,0.012728096045324188
APO-wr-DE,28,2211,6500,0.012728096045324188
APO-wr-DE,28,2211,6600,0.012728096045324188
APO-wr-DE,28,2211,6700,0.012728096045324188
APO-wr-DE,28,2211,6800,0.012728096045324188
APO-wr-DE,28,2211,6900,0.012728096045324188
APO-wr-DE,28,2211,7000,0.012728096045324188
APO-wr-DE,28,2211,7100,0.012728096045324188
APO-wr-DE,28,2211,7200,0.012728096045324188
APO-wr-DE,28,2211,7300,0.012728096045324188
APO-wr-DE,28,2211,7400,0.012728096045324188
APO-wr-DE,28,2211,7500,0.012728096045324188
APO-wr-DE,28,2211,7600,0.012728096045324188
APO-wr-DE,28,2211,7700,0.012728096045324188
APO-wr-DE,28,2211,7800,0.012728096045324188
APO-wr-DE,28,2211,7900,0.012728096045324188
APO-wr-DE,28,2211,8000,0.012728096045324188
APO-wr-DE,28,2211,8100,0.012728096045324188
APO-wr-DE,28,2211,8200,0.012728096045324188
APO-wr-DE,28,2211,8300,0.012728096045324188
APO-wr-DE,28,2211,8400,0.012728096045324188
APO-wr-DE,28,2211,8500,0.012728096045324188
APO-wr-DE,28,2211,8600,0.012728096045324188
APO-wr-DE,28,2211,8700,0.012728096045324188
APO-wr-DE,28,2211,8800,0.012728096045324188
APO-wr-DE,28,2211,8900,0.012728096045324188
APO-wr-DE,28,2211,9000,0.012728019013552022
APO-wr-DE,28,2211,9100,0.012716446078442868
APO-wr-DE,28,2211,9200,0.012716446078442868
APO-wr-DE,28,2211,9300,0.012716446078442868
APO-wr-DE,28,2211,9400,0.012716446078442868
APO-wr-DE,28,2211,9500,0.012695079649583323
APO-wr-DE,28,2211,9600,0.012695079649583323
APO-wr-DE,28,2211,9700,0.012695079649583323
APO-wr-DE,28,2211,9800,0.012695079649583323
APO-wr-DE,28,2211,9900,0.012694961297396994
APO-wr-DE,28,2211,10000,0.01269489218775723
APO-wr-LS,28,2211,100,5516.946101048777
APO-wr-LS,28,2211,200,0.14265913584784953
APO-wr-LS,28,2211,300,0.09167604765604767
APO-wr-LS,28,2211,400,0.09167604765604767
APO-wr-LS,28,2211,500,0.031903499087174
APO-wr-LS,28,2211,600,0.031903499087174
APO-wr-LS,28,2211,700,0.01633234494584809
APO-wr-LS,28,2211,800,0.013211869258783808
APO-wr-LS,28,2211,900,0.013211869258783808
APO-wr-LS,28,2211,1000,0.013211869258783808
APO-wr-LS,28,2211,1100,0.013211869258783808
APO-wr-LS,28,2211,1200,0.013211869258783808
APO-wr-LS,28,2211,1300,0.013211869258783808
APO-wr-LS,28,2211,1400,0.013211869258783808
APO-wr-LS,28,2211,1500,0.013211869258783808
APO-wr-LS,28,2211,1600,0.013211869258783808
APO-wr-LS,28,2211,1700,0.013211869258783808
APO-wr-LS,28,2211,1800,0.013131496858911242
APO-wr-LS,28,2211,1900,0.013131496858911242
APO-wr-LS,28,2211,2000,0.013131496858911242
APO-wr-LS,28,2211,2100,0.013131496858911242
APO-wr-LS,28,2211,2200,0.013131496858911242
APO-wr-LS,28,2211,2300,0.013131496858911242
APO-wr-LS,28,2211,2400,0.013131496858911242
APO-wr-LS,28,2211,2500,0.013131496858911242
APO-wr-LS,28,2211,2600,0.013131496858911242
APO-wr-LS,28,2211,2700,0.013131496858911242
APO-wr-LS,28,2211,2800,0.013131496858911242
APO-wr-LS,28,2211,2900,0.013131496858911242
APO-wr-LS,28,2211,3000,0.013131496858911242
APO-wr-LS,28,2211,3100,0.013131496858911242
APO-wr-LS,28,2211,3200,0.013131496858911242
APO-wr-LS,28,2211,3300,0.013131496858911242
APO-wr-LS,28,2211,3400,0.013131496858911242
APO-wr-LS,28,2211,3500,0.013131496858911242
APO-wr-LS,28,2211,3600,0.013131496858911242
APO-wr-LS,28,2211,3700,0.013131496858911242
APO-wr-LS,28,2211,3800,0.013131496858911242
APO-wr-LS,28,2211,3900,0.013131496858911242
APO-wr-LS,28,2211,4000,0.013131496858911242
APO-wr-LS,28,2211,4100,0.013046895382749626
APO-wr-LS,28,2211,4200,0.013046895382749626
APO-wr-LS,28,2211,4300,0.012760472090706507
APO-wr-LS,28,2211,4400,0.012760472090706507
APO-wr-LS,28,2211,4500,0.012760472090706507
APO-wr-LS,28,2211,4600,0.012760472090706507
APO-wr-LS,28,2211,4700,0.012760472090706507
APO-wr-LS,28,2211,4800,0.012760472090706507
APO-wr-LS,28,2211,4900,0.012760472090706507
APO-wr-LS,28,2211,5000,0.012760472090706507
APO-wr-LS,28,2211,5100,0.012760472090706507
APO-wr-LS,28,2211,5200,0.012760472090706507
APO-wr-LS,28,2211,5300,0.012760472090706507
APO-wr-LS,28,2211,5400,0.012760472090706507
APO-wr-LS,28,2211,5500,0.012760472090706507
APO-wr-LS,28,2211,5600,0.012760472090706507
APO-wr-LS,28,2211,5700,0.012760472090706507
APO-wr-LS,28,2211,5800,0.012760472090706507
APO-wr-LS,28,2211,5900,0.012760472090706507
APO-wr-LS,28,2211,6000,0.012760472090706507
APO-wr-LS,28,2211,6100,0.012760472090706507
APO-wr-LS,28,2211,6200,0.012760472090706507
APO-wr-LS,28,2211,6300,0.012760472090706507
APO-wr-LS,28,2211,6400,0.012760472090706507
APO-wr-LS,28,2211,6500,0.012760472090706507
APO-wr-LS,28,2211,6600,0.012760472090706507
APO-wr-LS,28,2211,6700,0.012760472090706507
APO-wr-LS,28,2211,6800,0.012760472090706507
APO-wr-LS,28,2211,6900,0.012760472090706507
APO-wr-LS,28,2211,7000,0.012760472090706507
APO-wr-LS,28,2211,7100,0.012760472090706507
APO-wr-LS,28,2211,7200,0.012760472090706507
APO-wr-LS,28,2211,7300,0.012760472090706507
APO-wr-LS,28,2211,7400,0.012757514435848773
APO-wr-LS,28,2211,7500,0.012757514435848773
APO-wr-LS,28,2211,7600,0.012702453783612115
APO-wr-LS,28,2211,7700,0.012702453783612115
APO-wr-LS,28,2211,7800,0.012702453783612115
APO-wr-LS,28,2211,7900,0.012702453783612115
APO-wr-LS,28,2211,8000,0.012702453783612115
APO-wr-LS,28,2211,8100,0.012702453783612115
APO-wr-LS,28,2211,8200,0.012702453783612115
APO-wr-LS,28,2211,8300,0.012702453783612115
APO-wr-LS,28,2211,8400,0.012702453783612115
APO-wr-LS,28,2211,8500,0.012702453783612115
APO-wr-LS,28,2211,8600,0.012702453783612115
APO-wr-LS,28,2211,8700,0.012702453783612115
APO-wr-LS,28,2211,8800,0.012702453783612115
APO-wr-LS,28,2211,8900,0.012702453783612115
APO-wr-LS,28,2211,9000,0.012702453783612115
APO-wr-LS,28,2211,9100,0.012702453783612115
APO-wr-LS,28,2211,9200,0.012702453783612115
APO-wr-LS,28,2211,9300,0.012702278386932152
APO-wr-LS,28,2211,9400,0.012702278386932152
APO-wr-LS,28,2211,9500,0.012696217979520764
APO-wr-LS,28,2211,9600,0.012690663588596378
APO-wr-LS,28,2211,9700,0.012690663588596378
APO-wr-LS,28,2211,9800,0.012690663588596378
APO-wr-LS,28,2211,9900,0.012690663588596378
APO-wr-LS,28,2211,10000,0.012690663588596378
APO-wr-PSO,28,2211,100,5516.946101048777
APO-wr-PSO,28,2211,200,5516.946101048777
APO-wr-PSO,28,2211,300,0.06555953702117816
APO-wr-PSO,28,2211,400,0.04359930782526052
APO-wr-PSO,28,2211,500,0.024581426471657928
APO-wr-PSO,28,2211,600,0.013439495807177982
APO-wr-PSO,28,2211,700,0.013323683893698177
APO-wr-PSO,28,2211,800,0.013323683893698177
APO-wr-PSO,28,2211,900,0.013323683893698177
APO-wr-PSO,28,2211,1000,0.013323683893698177
APO-wr-PSO,28,2211,1100,0.013323683893698177
APO-wr-PSO,28,2211,1200,0.013323683893698177
APO-wr-PSO,28,2211,1300,0.013295245233319935
APO-wr-PSO,28,2211,1400,0.013295245233319935
APO-wr-PSO,28,2211,1500,0.013214215675447399
APO-wr-PSO,28,2211,1600,0.012962742303514808
APO-wr-PSO,28,2211,1700,0.012962742303514808
APO-wr-PSO,28,2211,1800,0.012962742303514808
APO-wr-PSO,28,2211,1900,0.012962742303514808
APO-wr-PSO,28,2211,2000,0.012962742303514808
APO-wr-PSO,28,2211,2100,0.012962742303514808
APO-wr-PSO,28,2211,2200,0.012962742303514808
APO-wr-PSO,28,2211,2300,0.012962742303514808
APO-wr-PSO,28,2211,2400,0.012962742303514808
APO-wr-PSO,28,2211,2500,0.012962742303514808
APO-wr-PSO,28,2211,2600,0.012962742303514808
APO-wr-PSO,28,2211,2700,0.012962742303514808
APO-wr-PSO,28,2211,2800,0.012962742303514808
APO-wr-PSO,28,2211,2900,0.012962742303514808
APO-wr-PSO,28,2211,3000,0.012962742303514808
APO-wr-PSO,28,2211,3100,0.012962742303514808
APO-wr-PSO,28,2211,3200,0.012962742303514808
APO-wr-PSO,28,2211,3300,0.012962742303514808
APO-wr-PSO,28,2211,3400,0.012962742303514808
APO-wr-PSO,28,2211,3500,0.012962742303514808
APO-wr-PSO,28,2211,3600,0.012962742303514808
APO-wr-PSO,28,2211,3700,0.012962742303514808
APO-wr-PSO,28,2211,3800,0.012962742303514808
APO-wr-PSO,28,2211,3900,0.012962742303514808
APO-wr-PSO,28,2211,4000,0.012962742303514808
APO-wr-PSO,28,2211,4100,0.012962742303514808
APO-wr-PSO,28,2211,4200,0.012962742303514808
APO-wr-PSO,28,2211,4300,0.012962742303514808
APO-wr-PSO,28,2211,4400,0.012962742303514808
APO-wr-PSO,28,2211,4500,0.012962742303514808
APO-wr-PSO,28,2211,4600,0.012962742303514808
APO-wr-PSO,28,2211,4700,0.012962742303514808
APO-wr-PSO,28,2211,4800,0.012962742303514808
APO-wr-PSO,28,2211,4900,0.012962742303514808
APO-wr-PSO,28,2211,5000,0.012962742303514808
APO-wr-PSO,28,2211,5100,0.012962742303514808
APO-wr-PSO,28,2211,5200,0.012935255634259684
APO-wr-PSO,28,2211,5300,0.012935255634259684
APO-wr-PSO,28,2211,5400,0.012935255634259684
APO-wr-PSO,28,2211,5500,0.01278309371147632
APO-wr-PSO,28,2211,5600,0.01278309371147632
APO-wr-PSO,28,2211,5700,0.01278309371147632
APO-wr-PSO,28,2211,5800,0.01278309371147632
APO-wr-PSO,28,2211,5900,0.01278309371147632
APO-wr-PSO,28,2211,6000,0.01278309371147632
APO-wr-PSO,28,2211,6100,0.01278309371147632
APO-wr-PSO,28,2211,6200,0.01278309371147632
APO-wr-PSO,28,2211,6300,0.01278309371147632
APO-wr-PSO,28,2211,6400,0.01278309371147632
APO-wr-PSO,28,2211,6500,0.01278309371147632
APO-wr-PSO,28,2211,6600,0.01278309371147632
APO-wr-PSO,28,2211,6700,0.01278309371147632
APO-wr-PSO,28,2211,6800,0.01278309371147632
APO-wr-PSO,28,2211,6900,0.01278309371147632
APO-wr-PSO,28,2211,7000,0.01278309371147632
APO-wr-PSO,28,2211,7100,0.01278309371147632
APO-wr-PSO,28,2211,7200,0.01278309371147632
APO-wr-PSO,28,2211,7300,0.01278309371147632
APO-wr-PSO,28,2211,7400,0.01278309371147632
APO-wr-PSO,28,2211,7500,0.01278309371147632
APO-wr-PSO,28,2211,7600,0.01278309371147632
APO-wr-PSO,28,2211,7700,0.01278309371147632
APO-wr-PSO,28,2211,7800,0.01278309371147632
APO-wr-PSO,28,2211,7900,0.012764781374454198
APO-wr-PSO,28,2211,8000,0.012764781374454198
APO-wr-PSO,28,2211,8100,0.012764781374454198
APO-wr-PSO,28,2211,8200,0.012764781374454198
APO-wr-PSO,28,2211,8300,0.012764781374454198
APO-wr-PSO,28,2211,8400,0.012764781374454198
APO-wr-PSO,28,2211,8500,0.012764781374454198
APO-wr-PSO,28,2211,8600,0.012764781374454198
APO-wr-PSO,28,2211,8700,0.012764781374454198
APO-wr-PSO,28,2211,8800,0.012764781374454198
APO-wr-PSO,28,2211,8900,0.012764781374454198
APO-wr-PSO,28,2211,9000,0.012764781374454198
APO-wr-PSO,28,2211,9100,0.012764781374454198
APO-wr-PSO,28,2211,9200,0.012764781374454198
APO-wr-PSO,28,2211,9300,0.012723396295625022
APO-wr-PSO,28,2211,9400,0.012723396295625022
APO-wr-PSO,28,2211,9500,0.012723396295625022
APO-wr-PSO,28,2211,9600,0.012723396295625022
APO-wr-PSO,28,2211,9700,0.012723396295625022
APO-wr-PSO,28,2211,9800,0.012723396295625022
APO-wr-PSO,28,2211,9900,0.012723396295625022
APO-wr-PSO,28,2211,10000,0.012723396295625022
APO,29,2218,100,0.02657047044780833
APO,29,2218,200,0.02657047044780833
APO,29,2218,300,0.02657047044780833
APO,29,2218,400,0.02657047044780833
APO,29,2218,500,0.02657047044780833
APO,29,2218,600,0.02657047044780833
APO,29,2218,700,0.02657047044780833
APO,29,2218,800,0.013184531049960651
APO,29,2218,900,0.013110007937856919
APO,29,2218,1000,0.013047026409823515
APO,29,2218,1100,0.013047026409823515
APO,29,2218,1200,0.013047026409823515
APO,29,2218,1300,0.013047026409823515
APO,29,2218,1400,0.013047026409823515
APO,29,2218,1500,0.013047026409823515
APO,29,2218,1600,0.013047026409823515
APO,29,2218,1700,0.013047026409823515
APO,29,2218,1800,0.013047026409823515
APO,29,2218,1900,0.013047026409823515
APO,29,2218,2000,0.013047026409823515
APO,29,2218,2100,0.013047026409823515
APO,29,2218,2200,0.013033742215127306
APO,29,2218,2300,0.013029460310165233
APO,29,2218,2400,0.013029460310165233
APO,29,2218,2500,0.013029460310165233
APO,29,2218,2600,0.013029460310165233
APO,29,2218,2700,0.013029460310165233
APO,29,2218,2800,0.013029460310165233
APO,29,2218,2900,0.012966913756796126
APO,29,2218,3000,0.012966913756796126
APO,29,2218,3100,0.012966913756796126
APO,29,2218,3200,0.012966913756796126
APO,29,2218,3300,0.012966913756796126
APO,29,2218,3400,0.012966913756796126
APO,29,2218,3500,0.012966913756796126
APO,29,2218,3600,0.012966913756796126
APO,29,2218,3700,0.012966913756796126
APO,29,2218,3800,0.012966913756796126
APO,29,2218,3900,0.012966913756796126
APO,29,2218,4000,0.012966913756796126
APO,29,2218,4100,0.012966913756796126
APO,29,2218,4200,0.012966913756796126
APO,29,2218,4300,0.012966913756796126
APO,29,2218,4400,0.012966913756796126
APO,29,2218,4500,0.012966913756796126
APO,29,2218,4600,0.012966913756796126
APO,29,2218,4700,0.012966913756796126
APO,29,2218,4800,0.012966913756796126
APO,29,2218,4900,0.012966913756796126
APO,29,2218,5000,0.012966913756796126
APO,29,2218,5100,0.012966913756796126
APO,29,2218,5200,0.012966913756796126
APO,29,2218,5300,0.012966913756796126
APO,29,2218,5400,0.012966913756796126
APO,29,2218,5500,0.012966913756796126
APO,29,2218,5600,0.012966913756796126
APO,29,2218,5700,0.012905123632842236
APO,29,2218,5800,0.012905123632842236
APO,29,2218,5900,0.012905123632842236
APO,29,2218,6000,0.012905123632842236
APO,29,2218,6100,0.012905123632842236
APO,29,2218,6200,0.012905123632842236
APO,29,2218,6300,0.012905123632842236
APO,29,2218,6400,0.012905123632842236
APO,29,2218,6500,0.012905123632842236
APO,29,2218,6600,0.012905123632842236
APO,29,2218,6700,0.012905123632842236
APO,29,2218,6800,0.012905123632842236
APO,29,2218,6900,0.012897990418245514
APO,29,2218,7000,0.012888199758667472
APO,29,2218,7100,0.012888199758667472
APO,29,2218,7200,0.012859517465700417
APO,29,2218,7300,0.012859517465700417
APO,29,2218,7400,0.012859517465700417
APO,29,2218,7500,0.012859517465700417
APO,29,2218,7600,0.012859517465700417
APO,29,2218,7700,0.012831734231764395
APO,29,2218,7800,0.012831734231764395
APO,29,2218,7900,0.012831734231764395
APO,29,2218,8000,0.012831734231764395
APO,29,2218,8100,0.012831734231764395
APO,29,2218,8200,0.012831734231764395
APO,29,2218,8300,0.012831734231764395
APO,29,2218,8400,0.012831734231764395
APO,29,2218,8500,0.012831734231764395
APO,29,2218,8600,0.012795554231157243
APO,29,2218,8700,0.012795554231157243
APO,29,2218,8800,0.012795554231157243
APO,29,2218,8900,0.012795554231157243
APO,29,2218,9000,0.012795554231157243
APO,29,2218,9100,0.012795554231157243
APO,29,2218,9200,0.012795554231157243
APO,29,2218,9300,0.012769716922870652
APO,29,2218,9400,0.012769716922870652
APO,29,2218,9500,0.012769716922870652
APO,29,2218,9600,0.012769716922870652
APO,29,2218,9700,0.012769204057651397
APO,29,2218,9800,0.012769204057651397
APO,29,2218,9900,0.012768597202014058
APO,29,2218,10000,0.012768597202014058
APO-wr,29,2218,100,0.02657047044780833
APO-wr,29,2218,200,0.02657047044780833
APO-wr,29,2218,300,0.02657047044780833
APO-wr,29,2218,400,0.02657047044780833
APO-wr,29,2218,500,0.02657047044780833
APO-wr,29,2218,600,0.02657047044780833
APO-wr,29,2218,700,0.02657047044780833
APO-wr,29,2218,800,0.02657047044780833
APO-wr,29,2218,900,0.016521835248139653
APO-wr,29,2218,1000,0.013332630968906814
APO-wr,29,2218,1100,0.013332630968906814
APO-wr,29,2218,1200,0.013332630968906814
APO-wr,29,2218,1300,0.013332630968906814
APO-wr,29,2218,1400,0.013332630968906814
APO-wr,29,2218,1500,0.013332630968906814
APO-wr,29,2218,1600,0.013332630968906814
APO-wr,29,2218,1700,0.013332630968906814
APO-wr,29,2218,1800,0.013332630968906814
APO-wr,29,2218,1900,0.013332630968906814
APO-wr,29,2218,2000,0.013318347450586052
APO-wr,29,2218,2100,0.013318347450586052
APO-wr,29,2218,2200,0.013287126688765654
APO-wr,29,2218,2300,0.013287126688765654
APO-wr,29,2218,2400,0.013287126688765654
APO-wr,29,2218,2500,0.013287126688765654
APO-wr,29,2218,2600,0.013287126688765654
APO-wr,29,2218,2700,0.013287126688765654
APO-wr,29,2218,2800,0.013287126688765654
APO-wr,29,2218,2900,0.012987653559784849
APO-wr,29,2218,3000,0.012987653559784849
APO-wr,29,2218,3100,0.012987653559784849
APO-wr,29,2218,3200,0.012987653559784849
APO-wr,29,2218,3300,0.012987653559784849
APO-wr,29,2218,3400,0.012987653559784849
APO-wr,29,2218,3500,0.012987653559784849
APO-wr,29,2218,3600,0.012987653559784849
APO-wr,29,2218,3700,0.012987653559784849
APO-wr,29,2218,3800,0.012987653559784849
APO-wr,29,2218,3900,0.012987653559784849
APO-wr,29,2218,4000,0.012987653559784849
APO-wr,29,2218,4100,0.012987653559784849
APO-wr,29,2218,4200,0.012987653559784849
APO-wr,29,2218,4300,0.012987653559784849
APO-wr,29,2218,4400,0.012987653559784849
APO-wr,29,2218,4500,0.012987653559784849
APO-wr,29,2218,4600,0.012942307262726835
APO-wr,29,2218,4700,0.012942307262726835
APO-wr,29,2218,4800,0.012934412594265214
APO-wr,29,2218,4900,0.012867588303865894
APO-wr,29,2218,5000,0.012867588303865894
APO-wr,29,2218,5100,0.012867588303865894
APO-wr,29,2218,5200,0.012867588303865894
APO-wr,29,2218,5300,0.012867588303865894
APO-wr,29,2218,5400,0.012867588303865894
APO-wr,29,2218,5500,0.012867588303865894
APO-wr,29,2218,5600,0.012867588303865894
APO-wr,29,2218,5700,0.012867588303865894
APO-wr,29,2218,5800,0.012867588303865894
APO-wr,29,2218,5900,0.012867588303865894
APO-wr,29,2218,6000,0.012867588303865894
APO-wr,29,2218,6100,0.012867588303865894
APO-wr,29,2218,6200,0.012867588303865894
APO-wr,29,2218,6300,0.012867588303865894
APO-wr,29,2218,6400,0.012756012893285176
APO-wr,29,2218,6500,0.012756012893285176
APO-wr,29,2218,6600,0.012756012893285176
APO-wr,29,2218,6700,0.012756012893285176
APO-wr,29,2218,6800,0.012756012893285176
APO-wr,29,2218,6900,0.012756012893285176
APO-wr,29,2218,7000,0.012756012893285176
APO-wr,29,2218,7100,0.012756012893285176
APO-wr,29,2218,7200,0.012756012893285176
APO-wr,29,2218,7300,0.012756012893285176
APO-wr,29,2218,7400,0.012752644522189355
APO-wr,29,2218,7500,0.012752644522189355
APO-wr,29,2218,7600,0.012752644522189355
APO-wr,29,2218,7700,0.012752644522189355
APO-wr,29,2218,7800,0.012752644522189355
APO-wr,29,2218,7900,0.012752644522189355
APO-wr,29,2218,8000,0.012752644522189355
APO-wr,29,2218,8100,0.012752644522189355
APO-wr,29,2218,8200,0.012700814854674034
APO-wr,29,2218,8300,0.012700814854674034
APO-wr,29,2218,8400,0.012700814854674034
APO-wr,29,2218,8500,0.012700814854674034
APO-wr,29,2218,8600,0.012700814854674034
APO-wr,29,2218,8700,0.012700814854674034
APO-wr,29,2218,8800,0.012700814854674034
APO-wr,29,2218,8900,0.012700814854674034
APO-wr,29,2218,9000,0.012700814854674034
APO-wr,29,2218,9100,0.012700814854674034
APO-wr,29,2218,9200,0.012700814854674034
APO-wr,29,2218,9300,0.012700814854674034
APO-wr,29,2218,9400,0.012700548367658524
APO-wr,29,2218,9500,0.012695650048808304
APO-wr,29,2218,9600,0.012695650048808304
APO-wr,29,2218,9700,0.012692373659828707
APO-wr,29,2218,9800,0.012692365923040771
APO-wr,29,2218,9900,0.012692365923040771
APO-wr,29,2218,10000,0.012692276140647435
APO-DE,29,2218,100,0.02657047044780833
APO-DE,29,2218,200,0.02657047044780833
APO-DE,29,2218,300,0.02657047044780833
APO-DE,29,2218,400,0.02657047044780833
APO-DE,29,2218,500,0.02657047044780833
APO-DE,29,2218,600,0.026516345707474156
APO-DE,29,2218,700,0.026516345707474156
APO-DE,29,2218,800,0.026290070449529246
APO-DE,29,2218,900,0.026221692521941474
APO-DE,29,2218,1000,0.01591064308478671
APO-DE,29,2218,1100,0.01591064308478671
APO-DE,29,2218,1200,0.01591064308478671
APO-DE,29,2218,1300,0.01591064308478671
APO-DE,29,2218,1400,0.01591064308478671
APO-DE,29,2218,1500,0.01591064308478671
APO-DE,29,2218,1600,0.01591064308478671
APO-DE,29,2218,1700,0.015796151699679333
APO-DE,29,2218,1800,0.015073533669077871
APO-DE,29,2218,1900,0.015073533669077871
APO-DE,29,2218,2000,0.015073533669077871
APO-DE,29,2218,2100,0.015073533669077871
APO-DE,29,2218,2200,0.015073533669077871
APO-DE,29,2218,2300,0.015073533669077871
APO-DE,29,2218,2400,0.015073533669077871
APO-DE,29,2218,2500,0.015073533669077871
APO-DE,29,2218,2600,0.015073533669077871
APO-DE,29,2218,2700,0.01502794316353368
APO-DE,29,2218,2800,0.01502794316353368
APO-DE,29,2218,2900,0.01502794316353368
APO-DE,29,2218,3000,0.01456305851572956
APO-DE,29,2218,3100,0.014464839040227573
APO-DE,29,2218,3200,0.014464839040227573
APO-DE,29,2218,3300,0.014464839040227573
APO-DE,29,2218,3400,0.014147219124096883
APO-DE,29,2218,3500,0.014116528418450848
APO-DE,29,2218,3600,0.014116528418450848
APO-DE,29,2218,3700,0.014116528418450848
APO-DE,29,2218,3800,0.014116528418450848
APO-DE,29,2218,3900,0.014116528418450848
APO-DE,29,2218,4000,0.014116528418450848
APO-DE,29,2218,4100,0.014116528418450848
APO-DE,29,2218,4200,0.014116528418450848
APO-DE,29,2218,4300,0.013306116200190685
APO-DE,29,2218,4400,0.013306116200190685
APO-DE,29,2218,4500,0.013306116200190685
APO-DE,29,2218,4600,0.013306116200190685
APO-DE,29,2218,4700,0.013306116200190685
APO-DE,29,2218,4800,0.013306116200190685
APO-DE,29,2218,4900,0.013306116200190685
APO-DE,29,2218,5000,0.013306116200190685
APO-DE,29,2218,5100,0.013175215978910663
APO-DE,29,2218,5200,0.013175215978910663
APO-DE,29,2218,5300,0.013175215978910663
APO-DE,29,2218,5400,0.013175215978910663
APO-DE,29,2218,5500,0.013175215978910663
APO-DE,29,2218,5600,0.013175215978910663
APO-DE,29,2218,5700,0.012964925759125452
APO-DE,29,2218,5800,0.012964925759125452
APO-DE,29,2218,5900,0.012964925759125452
APO-DE,29,2218,6000,0.012964925759125452
APO-DE,29,2218,6100,0.012964925759125452
APO-DE,29,2218,6200,0.012964925759125452
APO-DE,29,2218,6300,0.012964925759125452
APO-DE,29,2218,6400,0.012964925759125452
APO-DE,29,2218,6500,0.01288509467070845
APO-DE,29,2218,6600,0.01288509467070845
APO-DE,29,2218,6700,0.01288509467070845
APO-DE,29,2218,6800,0.01288509467070845
APO-DE,29,2218,6900,0.01288509467070845
APO-DE,29,2218,7000,0.01288509467070845
APO-DE,29,2218,7100,0.01288509467070845
APO-DE,29,2218,7200,0.01288509467070845
APO-DE,29,2218,7300,0.012839327675077965
APO-DE,29,2218,7400,0.012839327675077965
APO-DE,29,2218,7500,0.012839327675077965
APO-DE,29,2218,7600,0.012839327675077965
APO-DE,29,2218,7700,0.012839327675077965
APO-DE,29,2218,7800,0.012831150274678762
APO-DE,29,2218,7900,0.012831150274678762
APO-DE,29,2218,8000,0.012831150274678762
APO-DE,29,2218,8100,0.012831150274678762
APO-DE,29,2218,8200,0.012831150274678762
APO-DE,29,2218,8300,0.012831150274678762
APO-DE,29,2218,8400,0.012831150274678762
APO-DE,29,2218,8500,0.012831150274678762
APO-DE,29,2218,8600,0.012831150274678762
APO-DE,29,2218,8700,0.012802582402383633
APO-DE,29,2218,8800,0.012802582402383633
APO-DE,29,2218,8900,0.012802582402383633
APO-DE,29,2218,9000,0.012802582402383633
APO-DE,29,2218,9100,0.012802582402383633
APO-DE,29,2218,9200,0.012802582402383633
APO-DE,29,2218,9300,0.012802582402383633
APO-DE,29,2218,9400,0.012763679676063922
APO-DE,29,2218,9500,0.012763679676063922
APO-DE,29,2218,9600,0.012763679676063922
APO-DE,29,2218,9700,0.012763679676063922
APO-DE,29,2218,9800,0.012763679676063922
APO-DE,29,2218,9900,0.012762471584134306
APO-DE,29,2218,10000,0.012762471584134306
APO-LS,29,2218,100,0.02657047044780833
APO-LS,29,2218,200,0.02657047044780833
APO-LS,29,2218,300,0.025274184328263574
APO-LS,29,2218,400,0.02399392624927228
APO-LS,29,2218,500,0.02399392624927228
APO-LS,29,2218,600,0.02399392624927228
APO-LS,29,2218,700,0.0132971167323236
APO-LS,29,2218,800,0.0132971167323236
APO-LS,29,2218,900,0.0132971167323236
APO-LS,29,2218,1000,0.0132971167323236
APO-LS,29,2218,1100,0.0132971167323236
APO-LS,29,2218,1200,0.0132971167323236
APO-LS,29,2218,1300,0.0132971167323236
APO-LS,29,2218,1400,0.0132971167323236
APO-LS,29,2218,1500,0.0132971167323236
APO-LS,29,2218,1600,0.0132971167323236
APO-LS,29,2218,1700,0.0132971167323236
APO-LS,29,2218,1800,0.0132971167323236
APO-LS,29,2218,1900,0.0132971167323236
APO-LS,29,2218,2000,0.0132971167323236
APO-LS,29,2218,2100,0.0132971167323236
APO-LS,29,2218,2200,0.0132971167323236
APO-LS,29,2218,2300,0.013234120835754823
APO-LS,29,2218,2400,0.013234120835754823
APO-LS,29,2218,2500,0.013234120835754823
APO-LS,29,2218,2600,0.012912021732674132
APO-LS,29,2218,2700,0.012912021732674132
APO-LS,29,2218,2800,0.012912021732674132
APO-LS,29,2218,2900,0.012912021732674132
APO-LS,29,2218,3000,0.012912021732674132
APO-LS,29,2218,3100,0.012912021732674132
APO-LS,29,2218,3200,0.012912021732674132
APO-LS,29,2218,3300,0.012912021732674132
APO-LS,29,2218,3400,0.012912021732674132
APO-LS,29,2218,3500,0.012912021732674132
APO-LS,29,2218,3600,0.012912021732674132
APO-LS,29,2218,3700,0.012912021732674132
APO-LS,29,2218,3800,0.012912021732674132
APO-LS,29,2218,3900,0.012912021732674132
APO-LS,29,2218,4000,0.012912021732674132
APO-LS,29,2218,4100,0.012912021732674132
APO-LS,29,2218,4200,0.012912021732674132
APO-LS,29,2218,4300,0.012912021732674132
APO-LS,29,2218,4400,0.012912021732674132
APO-LS,29,2218,4500,0.012912021732674132
APO-LS,29,2218,4600,0.012912021732674132
APO-LS,29,2218,4700,0.012912021732674132
APO-LS,29,2218,4800,0.012912021732674132
APO-LS,29,2218,4900,0.012912021732674132
APO-LS,29,2218,5000,0.012912021732674132
APO-LS,29,2218,5100,0.012912021732674132
APO-LS,29,2218,5200,0.012912021732674132
APO-LS,29,2218,5300,0.012912021732674132
APO-LS,29,2218,5400,0.012825070702297667
APO-LS,29,2218,5500,0.012808221905553772
APO-LS,29,2218,5600,0.012808221905553772
APO-LS,29,2218,5700,0.012808221905553772
APO-LS,29,2218,5800,0.012808221905553772
APO-LS,29,2218,5900,0.012808221905553772
APO-LS,29,2218,6000,0.012808221905553772
APO-LS,29,2218,6100,0.012808221905553772
APO-LS,29,2218,6200,0.012808221905553772
APO-LS,29,2218,6300,0.012808221905553772
APO-LS,29,2218,6400,0.012808221905553772
APO-LS,29,2218,6500,0.012808221905553772
APO-LS,29,2218,6600,0.012805211081771715
APO-LS,29,2218,6700,0.012805211081771715
APO-LS,29,2218,6800,0.012805211081771715
APO-LS,29,2218,6900,0.012805211081771715
APO-LS,29,2218,7000,0.012805211081771715
APO-LS,29,2218,7100,0.012805211081771715
APO-LS,29,2218,7200,0.012805211081771715
APO-LS,29,2218,7300,0.01278881736594409
APO-LS,29,2218,7400,0.01278881736594409
APO-LS,29,2218,7500,0.01278881736594409
APO-LS,29,2218,7600,0.01278881736594409
APO-LS,29,2218,7700,0.01278881736594409
APO-LS,29,2218,7800,0.01278881736594409
APO-LS,29,2218,7900,0.01278881736594409
APO-LS,29,2218,8000,0.01278881736594409
APO-LS,29,2218,8100,0.01278881736594409
APO-LS,29,2218,8200,0.01278881736594409
APO-LS,29,2218,8300,0.01278881736594409
APO-LS,29,2218,8400,0.012772461554608896
APO-LS,29,2218,8500,0.012772461554608896
APO-LS,29,2218,8600,0.012772461554608896
APO-LS,29,2218,8700,0.012772461554608896
APO-LS,29,2218,8800,0.012772461554608896
APO-LS,29,2218,8900,0.012772461554608896
APO-LS,29,2218,9000,0.012767704688728707
APO-LS,29,2218,9100,0.012767704688728707
APO-LS,29,2218,9200,0.012767704688728707
APO-LS,29,2218,9300,0.012767704688728707
APO-LS,29,2218,9400,0.012767704688728707
APO-LS,29,2218,9500,0.012765659920777895
APO-LS,29,2218,9600,0.012764252279748605
APO-LS,29,2218,9700,0.012764252279748605
APO-LS,29,2218,9800,0.01276095935945382
APO-LS,29,2218,9900,0.01276095935945382
APO-LS,29,2218,10000,0.012694560367401124
APO-PSO,29,2218,100,0.02657047044780833
APO-PSO,29,2218,200,0.02657047044780833
APO-PSO,29,2218,300,0.02657047044780833
APO-PSO,29,2218,400,0.02657047044780833
APO-PSO,29,2218,500,0.02058268242098381
APO-PSO,29,2218,600,0.02058268242098381
APO-PSO,29,2218,700,0.018875872124703576
APO-PSO,29,2218,800,0.018659848742694295
APO-PSO,29,2218,900,0.014664728272748125
APO-PSO,29,2218,1000,0.014664728272748125
APO-PSO,29,2218,1100,0.013457436410541533
APO-PSO,29,2218,1200,0.013457436410541533
APO-PSO,29,2218,1300,0.013457436410541533
APO-PSO,29,2218,1400,0.013457436410541533
APO-PSO,29,2218,1500,0.013457436410541533
APO-PSO,29,2218,1600,0.013457436410541533
APO-PSO,29,2218,1700,0.013457436410541533
APO-PSO,29,2218,1800,0.013457436410541533
APO-PSO,29,2218,1900,0.013457436410541533
APO-PSO,29,2218,2000,0.013457436410541533
APO-PSO,29,2218,2100,0.013457436410541533
APO-PSO,29,2218,2200,0.013457436410541533
APO-PSO,29,2218,2300,0.013457436410541533
APO-PSO,29,2218,2400,0.013457436410541533
APO-PSO,29,2218,2500,0.013457436410541533
APO-PSO,29,2218,2600,0.013457436410541533
APO-PSO,29,2218,2700,0.013457436410541533
APO-PSO,29,2218,2800,0.013457436410541533
APO-PSO,29,2218,2900,0.013457436410541533
APO-PSO,29,2218,3000,0.013457436410541533
APO-PSO,29,2218,3100,0.013457436410541533
APO-PSO,29,2218,3200,0.013457436410541533
APO-PSO,29,2218,3300,0.013457436410541533
APO-PSO,29,2218,3400,0.013457436410541533
APO-PSO,29,2218,3500,0.013457436410541533
APO-PSO,29,2218,3600,0.013457436410541533
APO-PSO,29,2218,3700,0.013304461766106926
APO-PSO,29,2218,3800,0.013196493016198588
APO-PSO,29,2218,3900,0.013196493016198588
APO-PSO,29,2218,4000,0.013196493016198588
APO-PSO,29,2218,4100,0.013196493016198588
APO-PSO,29,2218,4200,0.013196493016198588
APO-PSO,29,2218,4300,0.01304835710822011
APO-PSO,29,2218,4400,0.01304835710822011
APO-PSO,29,2218,4500,0.01304835710822011
APO-PSO,29,2218,4600,0.01304835710822011
APO-PSO,29,2218,4700,0.01304835710822011
APO-PSO,29,2218,4800,0.01304835710822011
APO-PSO,29,2218,4900,0.01304835710822011
APO-PSO,29,2218,5000,0.01304835710822011
APO-PSO,29,2218,5100,0.01304835710822011
APO-PSO,29,2218,5200,0.01304835710822011
APO-PSO,29,2218,5300,0.01269504927349802
APO-PSO,29,2218,5400,0.01269504927349802
APO-PSO,29,2218,5500,0.01269504927349802
APO-PSO,29,2218,5600,0.01269504927349802
APO-PSO,29,2218,5700,0.01269504927349802
APO-PSO,29,2218,5800,0.01269504927349802
APO-PSO,29,2218,5900,0.01269504927349802
APO-PSO,29,2218,6000,0.01269504927349802
APO-PSO,29,2218,6100,0.01269504927349802
APO-PSO,29,2218,6200,0.01269504927349802
APO-PSO,29,2218,6300,0.01269504927349802
APO-PSO,29,2218,6400,0.01269504927349802
APO-PSO,29,2218,6500,0.01269504927349802
APO-PSO,29,2218,6600,0.01269504927349802
APO-PSO,29,2218,6700,0.01269504927349802
APO-PSO,29,2218,6800,0.01269504927349802
APO-PSO,29,2218,6900,0.01269504927349802
APO-PSO,29,2218,7000,0.01269504927349802
APO-PSO,29,2218,7100,0.01269504927349802
APO-PSO,29,2218,7200,0.01269504927349802
APO-PSO,29,2218,7300,0.01269504927349802
APO-PSO,29,2218,7400,0.01269504927349802
APO-PSO,29,2218,7500,0.01269504927349802
APO-PSO,29,2218,7600,0.01269504927349802
APO-PSO,29,2218,7700,0.01269504927349802
APO-PSO,29,2218,7800,0.01269504927349802
APO-PSO,29,2218,7900,0.01269504927349802
APO-PSO,29,2218,8000,0.01269504927349802
APO-PSO,29,2218,8100,0.01269504927349802
APO-PSO,29,2218,8200,0.01269504927349802
APO-PSO,29,2218,8300,0.01269504927349802
APO-PSO,29,2218,8400,0.01269504927349802
APO-PSO,29,2218,8500,0.01269504927349802
APO-PSO,29,2218,8600,0.01269504927349802
APO-PSO,29,2218,8700,0.01269504927349802
APO-PSO,29,2218,8800,0.01269504927349802
APO-PSO,29,2218,8900,0.01269504927349802
APO-PSO,29,2218,9000,0.01269504927349802
APO-PSO,29,2218,9100,0.01269504927349802
APO-PSO,29,2218,9200,0.01269504927349802
APO-PSO,29,2218,9300,0.01269504927349802
APO-PSO,29,2218,9400,0.01269504927349802
APO-PSO,29,2218,9500,0.01269504927349802
APO-PSO,29,2218,9600,0.01269504927349802
APO-PSO,29,2218,9700,0.01269504927349802
APO-PSO,29,2218,9800,0.012694239342147903
APO-PSO,29,2218,9900,0.012694139201067538
APO-PSO,29,2218,10000,0.012694057906162116
APO-wr-DE,29,2218,100,0.02657047044780833
APO-wr-DE,29,2218,200,0.02657047044780833
APO-wr-DE,29,2218,300,0.02657047044780833
APO-wr-DE,29,2218,400,0.02657047044780833
APO-wr-DE,29,2218,500,0.02657047044780833
APO-wr-DE,29,2218,600,0.02657047044780833
APO-wr-DE,29,2218,700,0.023422874824628445
APO-wr-DE,29,2218,800,0.023422874824628445
APO-wr-DE,29,2218,900,0.013327040844397444
APO-wr-DE,29,2218,1000,0.013327040844397444
APO-wr-DE,29,2218,1100,0.013327040844397444
APO-wr-DE,29,2218,1200,0.013327040844397444
APO-wr-DE,29,2218,1300,0.013327040844397444
APO-wr-DE,29,2218,1400,0.013327040844397444
APO-wr-DE,29,2218,1500,0.013327040844397444
APO-wr-DE,29,2218,1600,0.013327040844397444
APO-wr-DE,29,2218,1700,0.013327040844397444
APO-wr-DE,29,2218,1800,0.013327040844397444
APO-wr-DE,29,2218,1900,0.013327040844397444
APO-wr-DE,29,2218,2000,0.013327040844397444
APO-wr-DE,29,2218,2100,0.01331798557050427
APO-wr-DE,29,2218,2200,0.01331798557050427
APO-wr-DE,29,2218,2300,0.01331798557050427
APO-wr-DE,29,2218,2400,0.01331798557050427
APO-wr-DE,29,2218,2500,0.01331798557050427
APO-wr-DE,29,2218,2600,0.01331798557050427
APO-wr-DE,29,2218,2700,0.01331798557050427
APO-wr-DE,29,2218,2800,0.01331798557050427
APO-wr-DE,29,2218,2900,0.01331798557050427
APO-wr-DE,29,2218,3000,0.01331798557050427
APO-wr-DE,29,2218,3100,0.01331798557050427
APO-wr-DE,29,2218,3200,0.01331798557050427
APO-wr-DE,29,2218,3300,0.01331798557050427
APO-wr-DE,29,2218,3400,0.01331798557050427
APO-wr-DE,29,2218,3500,0.01331798557050427
APO-wr-DE,29,2218,3600,0.01331798557050427
APO-wr-DE,29,2218,3700,0.01331798557050427
APO-wr-DE,29,2218,3800,0.01331798557050427
APO-wr-DE,29,2218,3900,0.01331798557050427
APO-wr-DE,29,2218,4000,0.013062382209072606
APO-wr-DE,29,2218,4100,0.013062382209072606
APO-wr-DE,29,2218,4200,0.013062382209072606
APO-wr-DE,29,2218,4300,0.013023879133049327
APO-wr-DE,29,2218,4400,0.013023879133049327
APO-wr-DE,29,2218,4500,0.013023879133049327
APO-wr-DE,29,2218,4600,0.013023879133049327
APO-wr-DE,29,2218,4700,0.013023879133049327
APO-wr-DE,29,2218,4800,0.013023879133049327
APO-wr-DE,29,2218,4900,0.013023879133049327
APO-wr-DE,29,2218,5000,0.01300189672109924
APO-wr-DE,29,2218,5100,0.01300189672109924
APO-wr-DE,29,2218,5200,0.01300189672109924
APO-wr-DE,29,2218,5300,0.01300189672109924
APO-wr-DE,29,2218,5400,0.01300189672109924
APO-wr-DE,29,2218,5500,0.01300189672109924
APO-wr-DE,29,2218,5600,0.01300189672109924
APO-wr-DE,29,2218,5700,0.01300189672109924
APO-wr-DE,29,2218,5800,0.012937043931680065
APO-wr-DE,29,2218,5900,0.012937043931680065
APO-wr-DE,29,2218,6000,0.012690538297034945
APO-wr-DE,29,2218,6100,0.012690538297034945
APO-wr-DE,29,2218,6200,0.012690538297034945
APO-wr-DE,29,2218,6300,0.012690538297034945
APO-wr-DE,29,2218,6400,0.012690538297034945
APO-wr-DE,29,2218,6500,0.012690538297034945
APO-wr-DE,29,2218,6600,0.012690538297034945
APO-wr-DE,29,2218,6700,0.012690538297034945
APO-wr-DE,29,2218,6800,0.012690538297034945
APO-wr-DE,29,2218,6900,0.012690538297034945
APO-wr-DE,29,2218,7000,0.012690538297034945
APO-wr-DE,29,2218,7100,0.012690538297034945
APO-wr-DE,29,2218,7200,0.012690538297034945
APO-wr-DE,29,2218,7300,0.012690538297034945
APO-wr-DE,29,2218,7400,0.012690538297034945
APO-wr-DE,29,2218,7500,0.012690538297034945
APO-wr-DE,29,2218,7600,0.012690538297034945
APO-wr-DE,29,2218,7700,0.012690538297034945
APO-wr-DE,29,2218,7800,0.012690538297034945
APO-wr-DE,29,2218,7900,0.012690538297034945
APO-wr-DE,29,2218,8000,0.012690538297034945
APO-wr-DE,29,2218,8100,0.012690538297034945
APO-wr-DE,29,2218,8200,0.012690538297034945
APO-wr-DE,29,2218,8300,0.012690538297034945
APO-wr-DE,29,2218,8400,0.012690538297034945
APO-wr-DE,29,2218,8500,0.012690538297034945
APO-wr-DE,29,2218,8600,0.012690538297034945
APO-wr-DE,29,2218,8700,0.012690538297034945
APO-wr-DE,29,2218,8800,0.012690538297034945
APO-wr-DE,29,2218,8900,0.012690538297034945
APO-wr-DE,29,2218,9000,0.012690538297034945
APO-wr-DE,29,2218,9100,0.012690538297034945
APO-wr-DE,29,2218,9200,0.012690538297034945
APO-wr-DE,29,2218,9300,0.012690538297034945
APO-wr-DE,29,2218,9400,0.012690538297034945
APO-wr-DE,29,2218,9500,0.012690538297034945
APO-wr-DE,29,2218,9600,0.012690538297034945
APO-wr-DE,29,2218,9700,0.012690538297034945
APO-wr-DE,29,2218,9800,0.012690538297034945
APO-wr-DE,29,2218,9900,0.012689915775946437
APO-wr-DE,29,2218,10000,0.012689915775946437
APO-wr-LS,29,2218,100,0.02657047044780833
APO-wr-LS,29,2218,200,0.02657047044780833
APO-wr-LS,29,2218,300,0.02657047044780833
APO-wr-LS,29,2218,400,0.02657047044780833
APO-wr-LS,29,2218,500,0.02657047044780833
APO-wr-LS,29,2218,600,0.02657047044780833
APO-wr-LS,29,2218,700,0.02657047044780833
APO-wr-LS,29,2218,800,0.02657047044780833
APO-wr-LS,29,2218,900,0.02657047044780833
APO-wr-LS,29,2218,1000,0.02657047044780833
APO-wr-LS,29,2218,1100,0.02657047044780833
APO-wr-LS,29,2218,1200,0.01938774220779877
APO-wr-LS,29,2218,1300,0.019135832917633662
APO-wr-LS,29,2218,1400,0.019135832917633662
APO-wr-LS,29,2218,1500,0.019135832917633662
APO-wr-LS,29,2218,1600,0.019135832917633662
APO-wr-LS,29,2218,1700,0.01672963101972797
APO-wr-LS,29,2218,1800,0.01644537234630808
APO-wr-LS,29,2218,1900,0.01644537234630808
APO-wr-LS,29,2218,2000,0.01623357863895422
APO-wr-LS,29,2218,2100,0.01623357863895422
APO-wr-LS,29,2218,2200,0.01623357863895422
APO-wr-LS,29,2218,2300,0.01623357863895422
APO-wr-LS,29,2218,2400,0.01623357863895422
APO-wr-LS,29,2218,2500,0.01623357863895422
APO-wr-LS,29,2218,2600,0.01623357863895422
APO-wr-LS,29,2218,2700,0.01623357863895422
APO-wr-LS,29,2218,2800,0.01623357863895422
APO-wr-LS,29,2218,2900,0.01623357863895422
APO-wr-LS,29,2218,3000,0.01623357863895422
APO-wr-LS,29,2218,3100,0.013929247978407281
APO-wr-LS,29,2218,3200,0.013929247978407281
APO-wr-LS,29,2218,3300,0.013929247978407281
APO-wr-LS,29,2218,3400,0.013929247978407281
APO-wr-LS,29,2218,3500,0.013929247978407281
APO-wr-LS,29,2218,3600,0.013929247978407281
APO-wr-LS,29,2218,3700,0.013929247978407281
APO-wr-LS,29,2218,3800,0.013929247978407281
APO-wr-LS,29,2218,3900,0.013929247978407281
APO-wr-LS,29,2218,4000,0.013929247978407281
APO-wr-LS,29,2218,4100,0.013929247978407281
APO-wr-LS,29,2218,4200,0.013929247978407281
APO-wr-LS,29,2218,4300,0.013929247978407281
APO-wr-LS,29,2218,4400,0.013929247978407281
APO-wr-LS,29,2218,4500,0.013929247978407281
APO-wr-LS,29,2218,4600,0.013929247978407281
APO-wr-LS,29,2218,4700,0.013929247978407281
APO-wr-LS,29,2218,4800,0.013929247978407281
APO-wr-LS,29,2218,4900,0.013929247978407281
APO-wr-LS,29,2218,5000,0.013804599961917179
APO-wr-LS,29,2218,5100,0.013760931327755296
APO-wr-LS,29,2218,5200,0.013760931327755296
APO-wr-LS,29,2218,5300,0.013760931327755296
APO-wr-LS,29,2218,5400,0.013760931327755296
APO-wr-LS,29,2218,5500,0.013760931327755296
APO-wr-LS,29,2218,5600,0.013760931327755296
APO-wr-LS,29,2218,5700,0.013760931327755296
APO-wr-LS,29,2218,5800,0.013760931327755296
APO-wr-LS,29,2218,5900,0.013760931327755296
APO-wr-LS,29,2218,6000,0.013760931327755296
APO-wr-LS,29,2218,6100,0.013760931327755296
APO-wr-LS,29,2218,6200,0.013760931327755296
APO-wr-LS,29,2218,6300,0.013760931327755296
APO-wr-LS,29,2218,6400,0.013760931327755296
APO-wr-LS,29,2218,6500,0.013760931327755296
APO-wr-LS,29,2218,6600,0.013755891264087503
APO-wr-LS,29,2218,6700,0.01353973554312451
APO-wr-LS,29,2218,6800,0.01353973554312451
APO-wr-LS,29,2218,6900,0.01353973554312451
APO-wr-LS,29,2218,7000,0.01353973554312451
APO-wr-LS,29,2218,7100,0.01353973554312451
APO-wr-LS,29,2218,7200,0.013349335331117734
APO-wr-LS,29,2218,7300,0.013349335331117734
APO-wr-LS,29,2218,7400,0.013349335331117734
APO-wr-LS,29,2218,7500,0.013346394783364284
APO-wr-LS,29,2218,7600,0.013346394783364284
APO-wr-LS,29,2218,7700,0.013346394783364284
APO-wr-LS,29,2218,7800,0.013346394783364284
APO-wr-LS,29,2218,7900,0.013346394783364284
APO-wr-LS,29,2218,8000,0.01323777681277201
APO-wr-LS,29,2218,8100,0.013197031108707482
APO-wr-LS,29,2218,8200,0.013073672118376624
APO-wr-LS,29,2218,8300,0.013073672118376624
APO-wr-LS,29,2218,8400,0.013073672118376624
APO-wr-LS,29,2218,8500,0.013073672118376624
APO-wr-LS,29,2218,8600,0.013073672118376624
APO-wr-LS,29,2218,8700,0.013073672118376624
APO-wr-LS,29,2218,8800,0.013073672118376624
APO-wr-LS,29,2218,8900,0.013073672118376624
APO-wr-LS,29,2218,9000,0.013073672118376624
APO-wr-LS,29,2218,9100,0.013013971618268021
APO-wr-LS,29,2218,9200,0.013013971618268021
APO-wr-LS,29,2218,9300,0.012983268655725041
APO-wr-LS,29,2218,9400,0.012983268655725041
APO-wr-LS,29,2218,9500,0.012977974417360368
APO-wr-LS,29,2218,9600,0.012977974417360368
APO-wr-LS,29,2218,9700,0.01297209135981781
APO-wr-LS,29,2218,9800,0.012971318650677433
APO-wr-LS,29,2218,9900,0.012971318650677433
APO-wr-LS,29,2218,10000,0.012832246211337914
APO-wr-PSO,29,2218,100,0.02657047044780833
APO-wr-PSO,29,2218,200,0.02657047044780833
APO-wr-PSO,29,2218,300,0.02657047044780833
APO-wr-PSO,29,2218,400,0.02657047044780833
APO-wr-PSO,29,2218,500,0.024843385530894647
APO-wr-PSO,29,2218,600,0.022058607990884868
APO-wr-PSO,29,2218,700,0.014205263707248816
APO-wr-PSO,29,2218,800,0.014205263707248816
APO-wr-PSO,29,2218,900,0.014205263707248816
APO-wr-PSO,29,2218,1000,0.014205263707248816
APO-wr-PSO,29,2218,1100,0.014205263707248816
APO-wr-PSO,29,2218,1200,0.014205263707248816
APO-wr-PSO,29,2218,1300,0.014205263707248816
APO-wr-PSO,29,2218,1400,0.014205263707248816
APO-wr-PSO,29,2218,1500,0.014205263707248816
APO-wr-PSO,29,2218,1600,0.014205263707248816
APO-wr-PSO,29,2218,1700,0.014205263707248816
APO-wr-PSO,29,2218,1800,0.014020210254722172
APO-wr-PSO,29,2218,1900,0.014020210254722172
APO-wr-PSO,29,2218,2000,0.014020210254722172
APO-wr-PSO,29,2218,2100,0.014020210254722172
APO-wr-PSO,29,2218,2200,0.014020210254722172
APO-wr-PSO,29,2218,2300,0.01390709383192205
APO-wr-PSO,29,2218,2400,0.01390709383192205
APO-wr-PSO,29,2218,2500,0.01390709383192205
APO-wr-PSO,29,2218,2600,0.01390709383192205
APO-wr-PSO,29,2218,2700,0.01390709383192205
APO-wr-PSO,29,2218,2800,0.01390709383192205
APO-wr-PSO,29,2218,2900,0.01362851063307067
APO-wr-PSO,29,2218,3000,0.01362851063307067
APO-wr-PSO,29,2218,3100,0.01362851063307067
APO-wr-PSO,29,2218,3200,0.013588791264474131
APO-wr-PSO,29,2218,3300,0.013588791264474131
APO-wr-PSO,29,2218,3400,0.013588791264474131
APO-wr-PSO,29,2218,3500,0.013284945111517382
APO-wr-PSO,29,2218,3600,0.013284945111517382
APO-wr-PSO,29,2218,3700,0.013284945111517382
APO-wr-PSO,29,2218,3800,0.013284945111517382
APO-wr-PSO,29,2218,3900,0.01306398468212078
APO-wr-PSO,29,2218,4000,0.01306398468212078
APO-wr-PSO,29,2218,4100,0.01306398468212078
APO-wr-PSO,29,2218,4200,0.012872282861939846
APO-wr-PSO,29,2218,4300,0.012872282861939846
APO-wr-PSO,29,2218,4400,0.012872282861939846
APO-wr-PSO,29,2218,4500,0.012872282861939846
APO-wr-PSO,29,2218,4600,0.012788212385225168
APO-wr-PSO,29,2218,4700,0.012788212385225168
APO-wr-PSO,29,2218,4800,0.012788212385225168
APO-wr-PSO,29,2218,4900,0.012788212385225168
APO-wr-PSO,29,2218,5000,0.012788212385225168
APO-wr-PSO,29,2218,5100,0.012788212385225168
APO-wr-PSO,29,2218,5200,0.012788212385225168
APO-wr-PSO,29,2218,5300,0.012788212385225168
APO-wr-PSO,29,2218,5400,0.012788212385225168
APO-wr-PSO,29,2218,5500,0.012788212385225168
APO-wr-PSO,29,2218,5600,0.012788212385225168
APO-wr-PSO,29,2218,5700,0.012788212385225168
APO-wr-PSO,29,2218,5800,0.012788212385225168
APO-wr-PSO,29,2218,5900,0.012788212385225168
APO-wr-PSO,29,2218,6000,0.012788212385225168
APO-wr-PSO,29,2218,6100,0.012788212385225168
APO-wr-PSO,29,2218,6200,0.012788212385225168
APO-wr-PSO,29,2218,6300,0.012788212385225168
APO-wr-PSO,29,2218,6400,0.012788212385225168
APO-wr-PSO,29,2218,6500,0.012773079157791457
APO-wr-PSO,29,2218,6600,0.012773079157791457
APO-wr-PSO,29,2218,6700,0.01275679079751778
APO-wr-PSO,29,2218,6800,0.01275679079751778
APO-wr-PSO,29,2218,6900,0.01275679079751778
APO-wr-PSO,29,2218,7000,0.01275679079751778
APO-wr-PSO,29,2218,7100,0.01275679079751778
APO-wr-PSO,29,2218,7200,0.01275679079751778
APO-wr-PSO,29,2218,7300,0.01275679079751778
APO-wr-PSO,29,2218,7400,0.01275679079751778
APO-wr-PSO,29,2218,7500,0.01275679079751778
APO-wr-PSO,29,2218,7600,0.01275679079751778
APO-wr-PSO,29,2218,7700,0.01275679079751778
APO-wr-PSO,29,2218,7800,0.01275679079751778
APO-wr-PSO,29,2218,7900,0.01275679079751778
APO-wr-PSO,29,2218,8000,0.01275679079751778
APO-wr-PSO,29,2218,8100,0.01275679079751778
APO-wr-PSO,29,2218,8200,0.01275679079751778
APO-wr-PSO,29,2218,8300,0.01275679079751778
APO-wr-PSO,29,2218,8400,0.012740993942552006
APO-wr-PSO,29,2218,8500,0.012740993942552006
APO-wr-PSO,29,2218,8600,0.012740993942552006
APO-wr-PSO,29,2218,8700,0.012740993942552006
APO-wr-PSO,29,2218,8800,0.012740993942552006
APO-wr-PSO,29,2218,8900,0.012740993942552006
APO-wr-PSO,29,2218,9000,0.012740993942552006
APO-wr-PSO,29,2218,9100,0.012740993942552006
APO-wr-PSO,29,2218,9200,0.012740993942552006
APO-wr-PSO,29,2218,9300,0.012740993942552006
APO-wr-PSO,29,2218,9400,0.012740993942552006
APO-wr-PSO,29,2218,9500,0.012733318207108706
APO-wr-PSO,29,2218,9600,0.0127318991838089
APO-wr-PSO,29,2218,9700,0.0127318991838089
APO-wr-PSO,29,2218,9800,0.012730759042190497
APO-wr-PSO,29,2218,9900,0.012730207599195069
APO-wr-PSO,29,2218,10000,0.012730075359206413
APO,30,2225,100,0.111737931202471
APO,30,2225,200,0.09792023023032019
APO,30,2225,300,0.013288355038176465
APO,30,2225,400,0.013288355038176465
APO,30,2225,500,0.013288355038176465
APO,30,2225,600,0.013288355038176465
APO,30,2225,700,0.013288355038176465
APO,30,2225,800,0.013288355038176465
APO,30,2225,900,0.013288355038176465
APO,30,2225,1000,0.013236851744375697
APO,30,2225,1100,0.013236851744375697
APO,30,2225,1200,0.013236851744375697
APO,30,2225,1300,0.013236851744375697
APO,30,2225,1400,0.013236851744375697
APO,30,2225,1500,0.013236851744375697
APO,30,2225,1600,0.012999719292865523
APO,30,2225,1700,0.012999719292865523
APO,30,2225,1800,0.012999719292865523
APO,30,2225,1900,0.012999719292865523
APO,30,2225,2000,0.012999719292865523
APO,30,2225,2100,0.012999719292865523
APO,30,2225,2200,0.012999719292865523
APO,30,2225,2300,0.012999719292865523
APO,30,2225,2400,0.012999719292865523
APO,30,2225,2500,0.012999719292865523
APO,30,2225,2600,0.012999719292865523
APO,30,2225,2700,0.012999719292865523
APO,30,2225,2800,0.012999719292865523
APO,30,2225,2900,0.012999719292865523
APO,30,2225,3000,0.012999719292865523
APO,30,2225,3100,0.012936385760943397
APO,30,2225,3200,0.012936385760943397
APO,30,2225,3300,0.012936385760943397
APO,30,2225,3400,0.012936385760943397
APO,30,2225,3500,0.012936385760943397
APO,30,2225,3600,0.012936385760943397
APO,30,2225,3700,0.012936385760943397
APO,30,2225,3800,0.012936385760943397
APO,30,2225,3900,0.012936385760943397
APO,30,2225,4000,0.012936385760943397
APO,30,2225,4100,0.012933408303927451
APO,30,2225,4200,0.012933408303927451
APO,30,2225,4300,0.012933408303927451
APO,30,2225,4400,0.012933408303927451
APO,30,2225,4500,0.012933408303927451
APO,30,2225,4600,0.012933408303927451
APO,30,2225,4700,0.012933408303927451
APO,30,2225,4800,0.012915177423661713
APO,30,2225,4900,0.012915177423661713
APO,30,2225,5000,0.012915177423661713
APO,30,2225,5100,0.012915177423661713
APO,30,2225,5200,0.012894237583555084
APO,30,2225,5300,0.012894237583555084
APO,30,2225,5400,0.012894237583555084
APO,30,2225,5500,0.012894237583555084
APO,30,2225,5600,0.012894237583555084
APO,30,2225,5700,0.012894237583555084
APO,30,2225,5800,0.012894237583555084
APO,30,2225,5900,0.012894237583555084
APO,30,2225,6000,0.012894237583555084
APO,30,2225,6100,0.012894237583555084
APO,30,2225,6200,0.012894237583555084
APO,30,2225,6300,0.012894237583555084
APO,30,2225,6400,0.012894237583555084
APO,30,2225,6500,0.012894237583555084
APO,30,2225,6600,0.012894237583555084
APO,30,2225,6700,0.012894237583555084
APO,30,2225,6800,0.012894237583555084
APO,30,2225,6900,0.012894237583555084
APO,30,2225,7000,0.012894237583555084
APO,30,2225,7100,0.012894237583555084
APO,30,2225,7200,0.012894237583555084
APO,30,2225,7300,0.012855794526021206
APO,30,2225,7400,0.012855794526021206
APO,30,2225,7500,0.012855794526021206
APO,30,2225,7600,0.012855794526021206
APO,30,2225,7700,0.012855794526021206
APO,30,2225,7800,0.012855794526021206
APO,30,2225,7900,0.012855794526021206
APO,30,2225,8000,0.012855794526021206
APO,30,2225,8100,0.012740000302510223
APO,30,2225,8200,0.012740000302510223
APO,30,2225,8300,0.012740000302510223
APO,30,2225,8400,0.012740000302510223
APO,30,2225,8500,0.012740000302510223
APO,30,2225,8600,0.012740000302510223
APO,30,2225,8700,0.012740000302510223
APO,30,2225,8800,0.012740000302510223
APO,30,2225,8900,0.012740000302510223
APO,30,2225,9000,0.012740000302510223
APO,30,2225,9100,0.012740000302510223
APO,30,2225,9200,0.012736396124933779
APO,30,2225,9300,0.012736396124933779
APO,30,2225,9400,0.012736396124933779
APO,30,2225,9500,0.012735761884904443
APO,30,2225,9600,0.012735761884904443
APO,30,2225,9700,0.012735761884904443
APO,30,2225,9800,0.012735761884904443
APO,30,2225,9900,0.012735761884904443
APO,30,2225,10000,0.012735761884904443
APO-wr,30,2225,100,0.111737931202471
APO-wr,30,2225,200,0.111737931202471
APO-wr,30,2225,300,0.111737931202471
APO-wr,30,2225,400,0.111737931202471
APO-wr,30,2225,500,0.018951488852944922
APO-wr,30,2225,600,0.016895559877695976
APO-wr,30,2225,700,0.016895559877695976
APO-wr,30,2225,800,0.01676290531263592
APO-wr,30,2225,900,0.014527920892855175
APO-wr,30,2225,1000,0.014527920892855175
APO-wr,30,2225,1100,0.014527920892855175
APO-wr,30,2225,1200,0.014527920892855175
APO-wr,30,2225,1300,0.013069744107502829
APO-wr,30,2225,1400,0.013069744107502829
APO-wr,30,2225,1500,0.013069744107502829
APO-wr,30,2225,1600,0.013069744107502829
APO-wr,30,2225,1700,0.013069744107502829
APO-wr,30,2225,1800,0.013069744107502829
APO-wr,30,2225,1900,0.013069744107502829
APO-wr,30,2225,2000,0.013069744107502829
APO-wr,30,2225,2100,0.013069744107502829
APO-wr,30,2225,2200,0.013069744107502829
APO-wr,30,2225,2300,0.013069744107502829
APO-wr,30,2225,2400,0.013069744107502829
APO-wr,30,2225,2500,0.013069744107502829
APO-wr,30,2225,2600,0.013069744107502829
APO-wr,30,2225,2700,0.013069744107502829
APO-wr,30,2225,2800,0.013069744107502829
APO-wr,30,2225,2900,0.013069744107502829
APO-wr,30,2225,3000,0.013069744107502829
APO-wr,30,2225,3100,0.013069744107502829
APO-wr,30,2225,3200,0.013069744107502829
APO-wr,30,2225,3300,0.013069744107502829
APO-wr,30,2225,3400,0.013069744107502829
APO-wr,30,2225,3500,0.013069744107502829
APO-wr,30,2225,3600,0.013069744107502829
APO-wr,30,2225,3700,0.013069744107502829
APO-wr,30,2225,3800,0.013069744107502829
APO-wr,30,2225,3900,0.013069744107502829
APO-wr,30,2225,4000,0.013069744107502829
APO-wr,30,2225,4100,0.013063641183905725
APO-wr,30,2225,4200,0.013063641183905725
APO-wr,30,2225,4300,0.013063641183905725
APO-wr,30,2225,4400,0.013063641183905725
APO-wr,30,2225,4500,0.013022252724649078
APO-wr,30,2225,4600,0.013022252724649078
APO-wr,30,2225,4700,0.013022252724649078
APO-wr,30,2225,4800,0.013022252724649078
APO-wr,30,2225,4900,0.013022252724649078
APO-wr,30,2225,5000,0.013022252724649078
APO-wr,30,2225,5100,0.013022252724649078
APO-wr,30,2225,5200,0.013013897947130083
APO-wr,30,2225,5300,0.013013897947130083
APO-wr,30,2225,5400,0.013013897947130083
APO-wr,30,2225,5500,0.013013897947130083
APO-wr,30,2225,5600,0.013013897947130083
APO-wr,30,2225,5700,0.013013897947130083
APO-wr,30,2225,5800,0.013013897947130083
APO-wr,30,2225,5900,0.013013897947130083
APO-wr,30,2225,6000,0.013013897947130083
APO-wr,30,2225,6100,0.013013897947130083
APO-wr,30,2225,6200,0.013013897947130083
APO-wr,30,2225,6300,0.013013897947130083
APO-wr,30,2225,6400,0.013013897947130083
APO-wr,30,2225,6500,0.012975807365471407
APO-wr,30,2225,6600,0.01281454073941428
APO-wr,30,2225,6700,0.01281454073941428
APO-wr,30,2225,6800,0.012792993184434217
APO-wr,30,2225,6900,0.012792993184434217
APO-wr,30,2225,7000,0.012792993184434217
APO-wr,30,2225,7100,0.012792993184434217
APO-wr,30,2225,7200,0.012792993184434217
APO-wr,30,2225,7300,0.012792993184434217
APO-wr,30,2225,7400,0.012774221742860456
APO-wr,30,2225,7500,0.012774221742860456
APO-wr,30,2225,7600,0.012774221742860456
APO-wr,30,2225,7700,0.012774221742860456
APO-wr,30,2225,7800,0.012774221742860456
APO-wr,30,2225,7900,0.012774221742860456
APO-wr,30,2225,8000,0.012774221742860456
APO-wr,30,2225,8100,0.012774221742860456
APO-wr,30,2225,8200,0.012774221742860456
APO-wr,30,2225,8300,0.012703633879108934
APO-wr,30,2225,8400,0.012703633879108934
APO-wr,30,2225,8500,0.012703633879108934
APO-wr,30,2225,8600,0.012703633879108934
APO-wr,30,2225,8700,0.012703633879108934
APO-wr,30,2225,8800,0.012703633879108934
APO-wr,30,2225,8900,0.012703633879108934
APO-wr,30,2225,9000,0.012700267191497923
APO-wr,30,2225,9100,0.012700267191497923
APO-wr,30,2225,9200,0.012700267191497923
APO-wr,30,2225,9300,0.012700267191497923
APO-wr,30,2225,9400,0.012700267191497923
APO-wr,30,2225,9500,0.012700267191497923
APO-wr,30,2225,9600,0.012700267191497923
APO-wr,30,2225,9700,0.012700267191497923
APO-wr,30,2225,9800,0.012697987160004394
APO-wr,30,2225,9900,0.01269752125033304
APO-wr,30,2225,10000,0.012697176735507541
APO-DE,30,2225,100,0.111737931202471
APO-DE,30,2225,200,0.09792023023032019
APO-DE,30,2225,300,0.08223730272937388
APO-DE,30,2225,400,0.03433659908914703
APO-DE,30,2225,500,0.023790949078324748
APO-DE,30,2225,600,0.023790949078324748
APO-DE,30,2225,700,0.013227177917005891
APO-DE,30,2225,800,0.013227177917005891
APO-DE,30,2225,900,0.013227177917005891
APO-DE,30,2225,1000,0.013227177917005891
APO-DE,30,2225,1100,0.013227177917005891
APO-DE,30,2225,1200,0.013227177917005891
APO-DE,30,2225,1300,0.013227177917005891
APO-DE,30,2225,1400,0.01311206380103333
APO-DE,30,2225,1500,0.01311206380103333
APO-DE,30,2225,1600,0.01311206380103333
APO-DE,30,2225,1700,0.01311206380103333
APO-DE,30,2225,1800,0.01311206380103333
APO-DE,30,2225,1900,0.01311206380103333
APO-DE,30,2225,2000,0.01311206380103333
APO-DE,30,2225,2100,0.01311206380103333
APO-DE,30,2225,2200,0.01311206380103333
APO-DE,30,2225,2300,0.01311206380103333
APO-DE,30,2225,2400,0.01311206380103333
APO-DE,30,2225,2500,0.01311206380103333
APO-DE,30,2225,2600,0.01311206380103333
APO-DE,30,2225,2700,0.01311206380103333
APO-DE,30,2225,2800,0.01311206380103333
APO-DE,30,2225,2900,0.01311206380103333
APO-DE,30,2225,3000,0.01311206380103333
APO-DE,30,2225,3100,0.01311206380103333
APO-DE,30,2225,3200,0.01311206380103333
APO-DE,30,2225,3300,0.01311206380103333
APO-DE,30,2225,3400,0.01311206380103333
APO-DE,30,2225,3500,0.01311206380103333
APO-DE,30,2225,3600,0.01311206380103333
APO-DE,30,2225,3700,0.01311206380103333
APO-DE,30,2225,3800,0.01311206380103333
APO-DE,30,2225,3900,0.01311206380103333
APO-DE,30,2225,4000,0.01311206380103333
APO-DE,30,2225,4100,0.01311206380103333
APO-DE,30,2225,4200,0.01311206380103333
APO-DE,30,2225,4300,0.01311206380103333
APO-DE,30,2225,4400,0.013037902152968413
APO-DE,30,2225,4500,0.013037902152968413
APO-DE,30,2225,4600,0.013037902152968413
APO-DE,30,2225,4700,0.013037902152968413
APO-DE,30,2225,4800,0.013037902152968413
APO-DE,30,2225,4900,0.013037902152968413
APO-DE,30,2225,5000,0.013037902152968413
APO-DE,30,2225,5100,0.012993915041864687
APO-DE,30,2225,5200,0.012981671014302006
APO-DE,30,2225,5300,0.012981671014302006
APO-DE,30,2225,5400,0.012943903951124974
APO-DE,30,2225,5500,0.012943903951124974
APO-DE,30,2225,5600,0.012943903951124974
APO-DE,30,2225,5700,0.012764719112893846
APO-DE,30,2225,5800,0.012764719112893846
APO-DE,30,2225,5900,0.012758146006376172
APO-DE,30,2225,6000,0.012758146006376172
APO-DE,30,2225,6100,0.012758146006376172
APO-DE,30,2225,6200,0.012758146006376172
APO-DE,30,2225,6300,0.012758146006376172
APO-DE,30,2225,6400,0.012758146006376172
APO-DE,30,2225,6500,0.012758146006376172
APO-DE,30,2225,6600,0.012758146006376172
APO-DE,30,2225,6700,0.012758146006376172
APO-DE,30,2225,6800,0.012758146006376172
APO-DE,30,2225,6900,0.012758146006376172
APO-DE,30,2225,7000,0.012758146006376172
APO-DE,30,2225,7100,0.012758146006376172
APO-DE,30,2225,7200,0.012758146006376172
APO-DE,30,2225,7300,0.012758146006376172
APO-DE,30,2225,7400,0.012758146006376172
APO-DE,30,2225,7500,0.012757848741142401
APO-DE,30,2225,7600,0.012757848741142401
APO-DE,30,2225,7700,0.012742242335864634
APO-DE,30,2225,7800,0.012742242335864634
APO-DE,30,2225,7900,0.012719987414490916
APO-DE,30,2225,8000,0.012719987414490916
APO-DE,30,2225,8100,0.012719987414490916
APO-DE,30,2225,8200,0.012719987414490916
APO-DE,30,2225,8300,0.012719987414490916
APO-DE,30,2225,8400,0.012719987414490916
APO-DE,30,2225,8500,0.012704773415546655
APO-DE,30,2225,8600,0.012704773415546655
APO-DE,30,2225,8700,0.012704773415546655
APO-DE,30,2225,8800,0.012695806834932924
APO-DE,30,2225,8900,0.012695806834932924
APO-DE,30,2225,9000,0.012695806834932924
APO-DE,30,2225,9100,0.012695806834932924
APO-DE,30,2225,9200,0.012695806834932924
APO-DE,30,2225,9300,0.012695806834932924
APO-DE,30,2225,9400,0.012690369937258984
APO-DE,30,2225,9500,0.012690369937258984
APO-DE,30,2225,9600,0.012688028929478432
APO-DE,30,2225,9700,0.012688028929478432
APO-DE,30,2225,9800,0.012688028929478432
APO-DE,30,2225,9900,0.012688028929478432
APO-DE,30,2225,10000,0.012688028929478432
APO-LS,30,2225,100,0.111737931202471
APO-LS,30,2225,200,0.09792023023032019
APO-LS,30,2225,300,0.062017227739507075
APO-LS,30,2225,400,0.013425289464847594
APO-LS,30,2225,500,0.013425289464847594
APO-LS,30,2225,600,0.013425289464847594
APO-LS,30,2225,700,0.013425289464847594
APO-LS,30,2225,800,0.013312032248430493
APO-LS,30,2225,900,0.0130990873977951
APO-LS,30,2225,1000,0.0130990873977951
APO-LS,30,2225,1100,0.0130990873977951
APO-LS,30,2225,1200,0.0130990873977951
APO-LS,30,2225,1300,0.0130990873977951
APO-LS,30,2225,1400,0.0130990873977951
APO-LS,30,2225,1500,0.012940439365507605
APO-LS,30,2225,1600,0.012940439365507605
APO-LS,30,2225,1700,0.012940439365507605
APO-LS,30,2225,1800,0.012940439365507605
APO-LS,30,2225,1900,0.012940439365507605
APO-LS,30,2225,2000,0.012940439365507605
APO-LS,30,2225,2100,0.012940439365507605
APO-LS,30,2225,2200,0.012940439365507605
APO-LS,30,2225,2300,0.012940439365507605
APO-LS,30,2225,2400,0.012940439365507605
APO-LS,30,2225,2500,0.01283771900593679
APO-LS,30,2225,2600,0.01283771900593679
APO-LS,30,2225,2700,0.01283771900593679
APO-LS,30,2225,2800,0.01283771900593679
APO-LS,30,2225,2900,0.01283771900593679
APO-LS,30,2225,3000,0.01283771900593679
APO-LS,30,2225,3100,0.01283771900593679
APO-LS,30,2225,3200,0.01283771900593679
APO-LS,30,2225,3300,0.01283771900593679
APO-LS,30,2225,3400,0.01283771900593679
APO-LS,30,2225,3500,0.01283771900593679
APO-LS,30,2225,3600,0.01283771900593679
APO-LS,30,2225,3700,0.01283771900593679
APO-LS,30,2225,3800,0.01283771900593679
APO-LS,30,2225,3900,0.01283771900593679
APO-LS,30,2225,4000,0.01283771900593679
APO-LS,30,2225,4100,0.01283771900593679
APO-LS,30,2225,4200,0.01283771900593679
APO-LS,30,2225,4300,0.01283771900593679
APO-LS,30,2225,4400,0.01283771900593679
APO-LS,30,2225,4500,0.01283771900593679
APO-LS,30,2225,4600,0.01283771900593679
APO-LS,30,2225,4700,0.01283771900593679
APO-LS,30,2225,4800,0.01283771900593679
APO-LS,30,2225,4900,0.0128017987809589
APO-LS,30,2225,5000,0.0128017987809589
APO-LS,30,2225,5100,0.0128017987809589
APO-LS,30,2225,5200,0.0128017987809589
APO-LS,30,2225,5300,0.0128017987809589
APO-LS,30,2225,5400,0.0128017987809589
APO-LS,30,2225,5500,0.0128017987809589
APO-LS,30,2225,5600,0.0128017987809589
APO-LS,30,2225,5700,0.0128017987809589
APO-LS,30,2225,5800,0.0128017987809589
APO-LS,30,2225,5900,0.0128017987809589
APO-LS,30,2225,6000,0.0128017987809589
APO-LS,30,2225,6100,0.0128017987809589
APO-LS,30,2225,6200,0.0128017987809589
APO-LS,30,2225,6300,0.0128017987809589
APO-LS,30,2225,6400,0.0128017987809589
APO-LS,30,2225,6500,0.0128017987809589
APO-LS,30,2225,6600,0.0128017987809589
APO-LS,30,2225,6700,0.0128017987809589
APO-LS,30,2225,6800,0.0128017987809589
APO-LS,30,2225,6900,0.0128017987809589
APO-LS,30,2225,7000,0.0128017987809589
APO-LS,30,2225,7100,0.0128017987809589
APO-LS,30,2225,7200,0.0128017987809589
APO-LS,30,2225,7300,0.0128017987809589
APO-LS,30,2225,7400,0.0128017987809589
APO-LS,30,2225,7500,0.0128017987809589
APO-LS,30,2225,7600,0.0128017987809589
APO-LS,30,2225,7700,0.0128017987809589
APO-LS,30,2225,7800,0.0128017987809589
APO-LS,30,2225,7900,0.01274993705633426
APO-LS,30,2225,8000,0.01274993705633426
APO-LS,30,2225,8100,0.01274993705633426
APO-LS,30,2225,8200,0.01274993705633426
APO-LS,30,2225,8300,0.01274993705633426
APO-LS,30,2225,8400,0.01274993705633426
APO-LS,30,2225,8500,0.01274993705633426
APO-LS,30,2225,8600,0.01274993705633426
APO-LS,30,2225,8700,0.01274993705633426
APO-LS,30,2225,8800,0.01274993705633426
APO-LS,30,2225,8900,0.01274993705633426
APO-LS,30,2225,9000,0.01274993705633426
APO-LS,30,2225,9100,0.01274993705633426
APO-LS,30,2225,9200,0.01274993705633426
APO-LS,30,2225,9300,0.01274993705633426
APO-LS,30,2225,9400,0.01274509373232662
APO-LS,30,2225,9500,0.012741850261727774
APO-LS,30,2225,9600,0.012741850261727774
APO-LS,30,2225,9700,0.012741850261727774
APO-LS,30,2225,9800,0.012741850261727774
APO-LS,30,2225,9900,0.012741850261727774
APO-LS,30,2225,10000,0.012741850261727774
APO-PSO,30,2225,100,0.111737931202471
APO-PSO,30,2225,200,0.09792023023032019
APO-PSO,30,2225,300,0.025754349715907263
APO-PSO,30,2225,400,0.025754349715907263
APO-PSO,30,2225,500,0.021879278196407396
APO-PSO,30,2225,600,0.021879278196407396
APO-PSO,30,2225,700,0.021879278196407396
APO-PSO,30,2225,800,0.013426527533123409
APO-PSO,30,2225,900,0.013426527533123409
APO-PSO,30,2225,1000,0.013426527533123409
APO-PSO,30,2225,1100,0.013426527533123409
APO-PSO,30,2225,1200,0.013426527533123409
APO-PSO,30,2225,1300,0.013426527533123409
APO-PSO,30,2225,1400,0.013426527533123409
APO-PSO,30,2225,1500,0.013426527533123409
APO-PSO,30,2225,1600,0.013426527533123409
APO-PSO,30,2225,1700,0.013426527533123409
APO-PSO,30,2225,1800,0.013426527533123409
APO-PSO,30,2225,1900,0.013426527533123409
APO-PSO,30,2225,2000,0.013426527533123409
APO-PSO,30,2225,2100,0.013426527533123409
APO-PSO,30,2225,2200,0.013426527533123409
APO-PSO,30,2225,2300,0.013426527533123409
APO-PSO,30,2225,2400,0.013426527533123409
APO-PSO,30,2225,2500,0.013426527533123409
APO-PSO,30,2225,2600,0.013426527533123409
APO-PSO,30,2225,2700,0.013426527533123409
APO-PSO,30,2225,2800,0.013426527533123409
APO-PSO,30,2225,2900,0.013181666358597901
APO-PSO,30,2225,3000,0.013181666358597901
APO-PSO,30,2225,3100,0.013181666358597901
APO-PSO,30,2225,3200,0.013181666358597901
APO-PSO,30,2225,3300,0.013181666358597901
APO-PSO,30,2225,3400,0.013181666358597901
APO-PSO,30,2225,3500,0.013181666358597901
APO-PSO,30,2225,3600,0.013041228487345022
APO-PSO,30,2225,3700,0.012903696622487427
APO-PSO,30,2225,3800,0.012903696622487427
APO-PSO,30,2225,3900,0.012903696622487427
APO-PSO,30,2225,4000,0.012903696622487427
APO-PSO,30,2225,4100,0.012903696622487427
APO-PSO,30,2225,4200,0.012903696622487427
APO-PSO,30,2225,4300,0.012903696622487427
APO-PSO,30,2225,4400,0.012903696622487427
APO-PSO,30,2225,4500,0.012903696622487427
APO-PSO,30,2225,4600,0.012903696622487427
APO-PSO,30,2225,4700,0.012903696622487427
APO-PSO,30,2225,4800,0.012903696622487427
APO-PSO,30,2225,4900,0.012903696622487427
APO-PSO,30,2225,5000,0.012903696622487427
APO-PSO,30,2225,5100,0.012903696622487427
APO-PSO,30,2225,5200,0.012903696622487427
APO-PSO,30,2225,5300,0.012903696622487427
APO-PSO,30,2225,5400,0.012903696622487427
APO-PSO,30,2225,5500,0.012903696622487427
APO-PSO,30,2225,5600,0.012903696622487427
APO-PSO,30,2225,5700,0.012903696622487427
APO-PSO,30,2225,5800,0.012903696622487427
APO-PSO,30,2225,5900,0.012903696622487427
APO-PSO,30,2225,6000,0.012903696622487427
APO-PSO,30,2225,6100,0.012903696622487427
APO-PSO,30,2225,6200,0.012903696622487427
APO-PSO,30,2225,6300,0.012903696622487427
APO-PSO,30,2225,6400,0.012903696622487427
APO-PSO,30,2225,6500,0.012903696622487427
APO-PSO,30,2225,6600,0.012903696622487427
APO-PSO,30,2225,6700,0.012903696622487427
APO-PSO,30,2225,6800,0.012752405014494667
APO-PSO,30,2225,6900,0.012752405014494667
APO-PSO,30,2225,7000,0.012752405014494667
APO-PSO,30,2225,7100,0.012752405014494667
APO-PSO,30,2225,7200,0.012752405014494667
APO-PSO,30,2225,7300,0.012752405014494667
APO-PSO,30,2225,7400,0.012752405014494667
APO-PSO,30,2225,7500,0.012752405014494667
APO-PSO,30,2225,7600,0.012752405014494667
APO-PSO,30,2225,7700,0.012752405014494667
APO-PSO,30,2225,7800,0.012752405014494667
APO-PSO,30,2225,7900,0.012752405014494667
APO-PSO,30,2225,8000,0.012752405014494667
APO-PSO,30,2225,8100,0.012752405014494667
APO-PSO,30,2225,8200,0.012752405014494667
APO-PSO,30,2225,8300,0.012752405014494667
APO-PSO,30,2225,8400,0.012750786019778283
APO-PSO,30,2225,8500,0.012750786019778283
APO-PSO,30,2225,8600,0.012750786019778283
APO-PSO,30,2225,8700,0.012750786019778283
APO-PSO,30,2225,8800,0.012750786019778283
APO-PSO,30,2225,8900,0.012750786019778283
APO-PSO,30,2225,9000,0.012750786019778283
APO-PSO,30,2225,9100,0.012750786019778283
APO-PSO,30,2225,9200,0.012750786019778283
APO-PSO,30,2225,9300,0.012750786019778283
APO-PSO,30,2225,9400,0.012750786019778283
APO-PSO,30,2225,9500,0.012750786019778283
APO-PSO,30,2225,9600,0.012750786019778283
APO-PSO,30,2225,9700,0.012750786019778283
APO-PSO,30,2225,9800,0.012750786019778283
APO-PSO,30,2225,9900,0.012750712519123639
APO-PSO,30,2225,10000,0.012750712519123639
APO-wr-DE,30,2225,100,0.111737931202471
APO-wr-DE,30,2225,200,0.111737931202471
APO-wr-DE,30,2225,300,0.07961880078580501
APO-wr-DE,30,2225,400,0.018799413009038823
APO-wr-DE,30,2225,500,0.014997466410799059
APO-wr-DE,30,2225,600,0.014997466410799059
APO-wr-DE,30,2225,700,0.01388323930237675
APO-wr-DE,30,2225,800,0.01388323930237675
APO-wr-DE,30,2225,900,0.01388323930237675
APO-wr-DE,30,2225,1000,0.01388323930237675
APO-wr-DE,30,2225,1100,0.01388323930237675
APO-wr-DE,30,2225,1200,0.01388323930237675
APO-wr-DE,30,2225,1300,0.01388323930237675
APO-wr-DE,30,2225,1400,0.01388323930237675
APO-wr-DE,30,2225,1500,0.01388323930237675
APO-wr-DE,30,2225,1600,0.01388323930237675
APO-wr-DE,30,2225,1700,0.01388323930237675
APO-wr-DE,30,2225,1800,0.01388323930237675
APO-wr-DE,30,2225,1900,0.01388323930237675
APO-wr-DE,30,2225,2000,0.01388323930237675
APO-wr-DE,30,2225,2100,0.013870321123189974
APO-wr-DE,30,2225,2200,0.013483946229106309
APO-wr-DE,30,2225,2300,0.013483946229106309
APO-wr-DE,30,2225,2400,0.013483946229106309
APO-wr-DE,30,2225,2500,0.013483946229106309
APO-wr-DE,30,2225,2600,0.013483946229106309
APO-wr-DE,30,2225,2700,0.013483946229106309
APO-wr-DE,30,2225,2800,0.013099929758317114
APO-wr-DE,30,2225,2900,0.013099929758317114
APO-wr-DE,30,2225,3000,0.013099929758317114
APO-wr-DE,30,2225,3100,0.013099929758317114
APO-wr-DE,30,2225,3200,0.013099929758317114
APO-wr-DE,30,2225,3300,0.012865378590331083
APO-wr-DE,30,2225,3400,0.012865378590331083
APO-wr-DE,30,2225,3500,0.012865378590331083
APO-wr-DE,30,2225,3600,0.012865378590331083
APO-wr-DE,30,2225,3700,0.012818465269487163
APO-wr-DE,30,2225,3800,0.012818465269487163
APO-wr-DE,30,2225,3900,0.012818465269487163
APO-wr-DE,30,2225,4000,0.012818465269487163
APO-wr-DE,30,2225,4100,0.012818465269487163
APO-wr-DE,30,2225,4200,0.012818465269487163
APO-wr-DE,30,2225,4300,0.012818465269487163
APO-wr-DE,30,2225,4400,0.012818465269487163
APO-wr-DE,30,2225,4500,0.012818465269487163
APO-wr-DE,30,2225,4600,0.012818465269487163
APO-wr-DE,30,2225,4700,0.012818465269487163
APO-wr-DE,30,2225,4800,0.012818465269487163
APO-wr-DE,30,2225,4900,0.012818465269487163
APO-wr-DE,30,2225,5000,0.012818465269487163
APO-wr-DE,30,2225,5100,0.012818465269487163
APO-wr-DE,30,2225,5200,0.012818465269487163
APO-wr-DE,30,2225,5300,0.012818465269487163
APO-wr-DE,30,2225,5400,0.012818465269487163
APO-wr-DE,30,2225,5500,0.012818465269487163
APO-wr-DE,30,2225,5600,0.012818465269487163
APO-wr-DE,30,2225,5700,0.012769495247517047
APO-wr-DE,30,2225,5800,0.012765032367853084
APO-wr-DE,30,2225,5900,0.012765032367853084
APO-wr-DE,30,2225,6000,0.012765032367853084
APO-wr-DE,30,2225,6100,0.012765032367853084
APO-wr-DE,30,2225,6200,0.012765032367853084
APO-wr-DE,30,2225,6300,0.012765032367853084
APO-wr-DE,30,2225,6400,0.012765032367853084
APO-wr-DE,30,2225,6500,0.012765032367853084
APO-wr-DE,30,2225,6600,0.012765032367853084
APO-wr-DE,30,2225,6700,0.012765032367853084
APO-wr-DE,30,2225,6800,0.012765032367853084
APO-wr-DE,30,2225,6900,0.012765032367853084
APO-wr-DE,30,2225,7000,0.012765032367853084
APO-wr-DE,30,2225,7100,0.012765032367853084
APO-wr-DE,30,2225,7200,0.012765032367853084
APO-wr-DE,30,2225,7300,0.012765032367853084
APO-wr-DE,30,2225,7400,0.012765032367853084
APO-wr-DE,30,2225,7500,0.012765032367853084
APO-wr-DE,30,2225,7600,0.012765032367853084
APO-wr-DE,30,2225,7700,0.012765032367853084
APO-wr-DE,30,2225,7800,0.012765032367853084
APO-wr-DE,30,2225,7900,0.012763084586370507
APO-wr-DE,30,2225,8000,0.012763084586370507
APO-wr-DE,30,2225,8100,0.012763084586370507
APO-wr-DE,30,2225,8200,0.012763084586370507
APO-wr-DE,30,2225,8300,0.012738067452487917
APO-wr-DE,30,2225,8400,0.012721361649721015
APO-wr-DE,30,2225,8500,0.012721361649721015
APO-wr-DE,30,2225,8600,0.012721361649721015
APO-wr-DE,30,2225,8700,0.012721361649721015
APO-wr-DE,30,2225,8800,0.012721361649721015
APO-wr-DE,30,2225,8900,0.012721361649721015
APO-wr-DE,30,2225,9000,0.012721361649721015
APO-wr-DE,30,2225,9100,0.012721361649721015
APO-wr-DE,30,2225,9200,0.012721361649721015
APO-wr-DE,30,2225,9300,0.01271351795527448
APO-wr-DE,30,2225,9400,0.01271351795527448
APO-wr-DE,30,2225,9500,0.01271351795527448
APO-wr-DE,30,2225,9600,0.012706540395879087
APO-wr-DE,30,2225,9700,0.012706540395879087
APO-wr-DE,30,2225,9800,0.012705958689881575
APO-wr-DE,30,2225,9900,0.012705799150815336
APO-wr-DE,30,2225,10000,0.012705785226292197
APO-wr-LS,30,2225,100,0.111737931202471
APO-wr-LS,30,2225,200,0.111737931202471
APO-wr-LS,30,2225,300,0.111737931202471
APO-wr-LS,30,2225,400,0.111737931202471
APO-wr-LS,30,2225,500,0.04373422102202833
APO-wr-LS,30,2225,600,0.02749261780281118
APO-wr-LS,30,2225,700,0.02749261780281118
APO-wr-LS,30,2225,800,0.02558590697938372
APO-wr-LS,30,2225,900,0.0218665765600684
APO-wr-LS,30,2225,1000,0.01905493752525747
APO-wr-LS,30,2225,1100,0.01905493752525747
APO-wr-LS,30,2225,1200,0.01905493752525747
APO-wr-LS,30,2225,1300,0.013999435715483254
APO-wr-LS,30,2225,1400,0.013999435715483254
APO-wr-LS,30,2225,1500,0.013999435715483254
APO-wr-LS,30,2225,1600,0.013999435715483254
APO-wr-LS,30,2225,1700,0.013999435715483254
APO-wr-LS,30,2225,1800,0.013999435715483254
APO-wr-LS,30,2225,1900,0.012971294716546415
APO-wr-LS,30,2225,2000,0.012971294716546415
APO-wr-LS,30,2225,2100,0.012971294716546415
APO-wr-LS,30,2225,2200,0.012971294716546415
APO-wr-LS,30,2225,2300,0.012971294716546415
APO-wr-LS,30,2225,2400,0.012971294716546415
APO-wr-LS,30,2225,2500,0.012971294716546415
APO-wr-LS,30,2225,2600,0.012971294716546415
APO-wr-LS,30,2225,2700,0.012971294716546415
APO-wr-LS,30,2225,2800,0.012971294716546415
APO-wr-LS,30,2225,2900,0.012971294716546415
APO-wr-LS,30,2225,3000,0.012971294716546415
APO-wr-LS,30,2225,3100,0.012971294716546415
APO-wr-LS,30,2225,3200,0.012971294716546415
APO-wr-LS,30,2225,3300,0.012971294716546415
APO-wr-LS,30,2225,3400,0.012971294716546415
APO-wr-LS,30,2225,3500,0.012971294716546415
APO-wr-LS,30,2225,3600,0.012971294716546415
APO-wr-LS,30,2225,3700,0.012971294716546415
APO-wr-LS,30,2225,3800,0.012971294716546415
APO-wr-LS,30,2225,3900,0.012971294716546415
APO-wr-LS,30,2225,4000,0.012971294716546415
APO-wr-LS,30,2225,4100,0.012971294716546415
APO-wr-LS,30,2225,4200,0.012971294716546415
APO-wr-LS,30,2225,4300,0.012971294716546415
APO-wr-LS,30,2225,4400,0.012971294716546415
APO-wr-LS,30,2225,4500,0.012971294716546415
APO-wr-LS,30,2225,4600,0.012971294716546415
APO-wr-LS,30,2225,4700,0.012971294716546415
APO-wr-LS,30,2225,4800,0.012971294716546415
APO-wr-LS,30,2225,4900,0.012971294716546415
APO-wr-LS,30,2225,5000,0.012971294716546415
APO-wr-LS,30,2225,5100,0.012971294716546415
APO-wr-LS,30,2225,5200,0.012971294716546415
APO-wr-LS,30,2225,5300,0.012971294716546415
APO-wr-LS,30,2225,5400,0.012971294716546415
APO-wr-LS,30,2225,5500,0.012971294716546415
APO-wr-LS,30,2225,5600,0.012971294716546415
APO-wr-LS,30,2225,5700,0.012971294716546415
APO-wr-LS,30,2225,5800,0.012971294716546415
APO-wr-LS,30,2225,5900,0.012971294716546415
APO-wr-LS,30,2225,6000,0.012872307909321184
APO-wr-LS,30,2225,6100,0.012872307909321184
APO-wr-LS,30,2225,6200,0.012872307909321184
APO-wr-LS,30,2225,6300,0.012872307909321184
APO-wr-LS,30,2225,6400,0.012872307909321184
APO-wr-LS,30,2225,6500,0.012872307909321184
APO-wr-LS,30,2225,6600,0.012872307909321184
APO-wr-LS,30,2225,6700,0.012872307909321184
APO-wr-LS,30,2225,6800,0.012872307909321184
APO-wr-LS,30,2225,6900,0.012872307909321184
APO-wr-LS,30,2225,7000,0.012872307909321184
APO-wr-LS,30,2225,7100,0.012872307909321184
APO-wr-LS,30,2225,7200,0.012872307909321184
APO-wr-LS,30,2225,7300,0.012872307909321184
APO-wr-LS,30,2225,7400,0.012762523643489199
APO-wr-LS,30,2225,7500,0.012762523643489199
APO-wr-LS,30,2225,7600,0.012762523643489199
APO-wr-LS,30,2225,7700,0.012762523643489199
APO-wr-LS,30,2225,7800,0.012762523643489199
APO-wr-LS,30,2225,7900,0.012762523643489199
APO-wr-LS,30,2225,8000,0.012762523643489199
APO-wr-LS,30,2225,8100,0.012762523643489199
APO-wr-LS,30,2225,8200,0.012762523643489199
APO-wr-LS,30,2225,8300,0.012762523643489199
APO-wr-LS,30,2225,8400,0.012762523643489199
APO-wr-LS,30,2225,8500,0.012759338392734076
APO-wr-LS,30,2225,8600,0.012759338392734076
APO-wr-LS,30,2225,8700,0.012759338392734076
APO-wr-LS,30,2225,8800,0.012759338392734076
APO-wr-LS,30,2225,8900,0.012759338392734076
APO-wr-LS,30,2225,9000,0.012759338392734076
APO-wr-LS,30,2225,9100,0.012759338392734076
APO-wr-LS,30,2225,9200,0.012758130322822697
APO-wr-LS,30,2225,9300,0.012758130322822697
APO-wr-LS,30,2225,9400,0.012751253340052005
APO-wr-LS,30,2225,9500,0.012751253340052005
APO-wr-LS,30,2225,9600,0.012751253340052005
APO-wr-LS,30,2225,9700,0.012750301683320829
APO-wr-LS,30,2225,9800,0.012745981438121192
APO-wr-LS,30,2225,9900,0.012745561275880137
APO-wr-LS,30,2225,10000,0.012745386532018937
APO-wr-PSO,30,2225,100,0.111737931202471
APO-wr-PSO,30,2225,200,0.111737931202471
APO-wr-PSO,30,2225,300,0.03627371995510237
APO-wr-PSO,30,2225,400,0.03313570263254501
APO-wr-PSO,30,2225,500,0.025684437384150816
APO-wr-PSO,30,2225,600,0.020158840485111088
APO-wr-PSO,30,2225,700,0.0162787529698916
APO-wr-PSO,30,2225,800,0.01481080054087911
APO-wr-PSO,30,2225,900,0.01481080054087911
APO-wr-PSO,30,2225,1000,0.01481080054087911
APO-wr-PSO,30,2225,1100,0.014073302564088942
APO-wr-PSO,30,2225,1200,0.014073302564088942
APO-wr-PSO,30,2225,1300,0.014073302564088942
APO-wr-PSO,30,2225,1400,0.014073302564088942
APO-wr-PSO,30,2225,1500,0.013647035595010914
APO-wr-PSO,30,2225,1600,0.013647035595010914
APO-wr-PSO,30,2225,1700,0.013647035595010914
APO-wr-PSO,30,2225,1800,0.013647035595010914
APO-wr-PSO,30,2225,1900,0.013647035595010914
APO-wr-PSO,30,2225,2000,0.013647035595010914
APO-wr-PSO,30,2225,2100,0.013647035595010914
APO-wr-PSO,30,2225,2200,0.013647035595010914
APO-wr-PSO,30,2225,2300,0.013647035595010914
APO-wr-PSO,30,2225,2400,0.013647035595010914
APO-wr-PSO,30,2225,2500,0.013647035595010914
APO-wr-PSO,30,2225,2600,0.013643975111861864
APO-wr-PSO,30,2225,2700,0.013643975111861864
APO-wr-PSO,30,2225,2800,0.013643975111861864
APO-wr-PSO,30,2225,2900,0.013643975111861864
APO-wr-PSO,30,2225,3000,0.013643975111861864
APO-wr-PSO,30,2225,3100,0.013643975111861864
APO-wr-PSO,30,2225,3200,0.013643975111861864
APO-wr-PSO,30,2225,3300,0.013643975111861864
APO-wr-PSO,30,2225,3400,0.013643975111861864
APO-wr-PSO,30,2225,3500,0.013643975111861864
APO-wr-PSO,30,2225,3600,0.013402251455914168
APO-wr-PSO,30,2225,3700,0.013402251455914168
APO-wr-PSO,30,2225,3800,0.013402251455914168
APO-wr-PSO,30,2225,3900,0.013360497367879079
APO-wr-PSO,30,2225,4000,0.013360497367879079
APO-wr-PSO,30,2225,4100,0.013360497367879079
APO-wr-PSO,30,2225,4200,0.013360497367879079
APO-wr-PSO,30,2225,4300,0.013360497367879079
APO-wr-PSO,30,2225,4400,0.013360497367879079
APO-wr-PSO,30,2225,4500,0.013360497367879079
APO-wr-PSO,30,2225,4600,0.013360497367879079
APO-wr-PSO,30,2225,4700,0.013254498739611237
APO-wr-PSO,30,2225,4800,0.013254498739611237
APO-wr-PSO,30,2225,4900,0.013254498739611237
APO-wr-PSO,30,2225,5000,0.013140827278056535
APO-wr-PSO,30,2225,5100,0.013140827278056535
APO-wr-PSO,30,2225,5200,0.013140827278056535
APO-wr-PSO,30,2225,5300,0.01306800679406343
APO-wr-PSO,30,2225,5400,0.01306800679406343
APO-wr-PSO,30,2225,5500,0.01306800679406343
APO-wr-PSO,30,2225,5600,0.01306800679406343
APO-wr-PSO,30,2225,5700,0.01306800679406343
APO-wr-PSO,30,2225,5800,0.012915043390848709
APO-wr-PSO,30,2225,5900,0.012915043390848709
APO-wr-PSO,30,2225,6000,0.012915043390848709
APO-wr-PSO,30,2225,6100,0.012915043390848709
APO-wr-PSO,30,2225,6200,0.012915043390848709
APO-wr-PSO,30,2225,6300,0.012915043390848709
APO-wr-PSO,30,2225,6400,0.012915043390848709
APO-wr-PSO,30,2225,6500,0.012915043390848709
APO-wr-PSO,30,2225,6600,0.012915043390848709
APO-wr-PSO,30,2225,6700,0.012858900639555271
APO-wr-PSO,30,2225,6800,0.012858900639555271
APO-wr-PSO,30,2225,6900,0.012858900639555271
APO-wr-PSO,30,2225,7000,0.012858900639555271
APO-wr-PSO,30,2225,7100,0.012858900639555271
APO-wr-PSO,30,2225,7200,0.012858900639555271
APO-wr-PSO,30,2225,7300,0.012858900639555271
APO-wr-PSO,30,2225,7400,0.012858900639555271
APO-wr-PSO,30,2225,7500,0.012858900639555271
APO-wr-PSO,30,2225,7600,0.012858900639555271
APO-wr-PSO,30,2225,7700,0.012858900639555271
APO-wr-PSO,30,2225,7800,0.012858900639555271
APO-wr-PSO,30,2225,7900,0.012848050852076399
APO-wr-PSO,30,2225,8000,0.012848050852076399
APO-wr-PSO,30,2225,8100,0.012848050852076399
APO-wr-PSO,30,2225,8200,0.012848050852076399
APO-wr-PSO,30,2225,8300,0.012846519590061714
APO-wr-PSO,30,2225,8400,0.012845261575447917
APO-wr-PSO,30,2225,8500,0.012845261575447917
APO-wr-PSO,30,2225,8600,0.012845261575447917
APO-wr-PSO,30,2225,8700,0.012845261575447917
APO-wr-PSO,30,2225,8800,0.012845261575447917
APO-wr-PSO,30,2225,8900,0.012845261575447917
APO-wr-PSO,30,2225,9000,0.012845261575447917
APO-wr-PSO,30,2225,9100,0.012845261575447917
APO-wr-PSO,30,2225,9200,0.012845261575447917
APO-wr-PSO,30,2225,9300,0.012845261575447917
APO-wr-PSO,30,2225,9400,0.012840618762178835
APO-wr-PSO,30,2225,9500,0.012835184537218236
APO-wr-PSO,30,2225,9600,0.012835184537218236
APO-wr-PSO,30,2225,9700,0.012834705120080546
APO-wr-PSO,30,2225,9800,0.012832531641827422
APO-wr-PSO,30,2225,9900,0.012832531641827422
APO-wr-PSO,30,2225,10000,0.012832531641827422
